diseaseNID,diseaseId,diseaseName,type
3,C0000731,Abdomen distended,phenotype
6,C0000737,Abdominal Pain,phenotype
7,C0000744,Abetalipoproteinemia,disease
8,C0000768,Congenital Abnormality,group
10,C0000772,Multiple congenital anomalies,group
11,C0000786,Spontaneous abortion,phenotype
14,C0000822,"Abortion, Tubal",phenotype
19,C0000887,Acantholysis,phenotype
20,C0000889,Acanthosis Nigricans,disease
21,C0000921,Accidental Falls,phenotype
22,C0001075,Achlorhydria,phenotype
24,C0001080,Achondroplasia,disease
26,C0001125,"Acidosis, Lactic",phenotype
27,C0001126,Renal tubular acidosis,phenotype
28,C0001127,"Acidosis, Respiratory",phenotype
30,C0001144,Acne Vulgaris,disease
32,C0001175,Acquired Immunodeficiency Syndrome,group
33,C0001193,Apert syndrome,disease
44,C0001339,Acute pancreatitis,disease
47,C0001349,Acute-Phase Reaction,phenotype
50,C0001364,Massive Hepatic Necrosis,phenotype
51,C0001403,Addison Disease,disease
53,C0001418,Adenocarcinoma,group
54,C0001420,Papillary adenocarcinoma,disease
57,C0001430,Adenoma,group
67,C0001576,Adnexal Diseases,group
69,C0001618,Tumors of Adrenal Cortex,group
72,C0001623,Adrenal gland hypofunction,phenotype
74,C0001627,Congenital adrenal hyperplasia,disease
77,C0001723,"Affective Disorders, Psychotic",group
79,C0001733,Afibrinogenemia,disease
81,C0001768,Agammaglobulinemia,disease
82,C0001787,"Osteoporosis, Age-Related",disease
83,C0001807,Aggressive behavior,phenotype
85,C0001815,Primary Myelofibrosis,disease
86,C0001816,Agnosia,disease
88,C0001824,Agranulocytosis,disease
91,C0001849,AIDS Dementia Complex,disease
95,C0001890,Akinetic Petit Mal,disease
96,C0001916,Albinism,disease
97,C0001925,Albuminuria,phenotype
98,C0001948,Alcohol consumption,phenotype
99,C0001956,Alcohol Use Disorder,disease
100,C0001957,Alcohol Withdrawal Delirium,disease
101,C0001969,Alcoholic Intoxication,disease
102,C0001973,"Alcoholic Intoxication, Chronic",disease
108,C0002066,Alkaptonuria,disease
111,C0002152,Alloxan Diabetes,disease
112,C0002170,Alopecia,disease
113,C0002171,Alopecia Areata,disease
114,C0002312,alpha-Thalassemia,disease
117,C0002390,Extrinsic allergic alveolitis,group
118,C0002395,Alzheimer's Disease,disease
119,C0002418,Amblyopia,phenotype
122,C0002448,Ameloblastoma,disease
123,C0002452,Amelogenesis Imperfecta,disease
124,C0002453,Amenorrhea,phenotype
125,C0002514,"Amino Acid Metabolism, Inborn Errors",group
133,C0002726,Amyloidosis,disease
134,C0002735,Oppenheim's Disease,disease
135,C0002736,Amyotrophic Lateral Sclerosis,disease
141,C0002871,Anemia,disease
143,C0002874,Aplastic Anemia,disease
144,C0002875,Cooley's anemia,disease
146,C0002878,"Anemia, Hemolytic",disease
148,C0002880,Autoimmune hemolytic anemia,disease
150,C0002882,"Anemia, Hemolytic, Congenital Nonspherocytic",disease
153,C0002886,"Anemia, Macrocytic",disease
154,C0002888,"Anemia, Megaloblastic",disease
159,C0002893,Refractory anemias,disease
161,C0002895,"Anemia, Sickle Cell",disease
162,C0002896,Sideroblastic anemia,disease
164,C0002902,Anencephaly,disease
166,C0002940,Aneurysm,disease
168,C0002957,Anger,phenotype
170,C0002962,Angina Pectoris,phenotype
172,C0002965,"Angina, Unstable",disease
173,C0002982,Angioid Streaks,disease
175,C0002986,Fabry Disease,disease
179,C0002994,Angioedema,phenotype
180,C0003028,Anhidrosis,disease
181,C0003076,Aniridia,disease
185,C0003089,Ankylosing spondylitis and other inflammatory spondylopathies,disease
188,C0003119,Anophthalmos,disease
189,C0003123,Anorexia,disease
190,C0003125,Anorexia Nervosa,disease
191,C0003126,Anosmia,phenotype
192,C0003128,Anovulation,phenotype
193,C0003129,Anoxemia,phenotype
194,C0003130,Anoxia,phenotype
200,C0003257,Antibody Deficiency Syndrome,disease
202,C0003460,Anuria,phenotype
204,C0003466,"Anus, Imperforate",disease
205,C0003467,Anxiety,disease
206,C0003469,Anxiety Disorders,group
208,C0003486,Aortic Aneurysm,disease
209,C0003492,Aortic coarctation,disease
212,C0003499,Supravalvular aortic stenosis,disease
213,C0003504,Aortic Valve Insufficiency,disease
219,C0003537,Aphasia,disease
220,C0003546,"Aphasia, Acquired",disease
223,C0003578,Apnea,phenotype
225,C0003615,Appendicitis,disease
227,C0003635,Apraxias,group
229,C0003706,Arachnodactyly,disease
232,C0003742,Arcus Senilis,disease
234,C0003803,Arnold Chiari Malformation,disease
236,C0003811,Cardiac Arrhythmia,phenotype
238,C0003838,Arterial Occlusive Diseases,group
239,C0003850,Arteriosclerosis,disease
240,C0003851,Arteriosclerosis Obliterans,disease
241,C0003855,Arteriovenous fistula,phenotype
242,C0003857,Congenital arteriovenous malformation,disease
244,C0003862,Arthralgia,phenotype
245,C0003864,Arthritis,disease
246,C0003865,"Arthritis, Adjuvant-Induced",disease
247,C0003868,"Arthritis, Gouty",disease
248,C0003869,"Arthritis, Infectious",group
249,C0003872,"Arthritis, Psoriatic",disease
250,C0003873,Rheumatoid Arthritis,disease
252,C0003886,Arthrogryposis,disease
257,C0003949,Asbestosis,disease
259,C0003962,Ascites,phenotype
264,C0004045,Asphyxia Neonatorum,disease
268,C0004096,Asthma,disease
270,C0004106,Astigmatism,disease
271,C0004114,Astrocytoma,disease
272,C0004134,Ataxia,phenotype
273,C0004135,Ataxia Telangiectasia,disease
275,C0004144,Atelectasis,phenotype
276,C0004153,Atherosclerosis,disease
277,C0004158,Athetosis,phenotype
278,C0004238,Atrial Fibrillation,disease
279,C0004239,Atrial Flutter,phenotype
285,C0004352,Autistic Disorder,disease
286,C0004364,Autoimmune Diseases,group
287,C0004368,Autoimmune state,phenotype
291,C0004509,Azoospermia,disease
294,C0004604,Back Pain,phenotype
298,C0004623,Bacterial Infections,group
299,C0004626,"Pneumonia, Bacterial",group
302,C0004681,Bagassosis,disease
305,C0004763,Barrett Esophagus,disease
307,C0004775,Bartter Disease,disease
308,C0004779,Basal Cell Nevus Syndrome,disease
309,C0004782,Basal Ganglia Diseases,group
310,C0004903,Beckwith-Wiedemann Syndrome,disease
312,C0004936,Mental disorders,group
314,C0004943,Behcet Syndrome,disease
321,C0005129,Bernard-Soulier Syndrome,disease
323,C0005138,Berylliosis,disease
325,C0005283,beta Thalassemia,disease
328,C0005398,"Cholestasis, Extrahepatic",disease
330,C0005411,Biliary Atresia,disease
332,C0005426,Biliary Tract Neoplasm,disease
333,C0005586,Bipolar Disorder,disease
334,C0005587,"Depression, Bipolar",disease
335,C0005612,Birth Weight,phenotype
337,C0005684,Malignant neoplasm of urinary bladder,disease
340,C0005694,Bladder neck obstruction,disease
341,C0005695,Bladder Neoplasm,disease
342,C0005697,Neurogenic Urinary Bladder,disease
346,C0005741,Blepharitis,disease
348,C0005744,Blepharophimosis,disease
349,C0005745,Blepharoptosis,disease
350,C0005747,Blepharospasm,disease
353,C0005758,Bulla,phenotype
354,C0005779,Blood Coagulation Disorders,group
356,C0005818,Blood Platelet Disorders,group
357,C0005823,Blood Pressure,phenotype
358,C0005833,Blood Sedimentation,phenotype
359,C0005845,Blood urea nitrogen measurement,phenotype
360,C0005848,Blood Viscosity,phenotype
361,C0005859,Bloom Syndrome,disease
365,C0005890,Body Height,phenotype
366,C0005893,Body mass index procedure,phenotype
369,C0005910,Body Weight,phenotype
371,C0005937,Bone Cysts,disease
372,C0005938,Bone Density,phenotype
373,C0005940,Bone Diseases,group
374,C0005941,"Bone Diseases, Developmental",group
379,C0005974,Bone Resorption,phenotype
381,C0006009,Borderline intellectual disability,disease
384,C0006023,Borna Disease,disease
387,C0006079,Bowen's Disease,disease
394,C0006114,Cerebral Edema,phenotype
395,C0006118,Brain Neoplasms,group
397,C0006142,Malignant neoplasm of breast,disease
398,C0006144,Breast Cyst,disease
399,C0006145,Breast Diseases,group
403,C0006262,Bronchial Fistula,disease
405,C0006266,Bronchospasm,disease
406,C0006267,Bronchiectasis,disease
407,C0006271,Bronchiolitis,disease
408,C0006272,Bronchiolitis Obliterans,disease
410,C0006277,Bronchitis,disease
413,C0006287,Bronchopulmonary Dysplasia,disease
416,C0006325,Bruxism,phenotype
417,C0006370,Bulimia,disease
418,C0006384,Bundle-Branch Block,disease
420,C0006413,Burkitt Lymphoma,disease
424,C0006625,Cachexia,phenotype
425,C0006635,Cadmium poisoning,disease
426,C0006663,Calcinosis,phenotype
431,C0006826,Malignant Neoplasms,group
433,C0006845,"Candidiasis, Chronic Mucocutaneous",disease
447,C0007095,Carcinoid Tumor,phenotype
448,C0007097,Carcinoma,group
449,C0007102,Malignant tumor of colon,disease
450,C0007103,Malignant neoplasm of endometrium,disease
453,C0007112,Adenocarcinoma of prostate,disease
454,C0007113,Rectal Carcinoma,disease
455,C0007114,Malignant neoplasm of skin,disease
457,C0007117,Basal cell carcinoma,disease
459,C0007120,Bronchioloalveolar Adenocarcinoma,disease
461,C0007124,Noninfiltrating Intraductal Carcinoma,disease
462,C0007125,"Carcinoma, Ehrlich Tumor",disease
463,C0007129,Merkel cell carcinoma,disease
464,C0007130,Mucinous Adenocarcinoma,disease
465,C0007131,Non-Small Cell Lung Carcinoma,disease
466,C0007133,"Carcinoma, Papillary",disease
467,C0007134,Renal Cell Carcinoma,disease
469,C0007137,Squamous cell carcinoma,disease
470,C0007138,"Carcinoma, Transitional Cell",disease
473,C0007177,Cardiac Tamponade,disease
475,C0007193,"Cardiomyopathy, Dilated",group
476,C0007194,Hypertrophic Cardiomyopathy,disease
477,C0007196,Restrictive cardiomyopathy,disease
478,C0007222,Cardiovascular Diseases,group
479,C0007273,Carotid Artery Diseases,group
480,C0007274,Carotid Artery Thrombosis,disease
482,C0007282,Carotid Stenosis,disease
483,C0007286,Carpal Tunnel Syndrome,disease
486,C0007370,Catalepsy,disease
492,C0007570,Celiac Disease,disease
493,C0007621,Neoplastic Cell Transformation,phenotype
494,C0007642,Cellulitis,phenotype
501,C0007758,Cerebellar Ataxia,phenotype
502,C0007760,Cerebellar Diseases,group
505,C0007766,Intracranial Aneurysm,disease
512,C0007785,Cerebral Infarction,disease
513,C0007786,Brain Ischemia,disease
514,C0007787,Transient Ischemic Attack,disease
515,C0007789,Cerebral Palsy,disease
516,C0007795,Diffuse Cerebral Sclerosis of Schilder,disease
522,C0007859,Neck Pain,phenotype
528,C0007873,Uterine Cervical Neoplasm,disease
530,C0007930,Chagas Cardiomyopathy,disease
532,C0007933,Meibomian Cyst,disease
535,C0007959,Charcot-Marie-Tooth Disease,disease
536,C0007965,Chediak-Higashi Syndrome,disease
538,C0008029,Cherubism,disease
539,C0008031,Chest Pain,phenotype
547,C0008073,Developmental Disabilities,group
548,C0008074,"Child Development Disorders, Pervasive",group
552,C0008297,Choanal Atresia,disease
556,C0008311,Cholangitis,disease
557,C0008312,Primary biliary cirrhosis,disease
558,C0008313,"Cholangitis, Sclerosing",disease
559,C0008325,Cholecystitis,disease
560,C0008340,Choledochal Cyst,disease
561,C0008350,Cholelithiasis,disease
564,C0008370,Cholestasis,disease
565,C0008372,Intrahepatic Cholestasis,disease
566,C0008373,Cholesteatoma,disease
574,C0008479,Chondrosarcoma,disease
575,C0008487,Chordoma,disease
576,C0008489,Chorea,phenotype
579,C0008497,Choriocarcinoma,disease
586,C0008533,Hemophilia B,disease
591,C0008677,"Bronchitis, Chronic",disease
596,C0008701,Chronic Motor or Vocal Tic Disorder,phenotype
599,C0008728,Eosinophilic granulomatosis with polyangiitis,disease
603,C0008780,Ciliary Motility Disorders,group
604,C0008810,Circadian Rhythms,phenotype
606,C0008924,Cleft upper lip,disease
607,C0008925,Cleft Palate,disease
608,C0008928,Cleidocranial Dysplasia,disease
609,C0009021,Clonorchiasis,disease
610,C0009024,Clonus,phenotype
612,C0009080,Clubbed Fingers,disease
613,C0009081,Congenital clubfoot,disease
617,C0009088,Cluster Headache,disease
619,C0009171,Cocaine Abuse,disease
625,C0009207,Cockayne Syndrome,disease
627,C0009241,Cognition Disorders,group
628,C0009319,Colitis,disease
629,C0009324,Ulcerative Colitis,disease
631,C0009363,Congenital ocular coloboma (disorder),disease
634,C0009375,Colonic Neoplasms,group
635,C0009376,Colonic Polyps,phenotype
636,C0009398,Color vision defect,phenotype
637,C0009402,Colorectal Carcinoma,disease
638,C0009404,Colorectal Neoplasms,group
639,C0009405,Hereditary Nonpolyposis Colorectal Neoplasms,group
640,C0009421,Comatose,phenotype
645,C0009447,Common Variable Immunodeficiency,disease
646,C0009451,Communicating Hydrocephalus,disease
647,C0009460,Communication impairment,phenotype
651,C0009676,Confusion,phenotype
654,C0009691,Congenital cataract,disease
656,C0009714,"Hepatic Fibrosis, Congenital",disease
658,C0009759,Conjunctival Diseases,group
660,C0009763,Conjunctivitis,disease
662,C0009766,Allergic Conjunctivitis,disease
666,C0009782,Connective Tissue Diseases,group
668,C0009806,Constipation,phenotype
672,C0009928,Contrast Sensitivity,phenotype
674,C0009952,Febrile Convulsions,disease
678,C0010036,Corneal dystrophy,disease
679,C0010038,Corneal Opacity,phenotype
682,C0010051,Coronary Aneurysm,disease
683,C0010054,Coronary Arteriosclerosis,disease
684,C0010068,Coronary heart disease,disease
685,C0010072,Coronary Thrombosis,disease
688,C0010093,Corpus Luteum Cyst,disease
689,C0010200,Coughing,phenotype
695,C0010276,Craniopharyngioma,disease
696,C0010278,Craniosynostosis,disease
697,C0010308,Congenital Hypothyroidism,disease
698,C0010314,Cri-du-Chat Syndrome,disease
699,C0010324,"Crigler Najjar syndrome, type 1",disease
701,C0010346,Crohn Disease,disease
707,C0010417,Cryptorchidism,disease
710,C0010481,Cushing Syndrome,disease
711,C0010495,Cutis Laxa,disease
712,C0010520,Cyanosis,phenotype
714,C0010606,Adenoid Cystic Carcinoma,disease
721,C0010674,Cystic Fibrosis,disease
723,C0010691,Cystinuria,disease
724,C0010692,Cystitis,disease
727,C0010709,Cyst,disease
728,C0010823,Cytomegalovirus Infections,group
730,C0010964,Dandy-Walker Syndrome,disease
731,C0011052,Prelingual Deafness,disease
732,C0011053,Deafness,phenotype
734,C0011071,Sudden death,phenotype
738,C0011168,Deglutition Disorders,group
739,C0011175,Dehydration,phenotype
740,C0011195,Dejerine-Sottas Disease (disorder),disease
741,C0011206,Delirium,disease
746,C0011265,Presenile dementia,disease
748,C0011269,"Dementia, Vascular",disease
750,C0011303,Demyelinating Diseases,group
751,C0011304,Demyelination,phenotype
752,C0011311,Dengue Fever,disease
755,C0011334,Dental caries,disease
756,C0011351,Dental Enamel Hypoplasia,disease
761,C0011428,Dentigerous Cyst,disease
762,C0011430,Dentin Dysplasia,disease
765,C0011436,Dentinogenesis Imperfecta,disease
768,C0011570,Mental Depression,disease
769,C0011573,Endogenous depression,disease
770,C0011574,Involutional Depression,disease
772,C0011581,Depressive disorder,disease
774,C0011606,Exfoliative dermatitis,disease
775,C0011608,Dermatitis Herpetiformis,disease
776,C0011609,Drug Eruptions,group
777,C0011615,"Dermatitis, Atopic",disease
778,C0011616,Contact Dermatitis,disease
781,C0011633,Dermatomyositis,disease
786,C0011757,Developmental Coordination Disorder,disease
787,C0011813,Dextrocardia,disease
788,C0011847,Diabetes,disease
789,C0011848,Diabetes Insipidus,disease
790,C0011849,Diabetes Mellitus,group
791,C0011853,"Diabetes Mellitus, Experimental",disease
792,C0011854,"Diabetes Mellitus, Insulin-Dependent",disease
793,C0011859,Lipoatrophic Diabetes Mellitus,disease
794,C0011860,"Diabetes Mellitus, Non-Insulin-Dependent",disease
796,C0011875,Diabetic Angiopathies,disease
798,C0011880,Diabetic Ketoacidosis,disease
799,C0011881,Diabetic Nephropathy,disease
800,C0011882,Diabetic Neuropathies,group
801,C0011884,Diabetic Retinopathy,disease
802,C0011904,"Diagnostic Techniques, Cardiovascular",phenotype
803,C0011981,Diaphragmatic Eventration,disease
805,C0011991,Diarrhea,phenotype
811,C0012236,DiGeorge Syndrome,disease
812,C0012241,Congenital anomaly of gastrointestinal tract,group
817,C0012569,Diplopia,phenotype
823,C0012715,Iron Metabolism Disorders,group
824,C0012716,Disorder of magnesium metabolism,group
827,C0012739,Disseminated Intravascular Coagulation,disease
831,C0012811,Colon diverticulum anatomic structure,phenotype
837,C0013069,Double Outlet Right Ventricle,disease
838,C0013080,Down Syndrome,disease
839,C0013124,Drinking behavior processes,disease
840,C0013132,Drooling,phenotype
841,C0013144,Drowsiness,phenotype
842,C0013146,Drug abuse,group
843,C0013170,Drug habituation,phenotype
844,C0013182,Drug Allergy,group
845,C0013221,Drug toxicity,group
846,C0013222,Drug Use Disorders,group
847,C0013238,Dry Eye Syndromes,disease
848,C0013261,Duane Retraction Syndrome,disease
849,C0013264,"Muscular Dystrophy, Duchenne",disease
850,C0013274,Patent ductus arteriosus,disease
854,C0013295,Duodenal Ulcer,disease
856,C0013312,Dupuytren Contracture,disease
857,C0013336,Dwarfism,disease
858,C0013338,Pituitary dwarfism,disease
859,C0013362,Dysarthria,disease
860,C0013363,Dysautonomia,disease
861,C0013364,"Dysautonomia, Familial",disease
862,C0013366,Dyschondroplasias,group
866,C0013374,Dysgammaglobulinemia,disease
869,C0013384,Dyskinetic syndrome,disease
870,C0013386,"Dyskinesia, Drug-Induced",disease
871,C0013390,Dysmenorrhea,phenotype
876,C0013404,Dyspnea,phenotype
877,C0013405,"Dyspnea, Paroxysmal",disease
878,C0013409,Dyssocial Behavior,phenotype
880,C0013421,Dystonia,phenotype
881,C0013423,Dystonia Musculorum Deformans,disease
888,C0013473,Eating Disorders,group
890,C0013491,Ecchymosis,phenotype
894,C0013528,Echolalia,phenotype
896,C0013537,Eclampsia,disease
899,C0013575,Ectodermal Dysplasia,disease
900,C0013581,Ectopia Lentis,disease
902,C0013592,Ectropion,disease
903,C0013595,Eczema,disease
904,C0013604,Edema,phenotype
910,C0013884,Filarial Elephantiases,disease
912,C0013903,Ellis-Van Creveld Syndrome,disease
918,C0013949,Embryopathies,disease
920,C0013990,Pathological accumulation of air in tissues,phenotype
924,C0014038,Encephalitis,disease
926,C0014057,Japanese Encephalitis,disease
929,C0014061,Tick-Borne Encephalitis,disease
930,C0014065,Congenital cerebral hernia,disease
931,C0014067,Occipital Encephalocele,disease
934,C0014072,Experimental Autoimmune Encephalomyelitis,disease
936,C0014078,Venezuelan equine encephalomyelitis,disease
937,C0014084,Enchondromatosis,disease
940,C0014118,Endocarditis,disease
948,C0014170,Endometrial Neoplasms,group
950,C0014175,Endometriosis,disease
955,C0014335,Enteritis,disease
959,C0014378,Enterovirus Infections,group
962,C0014457,Eosinophilia,disease
963,C0014458,"Eosinophilia, Tropical",disease
967,C0014511,Epithelial cyst,phenotype
968,C0014518,Toxic Epidermal Necrolysis,disease
969,C0014522,Epidermodysplasia Verruciformis,disease
970,C0014527,Epidermolysis Bullosa,disease
974,C0014544,Epilepsy,disease
975,C0014547,"Epilepsies, Partial",disease
976,C0014548,"Epilepsy, Generalized",disease
977,C0014549,Tonic-Clonic Epilepsy,disease
979,C0014553,Absence Epilepsy,disease
980,C0014556,"Epilepsy, Temporal Lobe",disease
981,C0014558,Uncinate Epilepsy,disease
984,C0014583,Episcleritis,disease
985,C0014588,Epispadias,group
986,C0014591,Epistaxis,phenotype
996,C0014772,Red Blood Cell Count measurement,phenotype
999,C0014804,Erythromelalgia,disease
1000,C0014805,Primary Erythermalgia,disease
1005,C0014850,Esophageal Atresia,disease
1010,C0014859,Esophageal Neoplasms,group
1012,C0014866,Esophageal Stenosis,disease
1013,C0014867,Esophageal Varices,disease
1014,C0014868,Esophagitis,disease
1015,C0014869,Peptic Esophagitis,disease
1016,C0014877,Esotropia,disease
1018,C0015230,Exanthema,phenotype
1023,C0015300,Exophthalmos,disease
1025,C0015306,Hereditary Multiple Exostoses,disease
1026,C0015310,Exotropia,disease
1029,C0015371,Extrapyramidal Disorders,group
1030,C0015378,Extravasation of Contrast Media,phenotype
1032,C0015393,Eye Abnormalities,group
1033,C0015396,Eye Color,phenotype
1034,C0015397,Disorder of eye,group
1035,C0015398,"Eye Diseases, Hereditary",group
1048,C0015469,Facial paralysis,disease
1049,C0015499,Hereditary Factor V Deficiency,disease
1050,C0015503,Factor VII Deficiency,disease
1051,C0015519,Factor X Deficiency,disease
1052,C0015523,Hereditary Factor XI Deficiency,disease
1053,C0015526,Factor XII Deficiency,disease
1055,C0015544,Failure to Thrive,disease
1058,C0015625,Fanconi Anemia,disease
1060,C0015644,Muscular fasciculation,phenotype
1063,C0015672,Fatigue,phenotype
1064,C0015674,Chronic Fatigue Syndrome,disease
1065,C0015695,Fatty Liver,disease
1066,C0015696,"Fatty Liver, Alcoholic",disease
1067,C0015697,Arterial Fatty Streak,phenotype
1071,C0015732,Fecal Incontinence,disease
1072,C0015745,Feeding behaviors,phenotype
1078,C0015930,Fetal Distress,disease
1079,C0015934,Fetal Growth Retardation,phenotype
1081,C0015944,"Fetal Membranes, Premature Rupture",phenotype
1083,C0015967,Fever,phenotype
1088,C0016037,Fibrodysplasia Ossificans Progressiva,disease
1090,C0016045,fibroma,disease
1092,C0016049,"Fibromatosis, Gingival",disease
1095,C0016057,Fibrosarcoma,disease
1096,C0016059,Fibrosis,phenotype
1104,C0016202,Flatfoot,phenotype
1109,C0016395,Focal Dermal Hypoplasia,disease
1117,C0016506,Foot Deformities,group
1122,C0016522,"Foramen Ovale, Patent",disease
1123,C0016529,Forced expiratory volume function,phenotype
1126,C0016663,Pathological fracture,phenotype
1127,C0016667,Fragile X Syndrome,disease
1128,C0016689,Freckles,phenotype
1131,C0016719,Friedreich Ataxia,disease
1134,C0016751,Hereditary fructose intolerance syndrome,disease
1135,C0016756,"Fructose-1,6-Diphosphatase Deficiency",disease
1138,C0016788,Fucosidase Deficiency Disease,disease
1140,C0016842,Congenital pectus excavatum,disease
1144,C0016977,Gall Bladder Diseases,group
1145,C0016978,gallbladder neoplasm,disease
1147,C0017075,Ganglioneuroma,disease
1148,C0017083,Gangliosidoses,disease
1149,C0017086,Gangrene,disease
1150,C0017097,Gardner Syndrome,disease
1155,C0017152,Gastritis,disease
1160,C0017168,Gastroesophageal reflux disease,disease
1161,C0017178,Gastrointestinal Diseases,group
1162,C0017181,Gastrointestinal Hemorrhage,phenotype
1163,C0017185,Gastrointestinal Neoplasms,group
1164,C0017205,Gaucher Disease,disease
1172,C0017495,Gerstmann-Straussler-Scheinker Disease,disease
1174,C0017531,Angiolymphoid hyperplasia,disease
1177,C0017551,Gilbert Disease (disorder),disease
1179,C0017565,Gingival Hemorrhage,phenotype
1180,C0017566,Gingival Hyperplasia,phenotype
1184,C0017574,Gingivitis,disease
1187,C0017601,Glaucoma,disease
1188,C0017605,Angle Closure Glaucoma,disease
1191,C0017612,"Glaucoma, Open-Angle",disease
1193,C0017636,Glioblastoma,disease
1194,C0017638,Glioma,disease
1195,C0017639,Gliosis,phenotype
1198,C0017654,Glomerular Filtration Rate,phenotype
1200,C0017658,Glomerulonephritis,disease
1201,C0017661,IGA Glomerulonephritis,disease
1202,C0017662,"Glomerulonephritis, Membranoproliferative",disease
1203,C0017665,Membranous glomerulonephritis,disease
1204,C0017667,Nodular glomerulosclerosis,disease
1205,C0017668,Focal glomerulosclerosis,disease
1210,C0017689,Glucagonoma,disease
1211,C0017741,Glucose tolerance test,phenotype
1212,C0017919,Glycogen Storage Disease,group
1213,C0017920,Glycogen Storage Disease Type I,disease
1214,C0017921,Glycogen storage disease type II,disease
1215,C0017922,Glycogen Storage Disease Type III,disease
1216,C0017923,Glycogen Storage Disease Type IV,disease
1217,C0017924,Glycogen Storage Disease Type V,disease
1219,C0017926,Glycogen Storage Disease Type VII,disease
1221,C0017979,Glycosuria,phenotype
1222,C0017980,"Glycosuria, Renal",disease
1224,C0018021,Goiter,phenotype
1226,C0018023,Nodular Goiter,disease
1229,C0018051,Gonadal Dysgenesis,disease
1234,C0018099,Gout,disease
1237,C0018129,Graft Rejection,phenotype
1238,C0018133,Graft-vs-Host Disease,disease
1239,C0018179,"Granular Dystrophy, Corneal",disease
1240,C0018188,Granuloma,phenotype
1251,C0018213,Graves Disease,disease
1253,C0018273,Growth Disorders,group
1256,C0018418,Gynecomastia,disease
1257,C0018425,Gyrate Atrophy,disease
1259,C0018498,Hair Color,phenotype
1261,C0018520,Halitosis,phenotype
1263,C0018523,Hallervorden-Spatz Syndrome,disease
1264,C0018524,Hallucinations,disease
1265,C0018536,Hallux Valgus,disease
1267,C0018553,"Hamartoma Syndrome, Multiple",disease
1268,C0018564,Hand deformities,group
1272,C0018609,Hartnup Disease,disease
1274,C0018621,Hay fever,disease
1275,C0018671,Head and Neck Neoplasms,group
1278,C0018681,Headache,phenotype
1280,C0018776,"Hearing Loss, Central",disease
1281,C0018777,Conductive hearing loss,disease
1283,C0018781,Noise-induced hearing loss,disease
1284,C0018784,Sensorineural Hearing Loss (disorder),disease
1285,C0018790,Cardiac Arrest,disease
1287,C0018798,Congenital Heart Defects,group
1288,C0018799,Heart Diseases,group
1289,C0018800,Cardiomegaly,phenotype
1290,C0018801,Heart failure,disease
1291,C0018802,Congestive heart failure,disease
1292,C0018803,Heart Function Tests,phenotype
1293,C0018808,Heart murmur,phenotype
1294,C0018809,Heart Neoplasm,disease
1295,C0018810,heart rate,phenotype
1298,C0018816,Heart Septal Defects,group
1299,C0018817,Atrial Septal Defects,group
1300,C0018818,Ventricular Septal Defects,group
1301,C0018824,Heart valve disease,group
1309,C0018916,Hemangioma,disease
1310,C0018920,"Hemangioma, Cavernous",disease
1312,C0018923,Hemangiosarcoma,disease
1313,C0018924,Hemarthrosis,phenotype
1314,C0018926,Hematemesis,phenotype
1316,C0018935,Hematocrit procedure,phenotype
1321,C0018952,Extramedullary Hematopoiesis Function,phenotype
1322,C0018965,Hematuria,phenotype
1324,C0018979,Hemianopsia,disease
1327,C0018989,Hemiparesis,phenotype
1328,C0018991,Hemiplegia,phenotype
1329,C0018995,Hemochromatosis,disease
1331,C0019025,Hemoglobin F Disease,disease
1332,C0019029,Hemoglobin concentration result,phenotype
1334,C0019045,Hemoglobinopathies,group
1335,C0019048,Hemoglobinuria,disease
1338,C0019061,Hemolytic-Uremic Syndrome,disease
1339,C0019064,Hemopericardium,phenotype
1342,C0019069,Hemophilia A,disease
1343,C0019079,Hemoptysis,phenotype
1344,C0019080,Hemorrhage,phenotype
1349,C0019100,Severe Dengue,disease
1350,C0019101,Hemorrhagic Fever with Renal Syndrome,disease
1355,C0019147,Hepatic Coma,disease
1356,C0019151,Hepatic Encephalopathy,disease
1357,C0019154,Hepatic Vein Thrombosis,disease
1359,C0019158,Hepatitis,group
1361,C0019163,Hepatitis B,disease
1363,C0019188,"Hepatitis, Animal",disease
1364,C0019189,"Hepatitis, Chronic",disease
1365,C0019193,"Hepatitis, Toxic",disease
1367,C0019196,Hepatitis C,disease
1368,C0019202,Hepatolenticular Degeneration,disease
1369,C0019207,"Hepatoma, Morris",disease
1370,C0019208,"Hepatoma, Novikoff",disease
1371,C0019209,Hepatomegaly,phenotype
1373,C0019214,Hepatosplenomegaly,phenotype
1374,C0019243,"Angioedemas, Hereditary",disease
1376,C0019269,Hermaphroditism,disease
1377,C0019270,Hernia,phenotype
1378,C0019284,Diaphragmatic Hernia,phenotype
1379,C0019288,"Hernia, Femoral",disease
1380,C0019294,"Hernia, Inguinal",phenotype
1383,C0019322,Umbilical hernia,phenotype
1385,C0019337,Heroin Dependence,disease
1391,C0019348,Herpes Simplex Infections,group
1393,C0019360,Herpes zoster disease,group
1396,C0019385,Herpetic meningoencephalitis,disease
1399,C0019553,Hip Contracture,disease
1402,C0019562,Von Hippel-Lindau Syndrome,disease
1403,C0019569,Hirschsprung Disease,disease
1404,C0019572,Hirsutism,phenotype
1413,C0019693,HIV Infections,group
1416,C0019825,Hoarseness,phenotype
1417,C0019829,Hodgkin Disease,disease
1418,C0019880,Homocystinuria,disease
1423,C0020071,"Hereditary Sensory Autonomic Neuropathy, Type 1",disease
1424,C0020072,"Hereditary Sensory Autonomic Neuropathy, Type 2",disease
1425,C0020074,HSAN Type IV,disease
1426,C0020075,"Hereditary Sensory Autonomic Neuropathy, Type 5",disease
1430,C0020179,Huntington Disease,disease
1431,C0020192,Hyaline Membrane Disease,disease
1433,C0020224,Polyhydramnios,phenotype
1436,C0020255,Hydrocephalus,disease
1438,C0020258,"Hydrocephalus, Normal Pressure",disease
1439,C0020295,Hydronephrosis,disease
1440,C0020302,Hydrophthalmos,disease
1441,C0020305,Hydrops Fetalis,disease
1444,C0020428,Hyperaldosteronism,disease
1445,C0020429,Hyperalgesia,phenotype
1446,C0020433,Hyperbilirubinemia,disease
1448,C0020437,Hypercalcemia,disease
1449,C0020438,Hypercalciuria,phenotype
1452,C0020443,Hypercholesterolemia,disease
1453,C0020445,"Hypercholesterolemia, Familial",disease
1459,C0020456,Hyperglycemia,disease
1460,C0020458,Hyperhidrosis disorder,phenotype
1461,C0020459,Hyperinsulinism,disease
1462,C0020461,Hyperkalemia,phenotype
1463,C0020473,Hyperlipidemia,disease
1464,C0020474,"Hyperlipidemia, Familial Combined",disease
1466,C0020479,Hyperlipoproteinemia Type III,disease
1467,C0020480,Hyperlipoproteinemia Type IV,disease
1470,C0020490,Hyperopia,disease
1471,C0020492,Hyperostosis,disease
1473,C0020496,Hyperostosis of skull,disease
1474,C0020497,Cortical Congenital Hyperostosis,disease
1477,C0020501,Primary Hyperoxaluria,disease
1478,C0020502,Hyperparathyroidism,disease
1479,C0020503,"Hyperparathyroidism, Secondary",disease
1480,C0020505,Hyperphagia,phenotype
1481,C0020507,Hyperplasia,phenotype
1482,C0020514,Hyperprolactinemia,disease
1483,C0020517,Hypersensitivity,group
1487,C0020529,Hypersomnia with Periodic Respiration,disease
1489,C0020534,Orbital separation excessive,phenotype
1490,C0020538,Hypertensive disease,group
1492,C0020541,Portal Hypertension,disease
1493,C0020542,Pulmonary Hypertension,phenotype
1494,C0020544,Renal hypertension,disease
1495,C0020545,"Hypertension, Renovascular",disease
1497,C0020550,Hyperthyroidism,disease
1499,C0020555,Hypertrichosis,disease
1500,C0020557,Hypertriglyceridemia,phenotype
1503,C0020578,Hyperventilation,phenotype
1504,C0020580,Hypesthesia,phenotype
1506,C0020594,Hypoactive Sexual Desire Disorder,disease
1508,C0020597,Hypobetalipoproteinemias,disease
1509,C0020598,Hypocalcemia,phenotype
1512,C0020608,Hypodontia,disease
1514,C0020615,Hypoglycemia,disease
1515,C0020617,Hypoglycemic coma,disease
1516,C0020619,Hypogonadism,disease
1517,C0020620,Hypohidrosis,disease
1518,C0020621,Hypokalemia,phenotype
1521,C0020625,Hyponatremia,phenotype
1522,C0020626,Hypoparathyroidism,disease
1524,C0020630,Hypophosphatasia,disease
1526,C0020635,Hypopituitarism,disease
1528,C0020639,Hypoproteinemia,disease
1529,C0020640,Inherited Factor II deficiency,disease
1530,C0020649,Hypotension,phenotype
1531,C0020651,"Hypotension, Orthostatic",phenotype
1532,C0020672,"Hypothermia, natural",phenotype
1533,C0020676,Hypothyroidism,disease
1534,C0020678,Hypotrichosis,disease
1536,C0020683,Hypovolemic Shock,phenotype
1540,C0020757,Ichthyoses,disease
1541,C0020758,Congenital ichthyosis,disease
1542,C0020796,Profound Mental Retardation,disease
1549,C0021051,Immunologic Deficiency Syndromes,group
1550,C0021053,Immune System Diseases,group
1557,C0021125,Impulsive Behavior,phenotype
1562,C0021171,Bloch Sulzberger syndrome,disease
1568,C0021308,Infarction,phenotype
1573,C0021359,Infertility,phenotype
1574,C0021361,Female infertility,phenotype
1575,C0021364,Male infertility,phenotype
1577,C0021368,Inflammation,phenotype
1578,C0021390,Inflammatory Bowel Diseases,group
1579,C0021400,Influenza,disease
1582,C0021603,Sleep Initiation and Maintenance Disorders,disease
1583,C0021655,Insulin Resistance,phenotype
1584,C0021670,insulinoma,disease
1585,C0021704,Intelligence,phenotype
1587,C0021775,Intermittent Claudication,phenotype
1589,C0021818,Intervertebral Disk Displacement,disease
1591,C0021831,Intestinal Diseases,group
1595,C0021843,Intestinal Obstruction,disease
1596,C0021845,Intestinal Perforation,disease
1598,C0021847,Intestinal Pseudo-Obstruction,disease
1599,C0021888,Physiologic Intraocular Pressure,phenotype
1601,C0022073,Iridocyclitis,disease
1606,C0022107,Irritable Mood,phenotype
1607,C0022116,Ischemia,phenotype
1610,C0022283,Incontinentia Pigmenti Achromians,disease
1611,C0022333,Jacksonian Seizure,disease
1612,C0022336,Creutzfeldt-Jakob disease,disease
1614,C0022346,Icterus,phenotype
1616,C0022353,Neonatal Jaundice,phenotype
1617,C0022354,"Jaundice, Obstructive",disease
1618,C0022360,Jaw Abnormalities,group
1620,C0022387,Jervell-Lange Nielsen Syndrome,disease
1621,C0022408,Arthropathy,group
1622,C0022410,Joint Instability,phenotype
1626,C0022521,Kartagener Syndrome,disease
1628,C0022548,Keloid,disease
1629,C0022568,Keratitis,disease
1630,C0022572,keratoacanthoma,disease
1631,C0022573,Keratoconjunctivitis,disease
1632,C0022575,Keratoconjunctivitis Sicca,disease
1634,C0022578,Keratoconus,disease
1638,C0022593,Keratosis,disease
1640,C0022595,Keratosis Follicularis,disease
1641,C0022596,Palmoplantar Keratosis,disease
1643,C0022603,Seborrheic keratosis,disease
1645,C0022638,Ketosis,disease
1648,C0022658,Kidney Diseases,group
1649,C0022660,"Kidney Failure, Acute",disease
1650,C0022661,"Kidney Failure, Chronic",disease
1651,C0022665,Kidney Neoplasm,disease
1653,C0022679,Cystic kidney,disease
1654,C0022680,Polycystic Kidney Diseases,group
1657,C0022716,Menkes Kinky Hair Syndrome,disease
1659,C0022735,Klinefelter Syndrome,disease
1660,C0022738,Klippel-Feil Syndrome,disease
1664,C0022797,Adult Neuronal Ceroid Lipofuscinosis,disease
1668,C0022821,Kyphosis deformity of spine,phenotype
1669,C0022876,Premature Obstetric Labor,phenotype
1682,C0023052,Laryngeal Edema,phenotype
1684,C0023066,Laryngospasm,disease
1685,C0023067,Laryngitis,disease
1687,C0023075,Laryngostenosis,disease
1690,C0023114,Handedness,phenotype
1692,C0023138,Laurence-Moon Syndrome,disease
1695,C0023195,Lecithin Acyltransferase Deficiency,disease
1697,C0023212,Left-Sided Heart Failure,disease
1700,C0023221,Leg Length Inequality,phenotype
1702,C0023223,Leg Ulcer,disease
1703,C0023234,Legg-Calve-Perthes Disease,disease
1706,C0023264,Leigh Disease,disease
1707,C0023267,Fibroid Tumor,disease
1709,C0023281,Leishmaniasis,disease
1710,C0023283,"Leishmaniasis, Cutaneous",disease
1712,C0023290,"Leishmaniasis, Visceral",disease
1716,C0023343,Leprosy,disease
1718,C0023348,"Leprosy, Lepromatous",disease
1722,C0023374,Lesch-Nyhan Syndrome,disease
1723,C0023380,Lethargy,phenotype
1725,C0023418,leukemia,disease
1726,C0023434,Chronic Lymphocytic Leukemia,disease
1727,C0023437,Acute Basophilic Leukemia,disease
1731,C0023443,Hairy Cell Leukemia,disease
1732,C0023448,Lymphoid leukemia,disease
1733,C0023449,Acute lymphocytic leukemia,disease
1734,C0023452,Childhood Acute Lymphoblastic Leukemia,disease
1735,C0023453,L2 Acute Lymphoblastic Leukemia,disease
1737,C0023462,Acute Megakaryocytic Leukemias,disease
1739,C0023465,Acute monocytic leukemia,disease
1741,C0023467,"Leukemia, Myelocytic, Acute",disease
1742,C0023470,Myeloid Leukemia,disease
1744,C0023473,"Myeloid Leukemia, Chronic",disease
1746,C0023479,Acute myelomonocytic leukemia,disease
1747,C0023480,"Leukemia, Myelomonocytic, Chronic",disease
1750,C0023485,Precursor B-Cell Lymphoblastic Leukemia-Lymphoma,disease
1752,C0023487,Acute Promyelocytic Leukemia,disease
1754,C0023492,"Leukemia, T-Cell",disease
1755,C0023493,Adult T-Cell Lymphoma/Leukemia,disease
1757,C0023501,Leukemoid Reaction,disease
1758,C0023508,White Blood Cell Count procedure,phenotype
1760,C0023518,Leukocytosis,phenotype
1761,C0023520,Leukodystrophy,disease
1762,C0023521,Globoid cell leukodystrophy,disease
1763,C0023522,"Leukodystrophy, Metachromatic",disease
1765,C0023529,"Leukomalacia, Periventricular",disease
1766,C0023530,Leukopenia,disease
1767,C0023531,Leukoplakia,disease
1768,C0023532,"Leukoplakia, Oral",disease
1780,C0023786,Mucopolysaccharidosis I,disease
1781,C0023787,Lipodystrophy,disease
1783,C0023794,Lipoidosis,disease
1784,C0023795,Lipoid Proteinosis of Urbach and Wiethe,disease
1785,C0023798,Lipoma,disease
1789,C0023817,Hyperlipoproteinemia Type I,disease
1790,C0023827,liposarcoma,disease
1793,C0023882,Little's Disease,disease
1794,C0023885,Liver Abscess,disease
1796,C0023890,Liver Cirrhosis,disease
1797,C0023891,"Liver Cirrhosis, Alcoholic",disease
1798,C0023892,Biliary cirrhosis,disease
1799,C0023893,"Liver Cirrhosis, Experimental",disease
1800,C0023895,Liver diseases,group
1801,C0023896,Alcoholic Liver Diseases,group
1802,C0023897,"Liver Diseases, Parasitic",group
1803,C0023903,Liver neoplasms,group
1804,C0023904,"Liver Neoplasms, Experimental",phenotype
1805,C0023931,Lobstein Disease,disease
1807,C0023976,Long QT Syndrome,disease
1808,C0023980,Longevity,phenotype
1809,C0024003,Lordosis,phenotype
1811,C0024031,Low Back Pain,phenotype
1816,C0024115,Lung diseases,group
1817,C0024116,"Lung Diseases, Fungal",group
1818,C0024117,Chronic Obstructive Airway Disease,disease
1819,C0024121,Lung Neoplasms,group
1821,C0024137,"Lupus Erythematosus, Cutaneous",disease
1822,C0024138,"Lupus Erythematosus, Discoid",disease
1824,C0024141,"Lupus Erythematosus, Systemic",disease
1825,C0024143,Lupus Nephritis,disease
1826,C0024145,Chilblain lupus 1,disease
1827,C0024198,Lyme Disease,disease
1831,C0024221,Lymphangioma,disease
1835,C0024232,Lymphatic Metastasis,disease
1836,C0024236,Lymphedema,disease
1839,C0024282,Lymphocytosis,disease
1841,C0024291,"Lymphohistiocytosis, Hemophagocytic",disease
1842,C0024299,Lymphoma,group
1843,C0024301,"Lymphoma, Follicular",disease
1844,C0024302,Reticulosarcoma,disease
1846,C0024304,"Lymphoma, Mixed-Cell",disease
1847,C0024305,"Lymphoma, Non-Hodgkin",disease
1848,C0024306,"Lymphoma, Undifferentiated",disease
1850,C0024312,Lymphopenia,disease
1851,C0024314,Lymphoproliferative Disorders,group
1854,C0024421,Macroglossia,disease
1855,C0024433,Macrostomia,disease
1856,C0024437,Macular degeneration,disease
1858,C0024440,"Macular Edema, Cystoid",disease
1865,C0024523,Malabsorption Syndrome,group
1866,C0024528,Malaise and fatigue,phenotype
1867,C0024530,Malaria,disease
1868,C0024534,"Malaria, Cerebral",disease
1869,C0024535,"Malaria, Falciparum",disease
1873,C0024591,Malignant hyperpyrexia due to anesthesia,disease
1876,C0024623,Malignant neoplasm of stomach,disease
1878,C0024636,Malocclusion,disease
1879,C0024667,Animal Mammary Neoplasms,phenotype
1880,C0024668,"Mammary Neoplasms, Experimental",phenotype
1884,C0024713,Manic Disorder,disease
1885,C0024748,alpha-Mannosidosis,disease
1887,C0024776,Maple Syrup Urine Disease,disease
1891,C0024796,Marfan Syndrome,disease
1893,C0024809,Marijuana Abuse,disease
1897,C0024899,Mastocytosis,disease
1909,C0025037,Meckel Diverticulum,disease
1915,C0025149,Medulloblastoma,disease
1921,C0025193,Melancholia,disease
1922,C0025202,melanoma,disease
1924,C0025209,Melanosis,disease
1928,C0025221,Meleda Disease,disease
1932,C0025237,Melnick-Needles Syndrome,disease
1934,C0025261,Memory Disorders,disease
1935,C0025265,"Memory, Short-Term",phenotype
1936,C0025267,Multiple Endocrine Neoplasia Type 1,disease
1937,C0025268,Multiple Endocrine Neoplasia Type 2a,disease
1938,C0025269,Multiple Endocrine Neoplasia Type 2b,disease
1941,C0025286,Meningioma,disease
1943,C0025289,Meningitis,disease
1947,C0025295,"Meningitis, Pneumococcal",disease
1948,C0025297,Viral meningitis,disease
1950,C0025303,Meningococcal Infections,group
1954,C0025312,Meningomyelocele,disease
1956,C0025322,Premature Menopause,disease
1957,C0025323,Menorrhagia,phenotype
1959,C0025362,Mental Retardation,disease
1960,C0025363,"Mental Retardation, Psychosocial",phenotype
1966,C0025472,Mesenteric Vascular Occlusion,disease
1968,C0025500,Mesothelioma,disease
1969,C0025517,Metabolic Diseases,group
1970,C0025521,Inborn Errors of Metabolism,group
1971,C0025568,Metaplasia,phenotype
1973,C0025637,Methemoglobinemia,disease
1976,C0025958,Microcephaly,disease
1977,C0025988,Microglossia,disease
1978,C0025990,Micrognathism,disease
1979,C0025995,Micromelia,disease
1980,C0026010,Microphthalmos,disease
1981,C0026034,Microstomia,disease
1984,C0026106,Mild Mental Retardation,disease
1990,C0026266,Mitral Valve Insufficiency,phenotype
1991,C0026267,Mitral Valve Prolapse Syndrome,disease
1994,C0026277,Mixed Salivary Gland Tumor,disease
1995,C0026351,Moderate intellectual disability,disease
1996,C0026363,Mohr Syndrome,disease
1997,C0026393,Molluscum Contagiosum,disease
1998,C0026470,Monoclonal Gammopathy of Undetermined Significance,disease
2001,C0026552,Morphine Dependence,disease
2002,C0026603,Motion Sickness,disease
2005,C0026633,Mouth Abnormalities,group
2006,C0026636,Mouth Diseases,group
2007,C0026640,Mouth Neoplasms,group
2008,C0026650,Movement Disorders,group
2009,C0026654,Moyamoya Disease,disease
2013,C0026691,Mucocutaneous Lymph Node Syndrome,disease
2014,C0026697,Mucolipidoses,disease
2015,C0026703,Mucopolysaccharidoses,disease
2016,C0026705,Mucopolysaccharidosis II,disease
2017,C0026706,Mucopolysaccharidosis III,disease
2018,C0026707,Mucopolysaccharidosis IV,disease
2019,C0026708,Mucopolysaccharidosis V,disease
2020,C0026709,Mucopolysaccharidosis VI,disease
2023,C0026760,Multiple Epiphyseal Dysplasia,disease
2024,C0026764,Multiple Myeloma,disease
2025,C0026766,Multiple Organ Failure,phenotype
2026,C0026769,Multiple Sclerosis,disease
2028,C0026780,Mumps,disease
2031,C0026826,Muscle Hypertonia,phenotype
2032,C0026827,Muscle hypotonia,phenotype
2033,C0026837,Muscle Rigidity,phenotype
2034,C0026838,Muscle Spasticity,phenotype
2035,C0026846,Muscular Atrophy,phenotype
2036,C0026847,Spinal Muscular Atrophy,disease
2037,C0026848,Myopathy,group
2038,C0026850,Muscular Dystrophy,disease
2043,C0026896,Myasthenia Gravis,disease
2050,C0026961,Mydriasis,phenotype
2053,C0026985,Myelodysplasia,disease
2054,C0026987,Myelofibrosis,disease
2056,C0026998,"Acute Myeloid Leukemia, M1",disease
2059,C0027022,Myeloproliferative disease,group
2060,C0027051,Myocardial Infarction,disease
2061,C0027055,Myocardial Reperfusion Injury,phenotype
2062,C0027059,Myocarditis,disease
2064,C0027066,Myoclonus,phenotype
2067,C0027080,Myoglobinuria,phenotype
2068,C0027086,Myoma,disease
2069,C0027092,Myopia,disease
2071,C0027121,Myositis,disease
2073,C0027125,Myotonia,phenotype
2074,C0027126,Myotonic Dystrophy,disease
2075,C0027127,Myotonia Congenita,disease
2077,C0027149,Myxoma,disease
2080,C0027341,Nail-Patella Syndrome,disease
2082,C0027404,Narcolepsy,disease
2083,C0027412,Opioid-Related Disorders,group
2086,C0027430,Nasal Polyps,disease
2088,C0027439,Nasopharyngeal Neoplasms,group
2091,C0027497,Nausea,phenotype
2092,C0027498,Nausea and vomiting,phenotype
2093,C0027533,Neck Neoplasms,group
2094,C0027540,Necrosis,phenotype
2095,C0027543,Avascular necrosis of bone,phenotype
2097,C0027562,Negativism,phenotype
2101,C0027612,"Congenital, Hereditary, and Neonatal Diseases and Abnormalities",group
2103,C0027626,Neoplasm Invasiveness,phenotype
2104,C0027627,Neoplasm Metastasis,phenotype
2105,C0027643,"Neoplasm Recurrence, Local",phenotype
2107,C0027651,Neoplasms,group
2108,C0027654,Embryonal Neoplasm,disease
2111,C0027659,"Neoplasms, Experimental",phenotype
2114,C0027662,Multiple Endocrine Neoplasia,disease
2119,C0027672,"Neoplastic Syndromes, Hereditary",group
2120,C0027686,Pathologic Neovascularization,phenotype
2121,C0027697,Nephritis,disease
2122,C0027706,Hereditary nephritis,disease
2123,C0027707,"Nephritis, Interstitial",disease
2124,C0027708,Nephroblastoma,disease
2125,C0027709,Nephrocalcinosis,disease
2127,C0027720,Nephrosis,disease
2128,C0027721,Lipoid nephrosis,disease
2129,C0027726,Nephrotic Syndrome,group
2131,C0027746,Nerve Degeneration,phenotype
2132,C0027765,nervous system disorder,group
2133,C0027766,Nervous System Neoplasms,group
2134,C0027769,Nervousness,phenotype
2136,C0027794,Neural Tube Defects,group
2137,C0027796,Neuralgia,phenotype
2139,C0027806,Neurenteric Cyst,disease
2140,C0027809,Neurilemmoma,disease
2143,C0027819,Neuroblastoma,disease
2146,C0027830,neurofibroma,disease
2147,C0027831,Neurofibromatosis 1,disease
2148,C0027832,Neurofibromatosis 2,disease
2153,C0027868,Neuromuscular Diseases,group
2155,C0027877,Neuronal Ceroid-Lipofuscinoses,disease
2156,C0027888,Hereditary Motor and Sensory Neuropathies,group
2158,C0027902,Neuropsychological Tests,phenotype
2160,C0027932,Neurotic Disorders,group
2161,C0027947,Neutropenia,disease
2162,C0027960,Nevus,disease
2164,C0027962,Melanocytic nevus,disease
2166,C0028043,Nicotine Dependence,disease
2169,C0028077,Nyctalopia,disease
2170,C0028081,Night sweats,phenotype
2175,C0028326,Noonan Syndrome,disease
2180,C0028734,Nocturia,disease
2181,C0028738,Nystagmus,disease
2182,C0028754,Obesity,disease
2183,C0028756,"Obesity, Morbid",disease
2184,C0028768,Obsessive-Compulsive Disorder,disease
2190,C0028840,Ocular Hypertension,disease
2194,C0028860,Oculocerebrorenal Syndrome,disease
2195,C0028866,Oculomotor Nerve Paralysis,disease
2200,C0028945,oligodendroglioma,disease
2201,C0028949,Oligomenorrhea,phenotype
2202,C0028960,Oligospermia,disease
2203,C0028961,Oliguria,phenotype
2209,C0029089,Ophthalmoplegia,phenotype
2214,C0029121,Oppositional Defiant Disorder,disease
2215,C0029124,Optic Atrophy,disease
2218,C0029131,Abnormality of the optic nerve,phenotype
2219,C0029132,Disorder of the optic nerve,group
2220,C0029134,Optic Neuritis,disease
2223,C0029172,Oral Submucous Fibrosis,disease
2225,C0029191,Orchitis,phenotype
2227,C0029227,"Delirium, Dementia, Amnestic, Cognitive Disorders",group
2229,C0029231,"Organic Mental Disorders, Substance-Induced",disease
2237,C0029396,Heterotopic Ossification,phenotype
2239,C0029401,Osteitis Deformans,disease
2241,C0029408,Degenerative polyarthritis,disease
2242,C0029410,Osteoarthritis of hip,disease
2246,C0029422,Osteochondrodysplasias,group
2250,C0029434,Osteogenesis Imperfecta,disease
2256,C0029443,Osteomyelitis,disease
2257,C0029445,Bone necrosis,phenotype
2258,C0029453,Osteopenia,disease
2259,C0029454,Osteopetrosis,disease
2261,C0029456,Osteoporosis,disease
2262,C0029458,"Osteoporosis, Postmenopausal",disease
2263,C0029459,"Osteoporosis, Senile",disease
2264,C0029463,Osteosarcoma,disease
2265,C0029464,Osteosclerosis,disease
2267,C0029489,Other alopecia,phenotype
2269,C0029531,Other cataract,disease
2270,C0029574,Other dermatoses,disease
2271,C0029587,Other eating disorders,group
2273,C0029607,Other emphysema,phenotype
2276,C0029799,"Other specified forms of pleural effusion, except tuberculous",disease
2278,C0029810,Other specified iron deficiency anemias,disease
2281,C0029866,Other ureteric obstruction,phenotype
2284,C0029882,Otitis Media,disease
2285,C0029883,Otitis Media with Effusion,disease
2289,C0029925,Ovarian Carcinoma,disease
2290,C0029927,Ovarian Cysts,disease
2299,C0030193,Pain,phenotype
2302,C0030201,"Pain, Postoperative",phenotype
2305,C0030232,Pallor,phenotype
2306,C0030246,Pustulosis of Palms and Soles,disease
2307,C0030252,Palpitations,phenotype
2308,C0030283,Pancreatic Cyst,disease
2312,C0030297,Pancreatic Neoplasm,disease
2314,C0030305,Pancreatitis,disease
2315,C0030312,Pancytopenia,disease
2316,C0030319,Panic Disorder,disease
2317,C0030326,Panniculitis,disease
2321,C0030353,Papilledema,disease
2322,C0030354,Papilloma,disease
2323,C0030360,Papillon-Lefevre Disease,disease
2326,C0030421,Paraganglioma,disease
2332,C0030443,Familial Periodic Paralysis,disease
2337,C0030481,Tropical Spastic Paraparesis,disease
2338,C0030486,Paraplegia,disease
2339,C0030489,Paraproteinemias,disease
2340,C0030491,Parapsoriasis,disease
2344,C0030521,Parathyroid Neoplasms,group
2347,C0030552,Paresis,phenotype
2348,C0030554,Paresthesia,phenotype
2349,C0030567,Parkinson Disease,disease
2358,C0030605,Activated Partial Thromboplastin Time measurement,phenotype
2362,C0030779,Pelger-Huet Anomaly,disease
2367,C0030805,Bullous pemphigoid,disease
2368,C0030807,Pemphigus,disease
2369,C0030809,Pemphigus Vulgaris,disease
2372,C0030848,Peyronie Disease,disease
2383,C0031030,Periapical Periodontitis,disease
2384,C0031036,Polyarteritis Nodosa,disease
2385,C0031039,Pericardial effusion,disease
2386,C0031046,Pericarditis,disease
2390,C0031069,Familial Mediterranean Fever,disease
2392,C0031090,Periodontal Diseases,group
2394,C0031099,Periodontitis,disease
2395,C0031106,Aggressive Periodontitis,disease
2398,C0031117,Peripheral Neuropathy,group
2408,C0031212,Personality Disorders,group
2410,C0031269,Peutz-Jeghers Syndrome,disease
2412,C0031347,Pharyngeal Neoplasms,group
2418,C0031511,Pheochromocytoma,disease
2428,C0031900,Pierre Robin Syndrome,disease
2434,C0032000,Pituitary Adenoma,disease
2437,C0032019,Pituitary Neoplasms,group
2447,C0032176,Platelet aggregation,phenotype
2448,C0032181,Platelet Count measurement,phenotype
2449,C0032197,Platelet Storage Pool Deficiency,disease
2452,C0032227,Pleural effusion disorder,group
2459,C0032273,Pneumoconiosis,disease
2460,C0032285,Pneumonia,disease
2461,C0032290,Aspiration Pneumonia,disease
2463,C0032300,Lobar Pneumonia,disease
2468,C0032326,Pneumothorax,phenotype
2469,C0032339,Rothmund-Thomson syndrome,disease
2472,C0032453,"Polychondritis, Relapsing",disease
2473,C0032460,Polycystic Ovary Syndrome,disease
2474,C0032461,Polycythemia,disease
2475,C0032463,Polycythemia Vera,disease
2476,C0032533,Polymyalgia Rheumatica,disease
2480,C0032580,Adenomatous Polyposis Coli,disease
2481,C0032584,polyps,phenotype
2485,C0032617,Polyuria,phenotype
2486,C0032708,Disorders of Porphyrin Metabolism,group
2489,C0032787,Postoperative Complications,group
2490,C0032796,Postpartum Amenorrhea,phenotype
2491,C0032797,Postpartum Hemorrhage,phenotype
2496,C0032897,Prader-Willi Syndrome,disease
2497,C0032914,Pre-Eclampsia,phenotype
2498,C0032915,Preexcitation Syndrome,disease
2499,C0032927,Precancerous Conditions,group
2502,C0032965,"Pregnancy Complications, Infectious",disease
2504,C0032987,Ectopic Pregnancy,phenotype
2514,C0033117,Priapism,disease
2519,C0033141,"Cardiomyopathies, Primary",group
2522,C0033300,Progeria,disease
2524,C0033375,Prolactinoma,disease
2525,C0033377,Ptosis,disease
2527,C0033578,Prostatic Neoplasms,group
2531,C0033626,Protein Deficiency,disease
2532,C0033677,Protein-Energy Malnutrition,phenotype
2534,C0033687,Proteinuria,phenotype
2540,C0033774,Pruritus,phenotype
2542,C0033785,Pseudarthrosis,phenotype
2543,C0033788,Pseudo-Hurler Polydystrophy,disease
2544,C0033790,Pseudobulbar Palsy,disease
2550,C0033806,Pseudohypoparathyroidism,disease
2554,C0033835,Pseudopseudohypoparathyroidism,disease
2559,C0033847,Pseudoxanthoma Elasticum,disease
2560,C0033860,Psoriasis,disease
2566,C0033937,"Psychoses, Drug",disease
2567,C0033941,"Psychoses, Substance-Induced",disease
2571,C0033975,Psychotic Disorders,group
2572,C0033999,Pterygium,disease
2573,C0034012,Delayed Puberty,phenotype
2574,C0034013,Precocious Puberty,disease
2576,C0034050,Pulmonary Alveolar Proteinosis,disease
2577,C0034063,Pulmonary Edema,phenotype
2578,C0034065,Pulmonary Embolism,disease
2580,C0034067,Pulmonary Emphysema,disease
2582,C0034069,Pulmonary Fibrosis,disease
2583,C0034072,Cor pulmonale,disease
2585,C0034088,Pulmonary Valve Insufficiency,phenotype
2590,C0034150,Purpura,disease
2591,C0034152,Henoch-Schoenlein Purpura,disease
2592,C0034155,"Purpura, Thrombotic Thrombocytopenic",disease
2594,C0034186,Pyelonephritis,disease
2596,C0034189,Pyemia,phenotype
2597,C0034194,Pyloric Stenosis,phenotype
2601,C0034219,Alveolar pyorrhea,disease
2602,C0034341,Pyruvate Carboxylase Deficiency Disease,disease
2603,C0034345,Pyruvate Dehydrogenase Complex Deficiency Disease,disease
2606,C0034372,Quadriplegia,disease
2611,C0034642,Rales,phenotype
2616,C0034885,Rectal Neoplasms,group
2618,C0034888,Rectal Prolapse,disease
2622,C0034933,"Reflex, Abnormal",phenotype
2623,C0034935,Babinski Reflex,phenotype
2624,C0034951,Refractive Errors,group
2625,C0034960,Refsum Disease,disease
2630,C0035067,Renal Artery Stenosis,disease
2631,C0035078,Kidney Failure,disease
2636,C0035126,Reperfusion Injury,disease
2637,C0035127,Cumulative Trauma Disorders,group
2639,C0035220,"Respiratory Distress Syndrome, Newborn",disease
2640,C0035222,"Respiratory Distress Syndrome, Adult",disease
2641,C0035227,Respiratory Function Tests,phenotype
2642,C0035228,Respiratory Hypersensitivity,phenotype
2643,C0035229,Respiratory Insufficiency,phenotype
2644,C0035232,Respiratory Paralysis,phenotype
2645,C0035234,Respiratory Sounds,phenotype
2648,C0035242,Respiratory Tract Diseases,group
2649,C0035243,Respiratory Tract Infections,group
2650,C0035258,Restless Legs Syndrome,disease
2656,C0035304,Retinal Degeneration,phenotype
2657,C0035305,Retinal Detachment,disease
2658,C0035309,Retinal Diseases,group
2660,C0035313,Retinal Dysplasia,disease
2661,C0035317,Retinal Hemorrhage,phenotype
2666,C0035328,Retinal Vein Occlusion,disease
2668,C0035334,Retinitis Pigmentosa,disease
2669,C0035335,Retinoblastoma,disease
2670,C0035344,Retinopathy of Prematurity,disease
2674,C0035372,Rett Syndrome,disease
2675,C0035400,Reye Syndrome,disease
2676,C0035410,Rhabdomyolysis,phenotype
2678,C0035412,Rhabdomyosarcoma,disease
2681,C0035439,Rheumatic Heart Disease,disease
2684,C0035455,Rhinitis,disease
2691,C0035579,Rickets,disease
2698,C0035828,Romano-Ward Syndrome,disease
2704,C0035934,Rubinstein-Taybi Syndrome,disease
2705,C0036069,Saldino-Noonan Syndrome,disease
2708,C0036095,Salivary Gland Neoplasms,group
2710,C0036118,"Salmonella Infections, Animal",group
2712,C0036161,Sandhoff Disease,disease
2713,C0036202,Sarcoidosis,disease
2728,C0036323,Schistosomiasis,disease
2731,C0036337,Schizoaffective Disorder,disease
2733,C0036341,Schizophrenia,disease
2734,C0036344,"Schizophrenia, Catatonic",disease
2735,C0036346,"Schizophrenia, Childhood",disease
2737,C0036349,Paranoid Schizophrenia,disease
2739,C0036358,Schizophreniform Disorders,group
2741,C0036391,Schwartz-Jampel Syndrome,disease
2742,C0036396,Sciatica,phenotype
2747,C0036421,Systemic Scleroderma,disease
2749,C0036439,"Scoliosis, unspecified",disease
2750,C0036454,Scotoma,phenotype
2751,C0036457,Scrapie,disease
2754,C0036489,Sea-Blue Histiocyte Syndrome,disease
2757,C0036508,Seborrheic dermatitis,disease
2758,C0036529,"Myocardial Diseases, Secondary",group
2759,C0036572,Seizures,phenotype
2767,C0036690,Septicemia,disease
2773,C0036857,Severe intellectual disability,disease
2775,C0036875,Disorders of Sex Development,group
2781,C0036920,Sezary Syndrome,disease
2784,C0036974,Shock,phenotype
2787,C0036982,"Shock, Hemorrhagic",phenotype
2788,C0036983,Septic Shock,phenotype
2790,C0036992,Short Bowel Syndrome,disease
2791,C0036996,Short Rib-Polydactyly Syndrome,disease
2794,C0037019,Shy-Drager Syndrome,disease
2797,C0037036,Sialorrhea,disease
2799,C0037052,Sick Sinus Syndrome,disease
2806,C0037188,Sinoatrial Block,disease
2808,C0037199,Sinusitis,disease
2810,C0037221,Situs Inversus,disease
2811,C0037231,Sjogren-Larsson Syndrome,disease
2812,C0037268,Skin Abnormalities,group
2813,C0037274,Dermatologic disorders,group
2819,C0037286,Skin Neoplasms,group
2821,C0037290,Skin Pigmentation,phenotype
2822,C0037293,Skin tag,phenotype
2823,C0037299,Skin Ulcer,phenotype
2825,C0037315,Sleep Apnea Syndromes,disease
2827,C0037317,Sleep disturbances,phenotype
2829,C0037369,Smoking,phenotype
2832,C0037579,Soft Tissue Neoplasms,group
2833,C0037650,Somatoform Disorder,group
2837,C0037763,Spasm,phenotype
2839,C0037769,West Syndrome,disease
2840,C0037771,"Paraparesis, Spastic",phenotype
2841,C0037772,Spastic Paraplegia,disease
2842,C0037773,"Spastic Paraplegia, Hereditary",disease
2844,C0037822,Speech Disorders,group
2864,C0038002,Splenomegaly,phenotype
2866,C0038013,Ankylosing spondylitis,disease
2868,C0038016,Spondylolisthesis,disease
2870,C0038018,Spondylolysis,disease
2876,C0038160,Staphylococcal Infections,group
2879,C0038187,Starvation,phenotype
2882,C0038220,Status Epilepticus,disease
2883,C0038238,Steatorrhea,phenotype
2884,C0038271,Stereotyped Behavior,disease
2885,C0038273,Stereotypic Movement Disorder,phenotype
2886,C0038279,"Sterility, Postpartum",phenotype
2887,C0038325,Stevens-Johnson Syndrome,disease
2890,C0038356,Stomach Neoplasms,group
2891,C0038358,Gastric ulcer,disease
2892,C0038362,Stomatitis,disease
2893,C0038363,Aphthous Stomatitis,disease
2896,C0038379,Strabismus,disease
2898,C0038433,Streptozotocin Diabetes,disease
2899,C0038436,Post-Traumatic Stress Disorder,disease
2900,C0038437,Female stress incontinence,disease
2903,C0038449,Stricture of artery,phenotype
2904,C0038450,Stridor,phenotype
2905,C0038454,Cerebrovascular accident,group
2912,C0038506,Stuttering,phenotype
2914,C0038525,Subarachnoid Hemorrhage,disease
2919,C0038580,Substance Dependence,disease
2920,C0038586,Substance Use Disorders,group
2921,C0038587,Substance Withdrawal Syndrome,disease
2924,C0038644,Sudden infant death syndrome,disease
2926,C0038663,Suicide attempt,phenotype
2931,C0038868,Progressive supranuclear palsy,disease
2937,C0039070,Syncope,phenotype
2938,C0039075,Syndactyly,disease
2940,C0039101,synovial sarcoma,disease
2941,C0039103,Synovitis,disease
2946,C0039144,Syringomyelia,disease
2949,C0039231,Tachycardia,phenotype
2954,C0039240,Supraventricular tachycardia,disease
2956,C0039263,Takayasu Arteritis,disease
2957,C0039273,Talipes cavus,disease
2958,C0039292,Tangier Disease,disease
2960,C0039373,Tay-Sachs Disease,disease
2961,C0039445,Hereditary hemorrhagic telangiectasia,disease
2962,C0039446,Telangiectasis,disease
2964,C0039483,Giant Cell Arteritis,disease
2965,C0039494,Temporomandibular Joint Disorders,group
2967,C0039503,Tendinitis,disease
2970,C0039538,Teratoma,disease
2972,C0039585,Androgen-Insensitivity Syndrome,disease
2973,C0039590,Testicular Neoplasms,group
2975,C0039621,Tetany,disease
2976,C0039685,Tetralogy of Fallot,disease
2977,C0039730,Thalassemia,group
2985,C0040015,Thrombasthenia,disease
2986,C0040021,Thromboangiitis Obliterans,disease
2987,C0040028,"Thrombocythemia, Essential",disease
2988,C0040034,Thrombocytopenia,phenotype
2989,C0040038,Thromboembolism,phenotype
2990,C0040046,Thrombophlebitis,disease
2991,C0040053,Thrombosis,phenotype
2993,C0040100,Thymoma,disease
2997,C0040128,Thyroid Diseases,group
2998,C0040136,Thyroid Neoplasm,disease
2999,C0040137,Thyroid Nodule,disease
3000,C0040147,Thyroiditis,disease
3011,C0040261,Onychomycosis,disease
3013,C0040264,Tinnitus,phenotype
3014,C0040332,Tobacco Dependence,disease
3016,C0040411,Tongue Neoplasms,group
3017,C0040412,Fissured tongue,disease
3019,C0040420,Tonometry,phenotype
3023,C0040433,Tooth Crowding,phenotype
3025,C0040457,"Tooth, Supernumerary",phenotype
3028,C0040479,Torsades de Pointes,disease
3029,C0040485,Torticollis,phenotype
3030,C0040517,Gilles de la Tourette syndrome,disease
3041,C0040715,Chromosomal translocation,phenotype
3042,C0040761,Transposition of Great Vessels,disease
3044,C0040822,Tremor,phenotype
3045,C0040827,Saturnine Tremor,phenotype
3048,C0040947,Trichostrongyloidiasis,disease
3049,C0040953,Trichotillomania,disease
3051,C0040961,Tricuspid Valve Insufficiency,disease
3054,C0040997,Trigeminal Neuralgia,disease
3059,C0041207,"Truncus Arteriosus, Persistent",disease
3060,C0041227,Trypanosomiasis,disease
3062,C0041234,Chagas Disease,disease
3064,C0041296,Tuberculosis,disease
3077,C0041326,Pleural Tuberculosis,disease
3078,C0041327,"Tuberculosis, Pulmonary",disease
3082,C0041341,Tuberous Sclerosis,disease
3084,C0041349,"Nephritis, Tubulointerstitial",disease
3087,C0041408,Turner Syndrome,disease
3088,C0041409,"Turner Syndrome, Male",disease
3091,C0041582,Ulcer,phenotype
3095,C0041671,Attention Deficit Disorder,disease
3097,C0041696,Unipolar Depression,disease
3098,C0041755,Adverse reaction to drug,group
3100,C0041834,Erythema,phenotype
3104,C0041948,Uremia,disease
3107,C0041956,Ureteral obstruction,phenotype
3108,C0041960,Ureterocele,disease
3110,C0041972,Urethral Obstruction,disease
3111,C0041974,Urethral Stenosis,phenotype
3115,C0042024,Urinary Incontinence,phenotype
3116,C0042025,Urinary Stress Incontinence,disease
3119,C0042063,Urogenital Abnormalities,group
3122,C0042076,Urologic Neoplasms,group
3123,C0042109,Urticaria,disease
3124,C0042111,Urticaria Pigmentosa,disease
3126,C0042133,Uterine Fibroids,group
3127,C0042134,Uterine hemorrhage,phenotype
3129,C0042138,Uterine Neoplasms,group
3132,C0042164,Uveitis,disease
3133,C0042165,Anterior uveitis,disease
3135,C0042167,"Uveitis, Posterior",disease
3138,C0042237,Malignant Vaginal Neoplasm,disease
3140,C0042258,Vaginal Neoplasms,group
3142,C0042341,Varicocele,disease
3144,C0042345,Varicosity,disease
3145,C0042373,Vascular Diseases,group
3146,C0042384,Vasculitis,disease
3150,C0042454,Velopharyngeal Insufficiency,disease
3151,C0042484,Venous Engorgement,phenotype
3152,C0042485,Venous Insufficiency,disease
3153,C0042487,Venous Thrombosis,phenotype
3154,C0042510,Ventricular Fibrillation,disease
3156,C0042514,"Tachycardia, Ventricular",disease
3159,C0042571,Vertigo,phenotype
3160,C0042580,Vesico-Ureteral Reflux,disease
3163,C0042656,"Neuralgia, Vidian",phenotype
3166,C0042749,Viremia,disease
3167,C0042769,Virus Diseases,group
3168,C0042781,Visceral Myopathy,disease
3171,C0042798,Low Vision,disease
3173,C0042834,Vital capacity,phenotype
3174,C0042842,Vitamin A Deficiency,disease
3175,C0042847,Vitamin B 12 Deficiency,disease
3177,C0042870,Vitamin D Deficiency,disease
3179,C0042879,Vitamin K Assay,phenotype
3181,C0042900,Vitiligo,disease
3184,C0042928,Vocal Cord Paralysis,disease
3188,C0042963,Vomiting,phenotype
3189,C0042974,von Willebrand Disease,disease
3194,C0043020,Wallerian Degeneration,phenotype
3195,C0043037,Common wart,disease
3197,C0043049,Water Intoxication,disease
3199,C0043094,Weight Gain,phenotype
3201,C0043116,HMN (Hereditary Motor Neuropathy) Proximal Type I,disease
3202,C0043119,Werner Syndrome,disease
3203,C0043121,Wernicke Encephalopathy,disease
3205,C0043144,Wheezing,phenotype
3209,C0043194,Wiskott-Aldrich Syndrome,disease
3210,C0043202,Wolff-Parkinson-White Syndrome,disease
3211,C0043207,Wolfram Syndrome,disease
3212,C0043208,Wolman Disease,disease
3216,C0043346,Xeroderma Pigmentosum,disease
3218,C0043352,Xerostomia,disease
3222,C0043459,Zellweger Syndrome,disease
3228,C0078917,"Albinism, Ocular",disease
3229,C0078918,"Albinism, Oculocutaneous",disease
3233,C0078981,Arachnoid Cysts,disease
3234,C0078982,Arhinencephaly,disease
3235,C0079035,Bradyarrhythmia (disorder),disease
3239,C0079153,"Hyperkeratosis, Epidermolytic",disease
3240,C0079154,Congenital Nonbullous Ichthyosiform Erythroderma,disease
3241,C0079218,"Fibromatosis, Aggressive",disease
3245,C0079294,Epidermolysis Bullosa Dystrophica,disease
3246,C0079295,Epidermolysis Bullosa Herpetiformis Dowling-Meara,disease
3248,C0079298,Epidermolysis Bullosa Simplex,disease
3249,C0079299,Epidermolysis Bullosa Simplex Kobner,disease
3250,C0079301,Junctional Epidermolysis Bullosa,disease
3251,C0079352,Congenital torticollis,disease
3252,C0079474,Hallopeau-Siemens Disease,disease
3254,C0079487,Helicobacter Infections,group
3255,C0079504,Hermanski-Pudlak Syndrome,disease
3256,C0079541,Holoprosencephaly,disease
3257,C0079583,"Ichthyosiform Erythroderma, Congenital",disease
3258,C0079584,Ichthyosis Vulgaris,disease
3259,C0079588,"Ichthyosis, X-Linked",disease
3260,C0079661,Klein's Syndrome,disease
3262,C0079683,Herlitz Disease,disease
3263,C0079731,B-Cell Lymphomas,group
3264,C0079740,High Grade Lymphoma (neoplasm),disease
3265,C0079741,"Lymphoma, Intermediate-Grade",disease
3266,C0079744,Diffuse Large B-Cell Lymphoma,disease
3267,C0079745,"Lymphoma, Large-Cell, Follicular",disease
3269,C0079747,Low Grade Lymphoma (neoplasm),disease
3271,C0079757,Diffuse Mixed-Cell Lymphoma,disease
3272,C0079758,"Lymphoma, Mixed-Cell, Follicular",disease
3273,C0079765,"Lymphoma, Small Cleaved-Cell, Follicular",disease
3275,C0079772,T-Cell Lymphoma,disease
3276,C0079773,"Lymphoma, T-Cell, Cutaneous",disease
3277,C0079774,Peripheral T-Cell Lymphoma,disease
3279,C0079924,Oligohydramnios,phenotype
3280,C0080024,Piebaldism,disease
3281,C0080032,"Pleural Effusion, Malignant",disease
3282,C0080174,Spina Bifida Occulta,disease
3283,C0080178,Spina Bifida,disease
3284,C0080203,Tachyarrhythmia,phenotype
3285,C0080218,Tethered Cord Syndrome,disease
3286,C0080233,Tooth Loss,disease
3287,C0080274,Urinary Retention,phenotype
3289,C0080310,Left Ventricular Function,phenotype
3290,C0080333,Weber-Cockayne Syndrome,disease
3296,C0085083,Ovarian Hyperstimulation Syndrome,disease
3297,C0085084,Motor Neuron Disease,disease
3299,C0085096,Peripheral Vascular Diseases,group
3300,C0085106,Familial benign pemphigus,disease
3301,C0085109,Corneal Neovascularization,disease
3302,C0085110,Severe Combined Immunodeficiency,disease
3305,C0085129,Bronchial Hyperreactivity,disease
3306,C0085131,Gangliosidosis GM1,disease
3307,C0085132,Mucopolysaccharidosis VII,disease
3308,C0085136,Central Nervous System Neoplasms,group
3310,C0085159,Seasonal Affective Disorder,disease
3314,C0085167,Granular cell tumor,disease
3316,C0085183,"Neoplasms, Second Primary",phenotype
3317,C0085207,Gestational Diabetes,phenotype
3318,C0085215,"Ovarian Failure, Premature",disease
3319,C0085220,Cerebral Amyloid Angiopathy,disease
3323,C0085258,Yang Deficiency,phenotype
3324,C0085261,Proteus Syndrome,disease
3327,C0085271,Self-Injurious Behavior,phenotype
3329,C0085278,Antiphospholipid Syndrome,disease
3330,C0085280,Alagille Syndrome,disease
3334,C0085298,Sudden Cardiac Death,phenotype
3335,C0085307,Embolism and Thrombosis,disease
3340,C0085390,Li-Fraumeni Syndrome,disease
3345,C0085400,Neurofibrillary degeneration (morphologic abnormality),phenotype
3351,C0085413,"Polycystic Kidney, Autosomal Dominant",disease
3352,C0085417,"Epilepsy, Complex Partial",disease
3360,C0085541,"Epilepsy, Frontal Lobe",disease
3362,C0085547,"Phenylketonuria, Maternal",disease
3363,C0085548,Autosomal Recessive Polycystic Kidney Disease,disease
3368,C0085576,Iron-Refractory Iron Deficiency Anemia,disease
3370,C0085578,Thalassemia Minor,disease
3371,C0085580,Essential Hypertension,disease
3373,C0085582,Retrobulbar Neuritis,disease
3374,C0085583,Choreoathetosis,disease
3375,C0085584,Encephalopathies,group
3376,C0085593,Chills,phenotype
3379,C0085602,Polydipsia,phenotype
3380,C0085605,Liver Failure,disease
3381,C0085606,Urgency of micturition,disease
3384,C0085612,Ventricular arrhythmia,disease
3385,C0085614,First degree atrioventricular block,disease
3386,C0085615,Right bundle branch block,disease
3387,C0085619,Orthopnea,phenotype
3390,C0085623,Akinesia,disease
3394,C0085631,Agitation,phenotype
3395,C0085632,Apathy,phenotype
3396,C0085633,Mood swings,disease
3397,C0085635,Photopsia,phenotype
3398,C0085636,Photophobia,phenotype
3399,C0085637,Oculogyric crisis,phenotype
3400,C0085639,Falls,phenotype
3410,C0085661,Onycholysis,disease
3415,C0085669,Acute leukemia,disease
3420,C0085682,Hypophosphatemia,phenotype
3433,C0085758,"Aganglionosis, Colonic",disease
3434,C0085762,Alcohol abuse,disease
3435,C0085786,Hamman-Rich syndrome,disease
3437,C0085859,Polyglandular Type I Autoimmune Syndrome,disease
3443,C0085996,Child Development Deviations,disease
3444,C0085997,"Child Development Disorders, Specific",disease
3447,C0086132,Depressive Symptoms,phenotype
3448,C0086133,Depressive Syndrome,disease
3451,C0086189,Drug Withdrawal Symptoms,phenotype
3452,C0086196,"Eczema, Infantile",disease
3456,C0086237,"Epilepsy, Cryptogenic",disease
3458,C0086240,"Epilepsy, Simple Partial",disease
3459,C0086241,"Epilepsy, Tonic",disease
3461,C0086395,"Hearing Loss, Extreme",phenotype
3462,C0086404,Experimental Hepatoma,disease
3463,C0086405,Hereditary Sensory Radicular Neuropathy,disease
3464,C0086431,Hurler-Scheie Syndrome,disease
3466,C0086437,Joint laxity,phenotype
3467,C0086438,Hypogammaglobulinemia,disease
3468,C0086439,Hypokinesia,phenotype
3469,C0086445,Idiopathic Membranous Glomerulonephritis,disease
3472,C0086457,Industrial Dermatosis,disease
3477,C0086540,"Leishmaniasis, New World",disease
3478,C0086541,Urban cutaneous leishmaniasis,disease
3479,C0086543,Cataract,disease
3480,C0086565,Liver Dysfunction,phenotype
3483,C0086647,Mucopolysaccharidosis Type IIIA,disease
3484,C0086648,MPS III B,disease
3485,C0086649,MPS III C,disease
3487,C0086651,"Mucopolysaccharidosis, MPS-IV-A",disease
3488,C0086652,Mucopolysaccharidosis type IVB,disease
3491,C0086692,Benign Neoplasm,group
3493,C0086743,Osteoarthrosis Deformans,disease
3495,C0086769,Panic Attacks,disease
3497,C0086795,Pfaundler-Hurler Syndrome,disease
3504,C0086981,Sicca Syndrome,disease
3505,C0087012,"Ataxia, Spinocerebellar",disease
3506,C0087031,Juvenile-Onset Still Disease,disease
3507,C0087086,Thrombus,phenotype
3508,C0087169,Withdrawal Symptoms,phenotype
3509,C0149504,"Encephalopathy, Toxic",disease
3511,C0149516,Chronic sinusitis,disease
3513,C0149519,Chronic Persistent Hepatitis,disease
3515,C0149521,"Pancreatitis, Chronic",disease
3521,C0149630,Bicuspid aortic valve,disease
3529,C0149651,Clubbing,phenotype
3530,C0149654,Conduct Disorder,disease
3533,C0149678,Epstein-Barr Virus Infections,group
3536,C0149721,Left Ventricular Hypertrophy,disease
3539,C0149727,Abnormality of the lymph nodes,phenotype
3542,C0149744,Oral lesion,phenotype
3543,C0149745,Oral Ulcer,disease
3548,C0149772,Abnormal salivary gland morphology,phenotype
3553,C0149781,Spontaneous pneumothorax,disease
3554,C0149782,Squamous cell carcinoma of lung,disease
3555,C0149793,Amaurosis Fugax,phenotype
3560,C0149840,Senile Tremor,phenotype
3564,C0149871,Deep Vein Thrombosis,disease
3569,C0149886,"Seizure, Febrile, Simple",disease
3577,C0149925,Small cell carcinoma of lung,disease
3579,C0149931,Migraine Disorders,group
3582,C0149940,Sciatic Neuropathy,disease
3586,C0149958,Complex partial seizures,disease
3594,C0150080,Social Communication Disorder,disease
3604,C0151311,Cranial nerve palsies,disease
3605,C0151313,Sensory neuropathy,disease
3609,C0151436,"Vasculitis, Leukocytoclastic, Cutaneous",disease
3616,C0151468,Thyroid Gland Follicular Adenoma,disease
3618,C0151480,Anti-nuclear factor positive,phenotype
3622,C0151514,Atrophic condition of skin,group
3623,C0151516,Thyroid Hypoplasia,disease
3625,C0151526,Premature Birth,phenotype
3626,C0151529,Prolonged bleeding time,phenotype
3633,C0151564,Cogwheel Rigidity,phenotype
3635,C0151572,"Reflex, Corneal, Decreased",phenotype
3637,C0151594,Hemorrhagic diarrhea,disease
3638,C0151603,Anasarca,phenotype
3641,C0151611,Electroencephalogram abnormal,phenotype
3644,C0151632,ESR raised,phenotype
3645,C0151636,Premature ventricular contractions,phenotype
3647,C0151639,Decreased fertility in females,phenotype
3649,C0151650,Renal fibrosis,disease
3651,C0151654,Myocardial fibrosis,phenotype
3653,C0151669,Increased antibody level in blood,phenotype
3656,C0151691,Decreased HDL cholesterol concentration,phenotype
3657,C0151699,Intracranial Hemorrhage,group
3659,C0151714,Hypermagnesemia,disease
3661,C0151721,Testicular hypogonadism,disease
3662,C0151723,Hypomagnesemia,phenotype
3664,C0151740,Intracranial Hypertension,disease
3665,C0151744,Myocardial Ischemia,disease
3666,C0151746,Abnormal renal function,phenotype
3670,C0151779,Cutaneous Melanoma,disease
3672,C0151786,Muscle Weakness,phenotype
3675,C0151811,Subcutaneous nodule,phenotype
3679,C0151825,Bone pain,phenotype
3684,C0151849,Alkaline phosphatase raised,phenotype
3688,C0151860,Acquired porencephaly,disease
3691,C0151872,Prothrombin time increased,phenotype
3693,C0151878,Prolonged QT interval,phenotype
3694,C0151879,Shortened QT interval,phenotype
3695,C0151888,Hyporeflexia,phenotype
3696,C0151889,Hyperreflexia,phenotype
3697,C0151891,Retinal depigmentation,phenotype
3698,C0151900,Serum iron raised,phenotype
3701,C0151908,Dry skin,phenotype
3702,C0151911,Generalized Spasms,phenotype
3706,C0151942,Arterial thrombosis,phenotype
3710,C0151970,Ulcer of esophagus,disease
3714,C0152009,White blood cell abnormality,phenotype
3715,C0152013,Adenocarcinoma of lung (disorder),disease
3717,C0152018,Esophageal carcinoma,disease
3718,C0152020,Gastroparesis,disease
3719,C0152021,Congenital heart disease,group
3720,C0152025,Polyneuropathy,disease
3723,C0152031,Joint swelling,phenotype
3742,C0152101,Hypoplastic Left Heart Syndrome,disease
3743,C0152105,Hypertensive heart disease,disease
3744,C0152109,Juvenile Spinal Muscular Atrophy,disease
3747,C0152115,Lingual-Facial-Buccal Dyskinesia,disease
3750,C0152132,Hypertensive Retinopathy,disease
3760,C0152191,"Scotoma, Central",phenotype
3762,C0152200,Achromatopsia,disease
3767,C0152216,Esophoria,disease
3771,C0152227,Excessive tearing,disease
3774,C0152234,Iniencephaly,disease
3780,C0152252,Anterior synechiae,disease
3781,C0152253,Posterior synechiae,disease
3788,C0152267,"Hodgkin lymphoma, lymphocyte depletion",disease
3789,C0152268,Nodular Sclerosis Classical Hodgkin Lymphoma,disease
3792,C0152415,Ankyloglossia,disease
3795,C0152421,Macrotia,disease
3797,C0152423,Congenital small ears,disease
3799,C0152426,Craniorachischisis,disease
3800,C0152427,Polydactyly,disease
3802,C0152438,Sprengel deformity,disease
3838,C0153349,Malignant neoplasm of tongue,disease
3841,C0153369,Malignant neoplasm of anterior portion of floor of mouth,disease
3843,C0153380,Malignant neoplasm of other specified parts of mouth,disease
3844,C0153381,Malignant neoplasm of mouth,group
3847,C0153390,Malignant neoplasm of posterior wall of oropharynx,disease
3852,C0153396,Malignant tumor of anterior wall of nasopharynx,disease
3855,C0153407,Malignant neoplasm of other sites within the lip and oral cavity,disease
3857,C0153414,Malignant neoplasm of middle third of esophagus,disease
3860,C0153421,Malignant neoplasm of body of stomach,disease
3866,C0153437,Malignant neoplasm of cecum,disease
3870,C0153452,Malignant neoplasm of gallbladder,disease
3879,C0153492,"Malignant neoplasm of lower lobe, bronchus or lung",disease
3880,C0153493,Malignant neoplasm of other parts of bronchus or lung,disease
3884,C0153535,Malignant melanoma of skin of upper limb,disease
3885,C0153536,Malignant melanoma of skin of lower limb,disease
3890,C0153574,Malignant Uterine Corpus Neoplasm,disease
3898,C0153633,Malignant neoplasm of brain,disease
3913,C0153943,Benign neoplasm of stomach,disease
3915,C0154007,Benign neoplasm of testis,disease
3925,C0154088,Carcinoma in situ of prostate,disease
3927,C0154091,Carcinoma in situ of bladder,disease
3936,C0154251,Lipid Metabolism Disorders,group
3951,C0154659,Toxic Encephalitis,disease
3956,C0154681,Anterior Horn Cell Disease,disease
3960,C0154695,Diplegic Infantile Cerebral Palsy,disease
3963,C0154723,Migraine with Aura,disease
3968,C0154748,Lesion of Sciatic Nerve,disease
3969,C0154754,"Hereditary and idiopathic neuropathy, unspecified",disease
3970,C0154778,"Myopia, Degenerative",disease
3974,C0154830,Proliferative diabetic retinopathy,disease
3975,C0154832,Exudative retinopathy,disease
3981,C0154860,Hereditary retinal dystrophy,group
3987,C0154920,Pigmentary iris degeneration,phenotype
3999,C0155017,"Color Blindness, Blue",disease
4007,C0155118,Corneal degeneration,disease
4008,C0155119,Recurrent erosion of cornea,disease
4010,C0155127,"Familial Amyloid Polyneuropathy, Type V",disease
4019,C0155210,Eyelid Xanthoma,disease
4023,C0155299,Coloboma of optic disc,disease
4027,C0155336,Esotropia with accommodative compensation,disease
4042,C0155533,"Tinnitus, Subjective",phenotype
4043,C0155534,"Tinnitus, Objective",phenotype
4046,C0155552,"Hearing Loss, Mixed Conductive-Sensorineural",disease
4059,C0155707,Trifascicular block,disease
4060,C0155708,Other specified conduction disorders,phenotype
4062,C0155733,Atherosclerosis of aorta,phenotype
4077,C0155862,Streptococcal pneumonia,disease
4082,C0155883,Chronic obstructive asthma (with obstructive pulmonary disease),disease
4083,C0155912,Pulmonary Alveolar Microlithiasis,disease
4089,C0156147,Crohn's disease of large bowel,disease
4099,C0156273,Bladder Diverticulum,disease
4109,C0156394,Hypertrophy of clitoris,disease
4123,C0157846,Unspecified infective arthritis involving hand,disease
4128,C0157946,"Osteoarthrosis, localized, not specified whether primary or secondary",disease
4130,C0158113,Contracture of joint of hand,disease
4132,C0158252,Intervertebral disc disorder,group
4133,C0158266,Intervertebral Disc Degeneration,disease
4143,C0158465,Acquired cubitus valgus,disease
4144,C0158486,Acquired genu recurvatum,phenotype
4150,C0158570,Vascular anomaly,phenotype
4161,C0158683,Polycystic liver disease,disease
4165,C0158731,Congenital pectus carinatum,disease
4166,C0158733,Hand polydactyly,disease
4167,C0158734,Polydactyly of toes,disease
4169,C0158761,Radioulnar Synostosis,disease
4172,C0158779,Cervical rib,disease
4179,C0158981,Neonatal diabetes mellitus,disease
4181,C0158986,Neonatal hypoglycemia,disease
4187,C0160390,Injury of liver,disease
4188,C0162154,Atrophic scar,phenotype
4189,C0162164,Congenital stenosis of pulmonary valve,disease
4190,C0162275,Ketonuria,disease
4193,C0162283,Nephrogenic Diabetes Insipidus,disease
4196,C0162292,External Ophthalmoplegia,disease
4197,C0162296,Polyarthralgia,disease
4198,C0162297,Respiratory arrest,phenotype
4199,C0162298,Joint stiffness,phenotype
4200,C0162309,Adrenoleukodystrophy,disease
4201,C0162311,Androgenetic Alopecia,disease
4202,C0162316,Iron deficiency anemia,disease
4203,C0162323,Polyarthritis,disease
4204,C0162351,Contact hypersensitivity,phenotype
4205,C0162359,Christ-Siemens-Touraine syndrome,disease
4206,C0162361,Hidrotic Ectodermal Dysplasia,disease
4208,C0162429,Malnutrition,disease
4215,C0162530,"Porphyria, Erythropoietic",disease
4216,C0162531,Hereditary Coproporphyria,disease
4217,C0162532,Variegate Porphyria,disease
4219,C0162534,Prion Diseases,group
4220,C0162538,Immunoglobulin A deficiency (disorder),disease
4222,C0162557,"Liver Failure, Acute",disease
4223,C0162565,Acute intermittent porphyria,disease
4224,C0162566,Porphyria Cutanea Tarda,disease
4225,C0162568,Erythropoietic Protoporphyria,disease
4230,C0162635,Angelman Syndrome,disease
4233,C0162666,Mitochondrial Encephalomyopathies,disease
4234,C0162668,Megaconial Myopathies,disease
4236,C0162670,Mitochondrial Myopathies,group
4237,C0162671,MELAS Syndrome,disease
4238,C0162672,MERRF Syndrome,disease
4239,C0162674,Chronic progressive external ophthalmoplegia,disease
4245,C0162701,Polysomnography,phenotype
4247,C0162770,Right Ventricular Hypertrophy,disease
4248,C0162809,Kallmann Syndrome,disease
4249,C0162810,"Cicatrix, Hypertrophic",disease
4252,C0162820,"Dermatitis, Allergic Contact",disease
4256,C0162834,Hyperpigmentation,phenotype
4257,C0162835,Hypopigmentation disorder,disease
4265,C0162871,"Aortic Aneurysm, Abdominal",disease
4266,C0162872,"Aortic Aneurysm, Thoracic",disease
4267,C0175683,Citrullinemia,disease
4269,C0175692,Johanson-Blizzard syndrome,disease
4270,C0175693,Russell-Silver syndrome,disease
4271,C0175694,Smith-Lemli-Opitz Syndrome,disease
4272,C0175695,Sotos' syndrome,disease
4274,C0175699,Saethre-Chotzen Syndrome,disease
4275,C0175700,Multiple synostosis syndrome,disease
4276,C0175701,Aarskog syndrome,disease
4278,C0175703,Thrombocytopenia-Absent Radius Syndrome,disease
4279,C0175704,LEOPARD Syndrome,disease
4282,C0175709,Centronuclear myopathy,disease
4284,C0175754,Agenesis of corpus callosum,disease
4286,C0175778,Larsen syndrome,disease
4288,C0177804,Bone Mineral Density Test,phenotype
4295,C0178417,Anhedonia,disease
4300,C0178540,Cerebral Hypoxia-Ischemia,disease
4302,C0178664,Glomerulosclerosis (disorder),disease
4310,C0200633,Neutrophil count (procedure),phenotype
4311,C0200635,Lymphocyte Count measurement,phenotype
4312,C0200637,Monocyte count procedure,phenotype
4313,C0200638,Eosinophil count procedure,phenotype
4314,C0200641,Blood basophil count (lab test),phenotype
4315,C0200665,Platelet mean volume determination (procedure),phenotype
4316,C0200695,Fetal hemoglobin determination,phenotype
4317,C0201278,Antibody measurement (procedure),group
4318,C0201512,Thyroglobulin antibody measurement,phenotype
4319,C0201534,Antiphospholipid antibodies measurement,phenotype
4320,C0201544,Prostate specific antigen measurement,phenotype
4321,C0201657,C-reactive protein measurement,phenotype
4323,C0201836,Alanine aminotransferase measurement,phenotype
4324,C0201850,Alkaline phosphatase measurement,phenotype
4325,C0201874,Amino acids measurement,group
4328,C0201899,Aspartate aminotransferase measurement,phenotype
4329,C0201910,Beta-2-microglobulin measurement,phenotype
4330,C0201925,Calcium measurement,phenotype
4334,C0201968,Cortisol Measurement,phenotype
4335,C0201973,Creatine kinase measurement,phenotype
4336,C0201976,"Creatinine measurement, serum (procedure)",phenotype
4337,C0201983,Dehydroepiandrosterone sulfate measurement (procedure),phenotype
4338,C0202022,Follicle stimulating hormone measurement,phenotype
4340,C0202035,Gamma glutamyl transferase measurement,phenotype
4342,C0202075,17 Hydroxyprogesterone measurement,phenotype
4343,C0202083,Immunoglobulin A measurement,phenotype
4344,C0202098,Insulin measurement,phenotype
4348,C0202117,Low density lipoprotein cholesterol measurement,phenotype
4349,C0202123,Luteinizing hormone measurement,phenotype
4350,C0202159,Parathyroid hormone measurement,phenotype
4353,C0202177,Phospholipid measurement,phenotype
4354,C0202178,Phosphorus measurement,phenotype
4355,C0202194,Potassium measurement,phenotype
4356,C0202202,Protein measurement,group
4358,C0202218,Sex hormone binding globulin measurement,phenotype
4360,C0202230,Thyroid stimulating hormone measurement,phenotype
4361,C0202231,Thyroxine measurement,phenotype
4362,C0202236,Triglycerides measurement,phenotype
4363,C0202239,Uric acid measurement (procedure),phenotype
4364,C0202251,Vitamin B6 measurement,phenotype
4365,C0202252,VITAMIN B12 MEASUREMENT,phenotype
4371,C0205641,"Adenocarcinoma, Basal Cell",disease
4372,C0205642,"Adenocarcinoma, Oxyphilic",disease
4373,C0205643,"Carcinoma, Cribriform",disease
4374,C0205644,"Carcinoma, Granular Cell",disease
4375,C0205645,"Adenocarcinoma, Tubular",disease
4376,C0205646,"Adenoma, Basal Cell",disease
4377,C0205647,Follicular adenoma,disease
4378,C0205648,"Adenoma, Microcystic",disease
4379,C0205649,"Adenoma, Monomorphic",disease
4380,C0205650,Papillary adenoma,disease
4381,C0205651,"Adenoma, Trabecular",disease
4383,C0205682,Waist-Hip Ratio,phenotype
4384,C0205695,"Carcinoid, Goblet Cell",disease
4385,C0205696,Anaplastic carcinoma,disease
4386,C0205697,"Carcinoma, Spindle-Cell",disease
4387,C0205698,Undifferentiated carcinoma,disease
4388,C0205699,Carcinomatosis,phenotype
4390,C0205710,Alpers Syndrome (disorder),disease
4391,C0205711,Pelizaeus-Merzbacher Disease,disease
4392,C0205713,Roussy-Levy Syndrome (disorder),disease
4394,C0205734,"Diabetes, Autoimmune",disease
4398,C0205768,Subependymal Giant Cell Astrocytoma,disease
4399,C0205769,Myxopapillary ependymoma,disease
4401,C0205788,Histiocytoid hemangioma,disease
4407,C0205824,"Liposarcoma, Dedifferentiated",disease
4410,C0205834,"Meningiomas, Multiple",disease
4411,C0205851,Germ cell tumor,disease
4416,C0205875,Papillomatosis,disease
4420,C0205944,"Sarcoma, Epithelioid",disease
4421,C0205945,"Sarcoma, Spindle Cell",disease
4422,C0205969,Thymic Carcinoma,disease
4426,C0206061,"Pneumonia, Interstitial",disease
4427,C0206062,"Lung Diseases, Interstitial",group
4431,C0206081,Hyperandrogenism,disease
4436,C0206115,WAGR Syndrome,disease
4439,C0206141,Idiopathic Hypereosinophilic Syndrome,disease
4444,C0206157,"Myopathies, Nemaline",disease
4445,C0206160,Reticulocytosis,phenotype
4446,C0206161,Reticulocyte count (procedure),phenotype
4449,C0206180,Ki-1+ Anaplastic Large Cell Lymphoma,disease
4450,C0206182,Lymphomatoid Papulosis,disease
4452,C0206245,"Amyloid Neuropathies, Familial",group
4454,C0206307,Canavan Disease,disease
4455,C0206368,Exfoliation Syndrome,disease
4469,C0206620,"Lymphangioma, Cystic",disease
4472,C0206624,Hepatoblastoma,disease
4477,C0206630,Endometrial Stromal Sarcoma,disease
4481,C0206634,"Liposarcoma, Myxoid",disease
4486,C0206639,"Neoplasms, Bone Tissue",group
4491,C0206644,"Histiocytoma, Benign Fibrous",disease
4494,C0206647,Dermatofibrosarcoma,disease
4498,C0206651,Clear Cell Sarcoma of Soft Tissue,disease
4500,C0206654,Leiomyomatosis,disease
4501,C0206655,Alveolar rhabdomyosarcoma,disease
4505,C0206659,Embryonal Carcinoma,disease
4508,C0206663,"Neuroectodermal Tumor, Primitive",disease
4511,C0206667,Adrenal Cortical Adenoma,disease
4512,C0206669,Hepatocellular Adenoma,disease
4521,C0206682,Follicular thyroid carcinoma,disease
4525,C0206686,Adrenocortical carcinoma,disease
4526,C0206687,"Carcinoma, Endometrioid",disease
4527,C0206692,"Carcinoma, Lobular",disease
4529,C0206694,Mucoepidermoid Carcinoma,disease
4530,C0206695,"Carcinoma, Neuroendocrine",disease
4532,C0206698,Cholangiocarcinoma,disease
4540,C0206708,Cervical Intraepithelial Neoplasia,disease
4542,C0206710,Basal Cell Neoplasm,disease
4543,C0206711,Pilomatrixoma,disease
4549,C0206718,Ganglioneuroblastoma,disease
4556,C0206726,gliosarcoma,disease
4557,C0206727,Nerve Sheath Tumors,group
4562,C0206732,Epithelioid hemangioendothelioma,disease
4563,C0206733,Strawberry nevus of skin,disease
4570,C0206743,Rhabdoid Tumor,disease
4575,C0206754,Neuroendocrine Tumors,group
4578,C0220597,Adult Hodgkin Lymphoma,disease
4584,C0220615,Adult Acute Myeloblastic Leukemia,disease
4589,C0220633,Uveal melanoma,disease
4590,C0220636,Malignant neoplasm of salivary gland,disease
4591,C0220641,Lip and Oral Cavity Carcinoma,disease
4599,C0220658,Pfeiffer Syndrome,disease
4601,C0220662,"ARTHROGRYPOSIS, DISTAL, TYPE 1",disease
4602,C0220663,"BLEPHAROPHIMOSIS, PTOSIS, AND EPICANTHUS INVERSUS (disorder)",disease
4605,C0220668,Congenital contractural arachnodactyly,disease
4608,C0220685,Achondrogenesis type 2,disease
4609,C0220687,KBG syndrome,disease
4614,C0220697,"POLYDACTYLY, POSTAXIAL",disease
4615,C0220701,RETINITIS PIGMENTOSA 1,disease
4617,C0220704,Shprintzen syndrome,disease
4618,C0220708,VATER Association,disease
4619,C0220710,Medium-chain acyl-coenzyme A dehydrogenase deficiency,disease
4622,C0220722,Cerebrooculofacioskeletal Syndrome 1,disease
4625,C0220726,Diastrophic dysplasia,disease
4627,C0220743,Childhood hypophosphatasia (disorder),disease
4628,C0220744,Multiple gastrointestinal atresias (disorder),disease
4629,C0220748,Cartilage-hair hypoplasia,disease
4630,C0220754,Biotinidase Deficiency,disease
4631,C0220756,"Niemann-Pick Disease, Type C",disease
4635,C0220767,Craniofrontonasal dysplasia,disease
4636,C0220769,FG syndrome,disease
4641,C0220981,Metabolic acidosis,phenotype
4643,C0220983,Metabolic alkalosis,disease
4649,C0220993,Cystathioninuria,phenotype
4650,C0220994,Hyperammonemia,phenotype
4661,C0221021,Microangiopathic hemolytic anemia,disease
4662,C0221023,Cyclic neutropenia,disease
4664,C0221026,X-linked agammaglobulinemia,disease
4668,C0221032,Familial generalized lipodystrophy,disease
4671,C0221036,Acrodermatitis enteropathica,disease
4672,C0221043,Liddle Syndrome,disease
4676,C0221054,Welander Distal Myopathy,disease
4677,C0221055,Paramyotonia Congenita (disorder),disease
4679,C0221060,Mobius Syndrome,disease
4680,C0221061,Behr syndrome,disease
4689,C0221154,Paroxysmal hypertension,disease
4696,C0221170,Muscular stiffness,phenotype
4697,C0221182,Chordee,disease
4698,C0221184,Bitemporal Hemianopia,phenotype
4702,C0221210,Congenital malrotation of intestine,disease
4705,C0221217,Neck webbing,disease
4708,C0221227,Centriacinar Emphysema,disease
4712,C0221238,Mesangial proliferative glomerulonephritis,disease
4719,C0221253,Xanthoma tendinosum,disease
4721,C0221260,Dystrophia unguium,disease
4722,C0221261,Koilonychia,phenotype
4723,C0221262,Poliosis,disease
4724,C0221263,Cafe-au-Lait Spots,phenotype
4731,C0221277,Atypical lymphocyte,phenotype
4732,C0221278,Anisocytosis,phenotype
4738,C0221333,Hypouricemia,phenotype
4741,C0221352,Syndactyly of fingers,disease
4742,C0221353,Horseshoe Kidney,disease
4743,C0221354,Frontal bossing,disease
4744,C0221355,Macrocephaly,disease
4745,C0221356,Brachycephaly,disease
4746,C0221357,Brachydactyly,disease
4747,C0221358,Long narrow head,disease
4751,C0221369,Acquired Camptodactyly,disease
4752,C0221373,Claw hand,disease
4759,C0221406,Pituitary-dependent Cushing's disease,disease
4764,C0221480,Recurrent depression,disease
4767,C0221629,Proximal muscle weakness,phenotype
4772,C0221757,alpha 1-Antitrypsin Deficiency,disease
4784,C0227791,Vaginal Discharge,phenotype
4789,C0231246,Failure to gain weight,phenotype
4792,C0231274,Intolerant of heat,phenotype
4794,C0231341,Premature aging syndrome,disease
4798,C0231519,Gegenhalten,phenotype
4799,C0231528,Myalgia,phenotype
4809,C0231678,Ulnar deviation of the wrist,phenotype
4810,C0231679,Ulnar deviation of the fingers,phenotype
4811,C0231686,"Gait, Unsteady",phenotype
4812,C0231687,Spastic gait,phenotype
4813,C0231688,"Gait, Shuffling",phenotype
4815,C0231690,Titubation,phenotype
4823,C0231712,Waddling gait,phenotype
4828,C0231807,Dyspnea on exertion,phenotype
4831,C0231835,Tachypnea,phenotype
4834,C0231921,Pulmonary function,phenotype
4843,C0232216,Ventricular escape rhythm,phenotype
4852,C0232462,Decrease in appetite,phenotype
4853,C0232466,Feeding difficulties,phenotype
4864,C0232513,Premature tooth loss,phenotype
4868,C0232608,Nasal regurgitation,phenotype
4873,C0232744,Decreased liver function,phenotype
4881,C0232939,Primary physiologic amenorrhea,disease
4882,C0232940,Secondary physiologic amenorrhea,disease
4901,C0233477,Dysphoric mood,disease
4905,C0233514,Abnormal behavior,phenotype
4906,C0233522,Inappropriate behavior,phenotype
4913,C0233565,Bradykinesia,phenotype
4920,C0233608,Catatonic Rigidity,phenotype
4922,C0233612,Waxy flexibility,phenotype
4935,C0233715,Speech impairment,phenotype
4940,C0233750,Hysterical amnesia,phenotype
4950,C0233773,"Hallucinations, Hypnagogic",phenotype
4956,C0233794,Memory impairment,phenotype
4957,C0233796,Temporary Amnesia,phenotype
4959,C0233844,Clumsiness,phenotype
4960,C0233849,Personality Traits,group
4964,C0234132,Pyramidal sign,phenotype
4965,C0234133,Extrapyramidal sign,phenotype
4966,C0234144,Dysgraphia,disease
4967,C0234146,Absent reflex,phenotype
4968,C0234162,Cerebellar Dysmetria,phenotype
4969,C0234166,Hyperexplexia,phenotype
4970,C0234174,Sucking reflex,phenotype
4972,C0234182,Gowers sign,phenotype
4976,C0234230,"Pain, Burning",phenotype
4978,C0234238,Ache,phenotype
4982,C0234245,Visceral Pain,phenotype
4983,C0234247,"Neuralgia, Atypical",phenotype
4984,C0234249,"Neuralgia, Stump",phenotype
4989,C0234254,Radiating pain,phenotype
5007,C0234371,Continuous Tremor,phenotype
5008,C0234372,Intermittent Tremor,phenotype
5009,C0234373,Fine Tremor,phenotype
5010,C0234374,Coarse Tremor,phenotype
5012,C0234376,Action Tremor,phenotype
5013,C0234377,Passive Tremor,phenotype
5014,C0234378,Static Tremor,phenotype
5015,C0234379,Resting Tremor,phenotype
5017,C0234398,Visual Cortex Disorder,disease
5018,C0234410,Physiologic disinhibition,phenotype
5019,C0234428,Disturbance of consciousness,phenotype
5031,C0234502,Visual Agnosia,phenotype
5038,C0234518,Slurred speech,phenotype
5043,C0234533,Generalized seizures,disease
5044,C0234535,Clonic Seizures,disease
5045,C0234544,Todd Paralysis,phenotype
5046,C0234629,Abnormal color vision,phenotype
5047,C0234632,Reduced visual acuity,phenotype
5048,C0234649,Abnormal saccadic eye movement,disease
5053,C0234853,Facial grimacing,phenotype
5054,C0234860,Weak cry,phenotype
5065,C0234979,Dysdiadochokinesis,phenotype
5066,C0234985,Mental deterioration,phenotype
5072,C0235031,Neurologic Symptoms,group
5076,C0235063,Respiratory Depression,phenotype
5077,C0235078,"Tremor, Perioral",phenotype
5078,C0235081,"Tremor, Limb",phenotype
5079,C0235082,"Tremor, Muscle",phenotype
5081,C0235095,Visual field constriction,phenotype
5083,C0235146,Euphoric mood,phenotype
5089,C0235198,Unable to concentrate,phenotype
5095,C0235259,Subcapsular cataract,disease
5099,C0235280,Ototoxicity,disease
5105,C0235357,Hypoplasia of teeth,disease
5115,C0235480,Paroxysmal atrial fibrillation,disease
5117,C0235527,"Heart Failure, Right-Sided",disease
5118,C0235574,Intravascular hemolysis,disease
5128,C0235659,Reduced fetal movement,phenotype
5131,C0235752,Port-Wine Stain,disease
5138,C0235831,Renal Cell Dysplasia,disease
5140,C0235833,Congenital diaphragmatic hernia,disease
5147,C0235874,Disease Exacerbation,phenotype
5152,C0235896,Pulmonary Infiltrate,phenotype
5157,C0235946,Cerebral atrophy,disease
5164,C0235974,Pancreatic carcinoma,disease
5167,C0235986,Growth hormone excess,phenotype
5170,C0235991,Small for gestational age (disorder),phenotype
5171,C0236000,Jaw pain,phenotype
5172,C0236018,Aura,phenotype
5182,C0236175,Increased IgE level,phenotype
5184,C0236642,Pick Disease of the Brain,disease
5186,C0236663,Alcohol withdrawal syndrome,disease
5187,C0236664,Alcohol-Related Disorders,group
5192,C0236733,Amphetamine-Related Disorders,group
5194,C0236735,Cannabis-Related Disorder,group
5195,C0236736,Cocaine-Related Disorders,group
5197,C0236773,Depressed bipolar I disorder,disease
5198,C0236780,Mixed bipolar I disorder,disease
5201,C0236792,Asperger Syndrome,disease
5203,C0236795,Dissociative Amnesia,phenotype
5206,C0236804,Amphetamine Addiction,disease
5207,C0236807,Amphetamine Abuse,disease
5208,C0236811,Chronobiology Disorders,group
5215,C0236969,Substance-Related Disorders,group
5216,C0236970,Alcohol-Induced Disorders,group
5220,C0237326,Dyschezia,phenotype
5221,C0237653,Immunologic hypersensitivity,phenotype
5238,C0238044,Concentric hypertrophic cardiomyopathy,disease
5242,C0238052,"Xanthomatosis, Cerebrotendinous",disease
5243,C0238056,"Chorea, Senile",disease
5244,C0238062,Chronic intestinal pseudo-obstruction,disease
5245,C0238065,Secondary Biliary Cholangitis,disease
5248,C0238093,Stenosis of duodenum,disease
5267,C0238159,Hemoglobin E disease,disease
5272,C0238198,Gastrointestinal Stromal Tumors,group
5273,C0238207,Ectopic kidney,disease
5282,C0238281,Middle Cerebral Artery Syndrome,phenotype
5284,C0238286,Mucolipidosis Type IV,disease
5285,C0238288,"Muscular Dystrophy, Facioscapulohumeral",disease
5294,C0238339,Hereditary pancreatitis,disease
5296,C0238357,Hyperkalemic periodic paralysis,disease
5297,C0238358,Hypokalemic periodic paralysis,disease
5301,C0238394,Female Pseudohermaphroditism,disease
5302,C0238395,Male Pseudohermaphroditism,disease
5303,C0238397,Pulmonary artery stenosis,disease
5305,C0238402,Pycnodysostosis,disease
5320,C0238462,Medullary carcinoma of thyroid,disease
5321,C0238463,Papillary thyroid carcinoma,disease
5334,C0238621,Aminoaciduria,disease
5338,C0238651,Ankle clonus,phenotype
5349,C0239043,Difficulty chewing,phenotype
5351,C0239067,Difficulty walking up stairs,phenotype
5353,C0239105,Conjunctival telangiectasis,disease
5355,C0239134,Productive Cough,phenotype
5356,C0239137,Coxa valga,phenotype
5357,C0239138,Hip joint varus deformity - observation,phenotype
5358,C0239154,High pitched cry,phenotype
5360,C0239174,Late tooth eruption,phenotype
5361,C0239181,Intermittent diarrhea,phenotype
5365,C0239234,Low set ears,disease
5373,C0239399,Short extremities,phenotype
5375,C0239479,Round face,phenotype
5376,C0239488,Facial erythema,phenotype
5377,C0239548,"Fasciculation, Tongue",phenotype
5381,C0239594,Short finger,phenotype
5382,C0239598,Swelling of finger,phenotype
5383,C0239676,High forehead,phenotype
5394,C0239831,Hand muscle weakness,phenotype
5396,C0239842,Tremor of hands,phenotype
5399,C0239882,Head tremor,phenotype
5402,C0239935,Hematocrit increased,phenotype
5403,C0239937,Microscopic hematuria,phenotype
5404,C0239941,Persistence of hemoglobin F,phenotype
5405,C0239946,"Fibrosis, Liver",disease
5407,C0239981,Hypoalbuminemia,disease
5408,C0239984,Increased IgA level,phenotype
5409,C0239998,Recurrent infections,phenotype
5412,C0240063,Coloboma of iris,disease
5417,C0240116,Hyperactive patellar reflex,phenotype
5420,C0240182,Leukonychia,phenotype
5423,C0240231,Fractures of the long bones,phenotype
5424,C0240278,Lymphatic obstruction,phenotype
5426,C0240309,Hyperplasia of midface,disease
5427,C0240310,Hypoplasia of the maxilla,disease
5429,C0240340,Microdontia (disorder),disease
5431,C0240379,Open mouth (finding),phenotype
5432,C0240412,Muscle hematoma,disease
5435,C0240421,Progressive muscle weakness,phenotype
5437,C0240479,Neck muscle weakness,phenotype
5439,C0240538,Convex nasal ridge,phenotype
5440,C0240543,Bulbous nose,phenotype
5443,C0240595,Rotary Nystagmus,disease
5445,C0240635,Byzanthine arch palate,disease
5448,C0240701,Small penis,phenotype
5451,C0240735,Personality Change,phenotype
5453,C0240783,Increased circulating renin level,phenotype
5459,C0240896,Fundus coloboma,disease
5462,C0240912,Vertical Talus,disease
5463,C0240914,Romberg's sign positive,phenotype
5464,C0240928,Salt craving,phenotype
5466,C0240952,"Dysarthria, Scanning",phenotype
5467,C0240953,Winged scapula,phenotype
5469,C0240991,"Ataxia, Sensory",phenotype
5471,C0240997,Decreased serum ceruloplasmin,phenotype
5472,C0241005,Creatine phosphokinase serum increased,phenotype
5473,C0241011,Low serum estradiol levels,phenotype
5475,C0241013,Increased serum ferritin,phenotype
5478,C0241074,Hyperextensible skin,phenotype
5480,C0241144,Petechiae of skin,phenotype
5481,C0241148,Cutaneous plaque,phenotype
5482,C0241157,pustule,phenotype
5486,C0241210,Speech Delay,disease
5490,C0241240,Tall stature,phenotype
5492,C0241267,Absence of subcutaneous fat,phenotype
5493,C0241355,Small testicle,phenotype
5494,C0241391,Thumb absent,phenotype
5496,C0241397,Triphalangeal thumb,disease
5500,C0241442,Protrusion of tongue,phenotype
5506,C0241654,Abnormal heart valve morphology,phenotype
5509,C0241688,Peripheral visual field loss,phenotype
5510,C0241700,Voice Fatigue,phenotype
5511,C0241703,High pitched voice,phenotype
5513,C0241726,Delayed ability to walk,phenotype
5517,C0241790,Congenital pulmonary arteriovenous malformation,disease
5518,C0241816,Global brain atrophy,phenotype
5526,C0241908,"Hematuria, Benign Familial",disease
5527,C0241910,Autoimmune Chronic Hepatitis,disease
5546,C0242184,Hypoxia,phenotype
5547,C0242216,Biliary calculi,phenotype
5548,C0242217,Calcium Pyrophosphate Dihydrate Deposition,phenotype
5550,C0242231,Coronary Stenosis,disease
5551,C0242287,Isaacs syndrome,disease
5552,C0242292,McCune-Albright Syndrome,disease
5556,C0242339,Dyslipidemias,group
5559,C0242343,Panhypopituitarism,disease
5560,C0242350,Erectile dysfunction,disease
5563,C0242379,Malignant neoplasm of lung,disease
5564,C0242380,Libman-Sacks Disease,disease
5566,C0242383,Age related macular degeneration,disease
5567,C0242387,Mandibulofacial Dysostosis,disease
5569,C0242422,Parkinsonian Disorders,group
5570,C0242423,Ramsay Hunt Paralysis Syndrome,disease
5577,C0242488,Acute Lung Injury,disease
5582,C0242526,"Gonadal Dysgenesis, 45,X",disease
5584,C0242567,Opsoclonus,disease
5588,C0242596,"Neoplasm, Residual",phenotype
5591,C0242647,Mucosa-Associated Lymphoid Tissue Lymphoma,disease
5596,C0242698,"Ventricular Dysfunction, Left",phenotype
5598,C0242706,Hyperoxia,phenotype
5603,C0242788,"Breast Neoplasms, Male",group
5604,C0242852,Proliferative vitreoretinopathy,disease
5618,C0243026,Sepsis,disease
5619,C0243038,"Carcinoma, Lewis Lung",disease
5620,C0243050,Cardiovascular Abnormalities,group
5627,C0259771,Steatocystoma multiplex,disease
5631,C0259783,mixed gliomas,disease
5632,C0259785,Malignant Meningioma,disease
5639,C0260662,Hearing problem,group
5640,C0262361,Growth abnormality,phenotype
5655,C0262431,Compression fracture of vertebral column,phenotype
5657,C0262444,Abnormality of the dentition,phenotype
5674,C0262587,Parathyroid Adenoma,disease
5677,C0262630,Reduced concentration span,phenotype
5678,C0262650,Abnormality of the thymus,disease
5679,C0262655,Recurrent urinary tract infection,disease
5695,C0263006,Perifolliculitis,disease
5710,C0263361,Psoriasis vulgaris,disease
5715,C0263383,Keratosis pilaris,disease
5717,C0263401,Cutis marmorata,disease
5729,C0263454,Chloracne,disease
5735,C0263490,Brittle hair,disease
5736,C0263491,Pili Torti,phenotype
5737,C0263498,Premature canities,phenotype
5741,C0263523,Micronychia (disorder),phenotype
5757,C0263628,Tumoral calcinosis,disease
5764,C0263666,"Dermatomyositis, Childhood Type",disease
5773,C0263859,"Synovitis, Acne, Pustulosis, Hyperostosis, and Osteitis Syndrome",disease
5791,C0264080,Juvenile osteoporosis,disease
5801,C0264172,Barrel chest,phenotype
5806,C0264222,Acute upper respiratory infection,disease
5809,C0264303,Laryngomalacia,disease
5813,C0264353,Bronchomalacia,disease
5816,C0264393,Panacinar Emphysema,disease
5819,C0264408,Childhood asthma,disease
5839,C0264611,Apraxia of Phonation,disease
5850,C0264694,Chronic myocardial ischemia,disease
5872,C0264893,Nodal rhythm disorder,phenotype
5873,C0264906,Second degree atrioventricular block,disease
5887,C0265004,Dilatation of aorta,phenotype
5903,C0265201,De Sanctis-Cacchione syndrome,disease
5904,C0265202,Seckel syndrome,disease
5905,C0265205,Robinow Syndrome,disease
5906,C0265210,Weaver syndrome,disease
5907,C0265211,Marshall-Smith syndrome,disease
5908,C0265213,Distal arthrogryposis syndrome,disease
5909,C0265215,Meckel-Gruber syndrome,disease
5910,C0265216,X-linked hydrocephalus syndrome,disease
5912,C0265219,Miller Dieker syndrome,disease
5913,C0265220,Pallister-Hall syndrome,disease
5914,C0265221,Walker-Warburg congenital muscular dystrophy,disease
5915,C0265222,Royer Syndrome,disease
5916,C0265223,Cohen syndrome,disease
5917,C0265224,Freeman-Sheldon syndrome,disease
5919,C0265227,Schinzel-Giedion syndrome,disease
5920,C0265233,Cryptophthalmos syndrome,disease
5921,C0265234,Branchio-Oto-Renal Syndrome,disease
5922,C0265235,Marshall syndrome,disease
5924,C0265240,Goldenhar Syndrome,disease
5925,C0265241,Franceschetti-Klein syndrome,disease
5927,C0265245,Nager syndrome,disease
5930,C0265251,Oto-Palato-digital syndrome type 1,disease
5931,C0265252,Coffin-Lowry syndrome,disease
5932,C0265253,Stickler syndrome (disorder),disease
5935,C0265259,Popliteal pterygium syndrome,disease
5937,C0265261,Multiple pterygium syndrome,disease
5939,C0265264,Holt-Oram syndrome,disease
5941,C0265267,Congenital Hemidysplasia with Ichthyosiform Erythroderma and Limb Defects,disease
5942,C0265268,Adams Oliver syndrome,disease
5943,C0265269,Lacrimoauriculodentodigital syndrome,disease
5945,C0265274,"Achondrogenesis, type IB (disorder)",disease
5946,C0265275,Jeune thoracic dystrophy,disease
5947,C0265279,Kniest dysplasia,disease
5948,C0265280,"Spondylometaphyseal dysplasia, Kozlowski type",disease
5949,C0265281,Metatropic dwarfism,disease
5951,C0265283,"Atelosteogenesis, type 1",disease
5952,C0265286,Dyggve-Melchior-Clausen syndrome,disease
5953,C0265287,Acromicric Dysplasia,disease
5954,C0265289,Metaphyseal chondrodysplasia Schmid type,disease
5955,C0265290,Metaphyseal chondrodysplasia,disease
5958,C0265293,Frontometaphyseal dysplasia,disease
5959,C0265294,Pyle metaphyseal dysplasia,disease
5960,C0265295,Jansen type metaphyseal chondrodysplasia,disease
5961,C0265301,Sclerosteosis,disease
5962,C0265306,Greig cephalopolysyndactyly syndrome,disease
5963,C0265308,Baller-Gerold syndrome,disease
5964,C0265309,Leri-Weill dyschondrosteosis,disease
5969,C0265323,Peutz-Jeghers polyps of small bowel,disease
5970,C0265325,Turcot syndrome (disorder),disease
5971,C0265326,Bannayan-Riley-Ruvalcaba Syndrome,disease
5975,C0265334,Pachyonychia Congenita,disease
5976,C0265336,Senter syndrome,disease
5977,C0265338,Coffin-Siris syndrome,disease
5978,C0265339,Borjeson-Forssman-Lehmann syndrome,disease
5979,C0265341,Rieger syndrome,disease
5981,C0265343,Jarcho-Levin syndrome,disease
5982,C0265344,Donohue Syndrome,disease
5983,C0265345,Lymphedema distichiasis syndrome,disease
5984,C0265354,CHARGE Syndrome,disease
5985,C0265357,Polysplenia Syndrome,disease
5986,C0265363,Urethral obstruction sequence,disease
6001,C0265529,Plagiocephaly,disease
6003,C0265535,Trigonocephaly,disease
6006,C0265552,Congenital macrodactylia,disease
6007,C0265553,Polysyndactyly,disease
6008,C0265554,Ectrodactyly,disease
6010,C0265563,Congenital dislocation of radial head,disease
6018,C0265610,Clinodactyly of fingers,disease
6024,C0265660,Syndactyly of the toes,disease
6027,C0265677,Congenital hemivertebra,disease
6029,C0265695,Congenital fusion of ribs,disease
6030,C0265699,Congenital hernia of foramen of Morgagni,disease
6031,C0265700,Congenital hernia of foramen of Bochdalek,disease
6033,C0265706,Gastroschisis,disease
6034,C0265729,Mesatipellic pelvis,disease
6037,C0265747,Congenital atresia of nasopharynx,disease
6041,C0265783,Congenital hypoplasia of lung,disease
6050,C0265856,Hypoplasia of right heart,disease
6056,C0265886,Overriding aorta,disease
6060,C0265908,Congenital atresia of pulmonary artery,disease
6066,C0265961,Erythrokeratodermia variabilis,disease
6067,C0265962,Ichthyosis linearis circumflexa,disease
6068,C0265964,Mutilating keratoderma,disease
6069,C0265965,Dyskeratosis Congenita,disease
6070,C0265970,"Porokeratosis, Disseminated Superficial Actinic",disease
6079,C0265998,ANONYCHIA,disease
6080,C0266003,Subungual fibroma,disease
6081,C0266004,"Knuckle pads, leuconychia and sensorineural deafness",disease
6082,C0266006,Pili torti-deafness syndrome,disease
6083,C0266009,Congenital absence of breast,disease
6084,C0266011,Accessory nipple,disease
6091,C0266037,Peg-shaped teeth,disease
6092,C0266039,Taurodontism,disease
6093,C0266050,Failure of exfoliation of primary tooth,phenotype
6098,C0266061,Open Bite,phenotype
6103,C0266111,Bifid tongue,disease
6104,C0266121,Congenital absence of uvula,disease
6105,C0266122,Cleft uvula,disease
6109,C0266174,Duodenal atresia,disease
6111,C0266176,Congenital atresia of ileum,disease
6123,C0266249,Gallbladder anomaly congenital,disease
6128,C0266267,Congenital hypoplasia of pancreas,disease
6132,C0266283,Ectopic thyroid tissue (disorder),phenotype
6134,C0266292,Congenital anomaly of the kidney,group
6135,C0266294,Unilateral agenesis of kidney,disease
6136,C0266295,Congenital hypoplasia of kidney,disease
6141,C0266313,Allanson Pantzar McLeod syndrome,disease
6150,C0266357,Persistent umbilical sinus,disease
6153,C0266362,Ambiguous Genitalia,disease
6154,C0266368,Congenital absence of ovary,disease
6155,C0266371,Streak ovary,disease
6156,C0266383,Uterine Anomalies,group
6158,C0266387,Bicornuate uterus,disease
6160,C0266399,Infantile uterus,disease
6165,C0266432,Leydig cell agenesis,disease
6166,C0266435,Congenital hypoplasia of penis,disease
6170,C0266453,Exencephaly,disease
6174,C0266463,Lissencephaly,disease
6175,C0266464,Polymicrogyria,disease
6177,C0266470,Cerebellar Hypoplasia,disease
6179,C0266483,Pachygyria,disease
6180,C0266484,Schizencephaly,disease
6182,C0266491,Neuronal heterotopia,disease
6188,C0266526,Norrie disease,disease
6190,C0266539,Congenital total cataract,disease
6193,C0266544,Microcornea,disease
6195,C0266551,Congenital coloboma of iris,disease
6199,C0266568,Persistent Hyperplastic Primary Vitreous,disease
6204,C0266589,Congenital ear anomaly NOS (disorder),group
6206,C0266610,Preauricular dimple,disease
6208,C0266617,Congenital anomaly of face,group
6209,C0266619,Potter's facies,disease
6210,C0266623,Congenital anomaly of neck,group
6211,C0266631,Accessory spleen,disease
6213,C0266642,Situs ambiguus,disease
6216,C0266667,Cyclocephaly,disease
6217,C0266677,Synotus,disease
6229,C0266815,Cow milk allergy,phenotype
6237,C0266929,Chronic Periodontitis,disease
6245,C0267048,Glossoptosis,disease
6248,C0267071,Oropharyngeal Dysphagia,disease
6264,C0267373,Intestinal hemorrhage NOS,phenotype
6266,C0267380,Crohn's disease of the ileum,disease
6277,C0267456,Villous atrophy of intestine,disease
6294,C0267662,Congenital chloride diarrhea,disease
6295,C0267663,"Congenital secretory diarrhea, sodium type (disorder)",disease
6315,C0267839,Hepatic amyloidosis,disease
6326,C0267937,Acute recurrent pancreatitis,disease
6327,C0267941,"Pancreatitis, Acute Necrotizing",disease
6328,C0267952,Fibrosis of pancreas,disease
6330,C0267963,Exocrine pancreatic insufficiency,disease
6338,C0268024,"Hyperkalemia, diminished renal excretion",phenotype
6342,C0268060,Juvenile hemochromatosis,disease
6356,C0268117,"Gout, HPRT-Related",disease
6357,C0268118,"Xanthinuria, Type I",disease
6359,C0268120,Adenine phosphoribosyltransferase deficiency,disease
6363,C0268125,Purine-nucleoside phosphorylase deficiency,disease
6364,C0268126,Adenylosuccinate lyase deficiency (disorder),disease
6368,C0268135,"Xeroderma pigmentosum, group A",disease
6369,C0268136,"Xeroderma pigmentosum, group B",disease
6370,C0268138,"Xeroderma Pigmentosum, Complementation Group D",disease
6372,C0268141,"Xeroderma pigmentosum, group G",disease
6373,C0268146,Glucose-6-phosphate transport defect,disease
6375,C0268149,Glycogen storage disease type X,disease
6376,C0268151,Classical galactosemia,disease
6378,C0268155,Deficiency of galactokinase,disease
6380,C0268160,Deficiency of fructokinase,disease
6382,C0268164,"Primary hyperoxaluria, type I",disease
6383,C0268165,Primary hyperoxaluria type 2,disease
6384,C0268179,"Lactase Deficiency, Congenital",phenotype
6386,C0268186,Congenital glucose-galactose malabsorption,disease
6388,C0268193,NADH cytochrome B5 reductase deficiency,disease
6389,C0268194,Phosphoenolpyruvate carboxykinase deficiency,disease
6395,C0268225,Aspartylglucosaminuria,phenotype
6398,C0268233,GALACTOSIALIDOSIS,disease
6399,C0268237,Cytochrome-c Oxidase Deficiency,disease
6400,C0268238,Triglyceride storage disease with ichthyosis,disease
6402,C0268242,"Niemann-Pick Disease, Type A",disease
6403,C0268243,"Niemann-Pick Disease, Type B",disease
6405,C0268248,"Niemann-Pick Disease, Type E",disease
6406,C0268250,"Gaucher Disease, Type 2 (disorder)",disease
6407,C0268251,"Gaucher Disease, Type 3 (disorder)",disease
6409,C0268255,Farber Lipogranulomatosis,disease
6410,C0268262,Metachromatic Leukodystrophy due to Saposin B Deficiency,disease
6411,C0268263,Multiple Sulfatase Deficiency Disease,disease
6412,C0268271,"Gangliosidosis, Generalized GM1, Type 1 (disorder)",disease
6413,C0268272,"Gangliosidosis, Generalized GM1, Type 2",disease
6414,C0268273,"Gangliosidosis, Generalized GM1, Type 3",disease
6416,C0268275,"Tay-Sachs Disease, AB Variant",disease
6421,C0268285,"Adrenal hyperplasia, congenital, type 5",disease
6425,C0268292,Congenital adrenal hyperplasia due to 11-Beta-hydroxylase deficiency,disease
6427,C0268296,17-Hydroxysteroid Dehydrogenase Deficiency,disease
6428,C0268297,Pseudovaginal Perineoscrotal Hypospadias,disease
6429,C0268301,Reifenstein Syndrome,disease
6430,C0268306,Unconjugated hyperbilirubinemia,disease
6431,C0268307,Conjugated hyperbilirubinemia,disease
6435,C0268318,Cholestasis of pregnancy,disease
6437,C0268328,Porphobilinogen synthase deficiency,disease
6438,C0268335,Ehlers-Danlos syndrome type 1,disease
6440,C0268337,"Ehlers-Danlos syndrome, type 3 (disorder)",disease
6441,C0268338,"Ehlers-Danlos Syndrome, Type IV",disease
6443,C0268342,Ehlers-Danlos syndrome type 6,disease
6447,C0268350,"Cutis Laxa, Autosomal Dominant",disease
6448,C0268351,"Cutis Laxa, Autosomal Recessive, Type I",disease
6449,C0268353,"Cutis laxa, x-linked",disease
6450,C0268354,De Barsy syndrome,disease
6451,C0268355,"Cutis Laxa, Autosomal Recessive, Type IIA",disease
6454,C0268358,"Osteogenesis imperfecta, dominant perinatal lethal",disease
6455,C0268360,"Osteogenesis imperfecta, recessive perinatal lethal",disease
6456,C0268362,Osteogenesis imperfecta type III (disorder),disease
6457,C0268363,Osteogenesis imperfecta type IV (disorder),disease
6461,C0268374,Adult junctional epidermolysis bullosa (disorder),disease
6467,C0268383,"Familial amyloid polyneuropathy, type VI",disease
6471,C0268389,"Amyloidosis, familial visceral",disease
6472,C0268390,Muckle-Wells Syndrome,disease
6482,C0268412,Infantile hypophosphatasia,disease
6483,C0268413,Adult hypophosphatasia (disorder),disease
6489,C0268425,Alstrom Syndrome,disease
6491,C0268435,"Renal Tubular Acidosis, Type II",disease
6492,C0268436,"Pseudohypoaldosteronism, Type I",disease
6495,C0268446,Thyrotoxic periodic paralysis,disease
6496,C0268448,Primary hypomagnesemia (disorder),disease
6497,C0268450,Gitelman Syndrome,disease
6502,C0268465,Phenylketonuria II,disease
6503,C0268467,"Hyperphenylalaninemia, BH4-Deficient, B",disease
6504,C0268468,"Dystonia, Dopa-Responsive, due to Sepiapterin Reductase Deficiency",disease
6505,C0268474,Hydroxykynureninuria,phenotype
6508,C0268487,Tyrosine Transaminase Deficiency Disease,disease
6509,C0268490,"Tyrosinemia, Type I",disease
6512,C0268495,Oculocutaneous albinism type 2,disease
6520,C0268523,Glutamate-cysteine ligase deficiency,disease
6524,C0268529,Proline dehydrogenase deficiency,disease
6526,C0268532,Deficiency of prolidase,disease
6527,C0268534,Prolinuria,disease
6528,C0268540,HHH syndrome,disease
6529,C0268542,Ornithine carbamoyltransferase deficiency,disease
6530,C0268543,"Hyperammonemia, type III",disease
6531,C0268547,Argininosuccinic Aciduria,disease
6532,C0268548,Hyperargininemia,phenotype
6533,C0268553,Hyperlysinemias,disease
6538,C0268561,"Hyperglycinemia, Nonketotic, Type I",disease
6540,C0268563,Sarcosinemia,phenotype
6542,C0268569,Intermittent Maple Syrup Urine Disease,disease
6545,C0268575,Isovaleryl-CoA dehydrogenase deficiency,disease
6547,C0268579,Propionic acidemia,disease
6548,C0268581,Holocarboxylase Synthetase Deficiency,disease
6549,C0268583,Methylmalonic acidemia,phenotype
6550,C0268594,Glutaric aciduria,phenotype
6551,C0268595,"Glutaric aciduria, type 1",disease
6552,C0268596,Multiple Acyl Coenzyme A Dehydrogenase Deficiency,disease
6553,C0268600,3-methylcrotonyl CoA carboxylase 1 deficiency,disease
6554,C0268601,HMG CoA lyase deficiency,disease
6555,C0268603,Acetyl-CoA: carboxylase deficiency,disease
6558,C0268609,Glutamate formiminotransferase deficiency,disease
6560,C0268613,Disorder of sulfur-bearing amino acid metabolism,phenotype
6563,C0268618,Cystathioninemia,disease
6565,C0268623,"Tyrosinemia, Type III",disease
6566,C0268624,Sulfite oxidase deficiency,disease
6567,C0268626,Juvenile nephropathic cystinosis (disorder),disease
6568,C0268630,Hyper-beta-alaninemia,phenotype
6569,C0268631,succinic semialdehyde dehydrogenase deficiency,disease
6570,C0268632,Homocarnosinosis,disease
6577,C0268647,Lysinuric Protein Intolerance,disease
6578,C0268654,Iminoglycinuria,disease
6581,C0268689,"Vitamin D-dependent rickets, type 1",disease
6584,C0268731,Renal glomerular disease,group
6589,C0268747,Diffuse mesangial sclerosis (disorder),disease
6598,C0268800,Simple renal cyst,disease
6611,C0269011,Increased size of penis,phenotype
6615,C0269102,Endometrioma,disease
6624,C0269269,Inversion of nipple (disorder),disease
6628,C0269855,Hematoma of cord,phenotype
6638,C0270210,Lucey-Driscoll syndrome (disorder),disease
6647,C0270496,"Schizoaffective disorder, bipolar type",disease
6652,C0270612,Leukoencephalopathy,group
6658,C0270685,Cerebral calcification,phenotype
6667,C0270715,"Degenerative Diseases, Central Nervous System",group
6671,C0270724,Infantile Neuroaxonal Dystrophy,disease
6672,C0270726,Alexander Disease,disease
6675,C0270736,Essential Tremor,disease
6694,C0270816,epilepsy and migraine,disease
6696,C0270823,Petit mal status,disease
6697,C0270824,Visual seizure,disease
6698,C0270834,Complex partial seizure with impairment of consciousness,disease
6699,C0270844,Tonic Seizures,phenotype
6700,C0270846,Epileptic drop attack,disease
6701,C0270847,"Benign Focal Epilepsy, Childhood",disease
6703,C0270851,Benign neonatal epilepsy,disease
6704,C0270853,Juvenile Myoclonic Epilepsy,disease
6708,C0270858,Abdominal Migraine,disease
6711,C0270871,Facial Myokymia,phenotype
6713,C0270911,"Charcot-Marie-Tooth Disease, Type Ia (disorder)",disease
6714,C0270912,"Charcot-Marie-Tooth Disease, Type Ib",disease
6715,C0270913,"Charcot-Marie-Tooth disease, Type 1C",disease
6716,C0270914,Hereditary Motor and Sensory-Neuropathy Type II,disease
6719,C0270922,Peripheral demyelinating neuropathy,disease
6723,C0270948,Neurogenic Muscular Atrophy,phenotype
6725,C0270952,"Muscular Dystrophy, Oculopharyngeal",disease
6730,C0270968,Limb-girdle muscular dystrophy type 2H,disease
6734,C0270972,Cornelia De Lange Syndrome,disease
6736,C0270984,Metabolic myopathy,group
6741,C0271007,Phthisis bulbi,disease
6743,C0271055,Rhegmatogenous retinal detachment,disease
6748,C0271084,Exudative age-related macular degeneration,disease
6750,C0271091,"Retinoschisis, Juvenile, X-Linked",disease
6752,C0271093,Stargardt's disease,phenotype
6753,C0271097,Usher Syndrome,disease
6755,C0271148,Secondary Open Angle Glaucoma,disease
6758,C0271160,Cortical cataract,disease
6763,C0271183,Severe myopia,disease
6764,C0271185,Metamorphopsia,phenotype
6765,C0271196,"Scotoma, Centrocecal",phenotype
6772,C0271270,Oculovestibuloauditory syndrome,disease
6775,C0271287,Schnyder crystalline corneal dystrophy,disease
6778,C0271292,Corneal hypoesthesia,disease
6787,C0271379,Convergence Insufficiency,disease
6791,C0271385,Horizontal Nystagmus,disease
6794,C0271388,Pendular Nystagmus,disease
6796,C0271390,"Nystagmus, End-Position",disease
6800,C0271429,Acute otitis media,disease
6801,C0271441,Chronic otitis media,disease
6813,C0271561,Somatotropin deficiency,disease
6814,C0271567,"Isolated Growth Hormone Deficiency, Type II",disease
6815,C0271568,Laron Syndrome,disease
6817,C0271577,Isolated gonadotropin deficiency,disease
6818,C0271578,Female hypogonadism syndrome,disease
6825,C0271623,Hypogonadotropic hypogonadism,disease
6831,C0271650,Impaired glucose tolerance,phenotype
6834,C0271673,Symmetric Diabetic Proximal Motor Neuropathy,disease
6836,C0271678,Diabetic Mononeuropathy,disease
6840,C0271683,"Polyneuropathy, Motor",disease
6841,C0271685,Diabetic Amyotrophy,disease
6842,C0271686,Diabetic Autonomic Neuropathy,disease
6846,C0271695,Rabson-Mendenhall Syndrome,disease
6851,C0271710,Reactive hypoglycemia,disease
6854,C0271714,"Hypoglycemia, leucine-induced",disease
6860,C0271742,Glucocorticoid deficiency with achalasia,disease
6865,C0271789,"Hypothyroidism, Congenital, Nongoitrous, 4",disease
6874,C0271829,Pendred's syndrome,disease
6891,C0271933,"Congenital dyserythropoietic anemia, type I",disease
6892,C0271934,"Congenital dyserythropoietic anemia, type III",disease
6894,C0271979,Thalassemia Intermedia,disease
6895,C0271980,beta^0^ Thalassemia,disease
6911,C0272052,Rh Deficiency Syndrome,disease
6912,C0272066,Glycogen Storage Disease XII,disease
6916,C0272087,Congenital Methemoglobinemia,disease
6919,C0272126,Evans syndrome,disease
6921,C0272137,Tn Syndrome,disease
6927,C0272167,Reticular dysgenesis,disease
6928,C0272170,Shwachman syndrome,disease
6932,C0272178,Drug-induced neutropenia,disease
6934,C0272187,Congenital leukocyte adherence deficiency,disease
6938,C0272199,Familial Hemophagocytic Lymphocytosis,phenotype
6944,C0272236,Hyperimmunoglobulin M syndrome,disease
6948,C0272242,Complement deficiency disease,group
6963,C0272302,Gray Platelet Syndrome,disease
6974,C0272339,Prekallikrein deficiency,disease
6978,C0272350,"Dysfibrinogenemia, Congenital",disease
6983,C0272375,Antithrombin III Deficiency,disease
6993,C0273115,Lung Injury,disease
7000,C0274861,"Arsenic Poisoning, Inorganic",disease
7001,C0274862,"Nervous System, Organic Arsenic Poisoning",disease
7062,C0276496,Familial Alzheimer Disease (FAD),disease
7122,C0277839,Hoffman's Reflex,phenotype
7124,C0277873,Nasal Flaring,phenotype
7127,C0277942,Butterfly rash,phenotype
7128,C0277959,Coarse hair,phenotype
7129,C0277960,Dry hair,phenotype
7135,C0278061,Abnormal mental state,phenotype
7149,C0278161,"Ataxia, Motor",phenotype
7151,C0278184,Scanning speech,phenotype
7173,C0278510,Childhood Medulloblastoma,disease
7216,C0278701,Gastric Adenocarcinoma,disease
7258,C0278875,Adult Craniopharyngioma,disease
7259,C0278876,Adult Medulloblastoma,disease
7266,C0278883,Metastatic melanoma,disease
7274,C0278996,Malignant Head and Neck Neoplasm,disease
7313,C0279626,Squamous cell carcinoma of esophagus,disease
7315,C0279628,Adenocarcinoma Of Esophagus,disease
7334,C0279663,Serous cystadenocarcinoma ovary,disease
7338,C0279680,Transitional cell carcinoma of bladder,disease
7343,C0279702,Conventional (Clear Cell) Renal Cell Carcinoma,disease
7354,C0279763,endometrial adenoacanthoma,disease
7361,C0279980,Extra-osseous Ewing's sarcoma,disease
7367,C0279987,Childhood Malignant Peripheral Nerve Sheath Tumor,disease
7372,C0280089,Carcinoid tumor of lung,disease
7401,C0280313,Squamous cell carcinoma of oropharynx,disease
7417,C0280630,Uterine Carcinosarcoma,disease
7418,C0280631,Leiomyosarcoma of uterus,disease
7420,C0280725,Adult Cholangiocarcinoma,disease
7425,C0280783,Juvenile Pilocytic Astrocytoma,disease
7426,C0280785,Diffuse Astrocytoma,disease
7430,C0280793,Mixed Oligodendroglioma-Astrocytoma,disease
7437,C0281267,bilateral breast cancer,disease
7442,C0281361,Adenocarcinoma of pancreas,disease
7453,C0281784,Benign Meningioma,disease
7454,C0281788,Biventricular hypertrophy,disease
7456,C0281890,Laryngeal web,disease
7466,C0282102,"Chondrodysplasia punctata, X-linked dominant type",disease
7467,C0282126,"Depression, Neurotic",disease
7468,C0282160,Aplasia Cutis Congenita,disease
7469,C0282193,Iron Overload,disease
7470,C0282201,Phosphate Diabetes,disease
7474,C0282313,"Condition, Preneoplastic",disease
7478,C0282512,Landau-Kleffner Syndrome,disease
7480,C0282525,"Adrenoleukodystrophy, Neonatal",disease
7482,C0282527,Infantile Refsum Disease (disorder),disease
7483,C0282528,Peroxisomal Disorders,group
7487,C0282577,Congenital Disorders of Glycosylation,group
7491,C0282612,Prostatic Intraepithelial Neoplasias,disease
7494,C0282643,"Smith-Lemli-Opitz Syndrome, Type I",disease
7495,C0282644,"Smith-Lemli-Opitz Syndrome, Type II",disease
7523,C0302511,Small for gestational age fetus,phenotype
7525,C0302592,Cervix carcinoma,disease
7530,C0302845,MCV - raised,phenotype
7537,C0302885,Testicular dysgenesis,disease
7538,C0302892,Congenital porencephaly,disease
7545,C0311251,Simple buphthalmos,disease
7552,C0311335,Grand Mal Status Epilepticus,disease
7554,C0311338,Fundus Albipunctatus,disease
7560,C0311370,Lupus anticoagulant disorder,disease
7561,C0311375,Arsenic Poisoning,disease
7564,C0311394,Difficulty walking,phenotype
7565,C0311468,Increased bilirubin level (finding),phenotype
7569,C0312854,Extravascular Hemolysis,disease
7575,C0332563,Papule,phenotype
7576,C0332573,Macule,phenotype
7578,C0332606,Elfin facies,phenotype
7579,C0332615,Myopathic facies,phenotype
7586,C0332878,Congenital contracture,group
7592,C0332890,Congenital hemihypertrophy,disease
7607,C0333068,Flexion contracture,disease
7621,C0333189,Cicatricial stenosis,phenotype
7628,C0333233,Active Hyperemia,phenotype
7659,C0333641,Atrophic,phenotype
7663,C0333704,Chromosome Breaks,phenotype
7664,C0333751,Muscle fiber atrophy,phenotype
7668,C0333864,Giant platelet (morphologic abnormality),phenotype
7672,C0333980,Focal Nodular Hyperplasia,disease
7686,C0334082,"NEVUS, EPIDERMAL (disorder)",disease
7696,C0334121,Inflammatory Myofibroblastic Tumor,disease
7802,C0334488,Clear cell sarcoma of kidney,disease
7837,C0334579,Anaplastic astrocytoma,disease
7838,C0334580,Protoplasmic astrocytoma,disease
7839,C0334581,Gemistocytic astrocytoma,disease
7840,C0334582,Fibrillary Astrocytoma,disease
7841,C0334583,Pilocytic Astrocytoma,disease
7845,C0334588,Giant Cell Glioblastoma,disease
7846,C0334590,Anaplastic Oligodendroglioma,disease
7850,C0334605,Meningothelial meningioma,disease
7851,C0334606,Fibrous Meningioma,disease
7852,C0334607,Psammomatous Meningioma,disease
7853,C0334608,Angiomatous Meningioma,disease
7856,C0334611,Transitional Meningioma,disease
7861,C0334634,"Malignant lymphoma, lymphocytic, intermediate differentiation, diffuse",disease
7874,C0337428,Fibrinogen assay,phenotype
7875,C0337432,Androstenedione measurement,phenotype
7876,C0337434,Estradiol measurement,phenotype
7878,C0337438,Glucose measurement,phenotype
7879,C0337439,Iron measurement,phenotype
7880,C0337443,Sodium measurement,phenotype
7883,C0337677,Moderate drinker,phenotype
7884,C0338070,Childhood Cerebral Astrocytoma,disease
7886,C0338106,Adenocarcinoma of colon,disease
7897,C0338451,Frontotemporal dementia,disease
7898,C0338455,Dementia of frontal lobe type,disease
7901,C0338462,Semantic Dementia,disease
7904,C0338473,Neuroaxonal Dystrophies,group
7905,C0338474,Central nervous system demyelination,disease
7906,C0338478,Idiopathic Myoclonic Epilepsy,disease
7908,C0338480,Common Migraine,disease
7910,C0338484,Familial Hemiplegic Migraine,disease
7912,C0338488,Alternating hemiplegia of childhood,disease
7915,C0338502,Hypoplasia of the optic nerve,disease
7916,C0338503,Septo-Optic Dysplasia,disease
7919,C0338508,Optic Atrophy 1,disease
7927,C0338591,"Amnesia, Transient Global",disease
7930,C0338597,Choroid plexus cyst,phenotype
7931,C0338614,Psychotic episodes,disease
7932,C0338630,Senile Paranoid Dementia,disease
7934,C0338656,Impaired cognition,disease
7936,C0338715,Drug-induced depressive state,disease
7939,C0338831,Manic,disease
7957,C0339273,"Corneal dystrophy, Lattice type 3",disease
7958,C0339277,"Corneal Dystrophy, Juvenile Epithelial of Meesmann",disease
7959,C0339278,Reis-Bucklers' corneal dystrophy,disease
7961,C0339284,Polymorphous corneal dystrophy,disease
7978,C0339477,Lipidemia retinalis,disease
7985,C0339510,Vitelliform Macular Dystrophy,disease
7990,C0339527,Leber Congenital Amaurosis,disease
7994,C0339535,"Night blindness, congenital stationary",disease
7996,C0339539,Familial Exudative Vitreoretinopathy,disease
7997,C0339541,Goldmann-Favre syndrome (disorder),disease
7999,C0339546,Retinal Pigment Epithelial Detachment,disease
8002,C0339573,"Glaucoma, Primary Open Angle",disease
8014,C0339666,Nystagmus and other irregular eye movements,phenotype
8018,C0339682,Regular astigmatism - corneal,disease
8040,C0339985,Idiopathic bronchiectasis,disease
8052,C0340100,High altitude pulmonary edema,disease
8063,C0340279,Ventricular hypertrophy,disease
8075,C0340375,Subaortic stenosis,disease
8078,C0340425,Hypertrophic cardiomyopathy without obstruction,disease
8079,C0340427,Familial dilated cardiomyopathy,disease
8095,C0340543,Familial primary pulmonary hypertension,disease
8097,C0340548,Pulmonary capillary hemangiomatosis,disease
8106,C0340630,"Aortic Aneurysm, Thoracoabdominal",disease
8108,C0340643,Dissection of aorta,disease
8121,C0340803,Capillary malformation (disorder),disease
8125,C0340848,"PULMONARY VENOOCCLUSIVE DISEASE 2, AUTOSOMAL RECESSIVE",disease
8132,C0340968,Deficiency of pyruvate kinase,disease
8134,C0340970,Congenital neutropenia,disease
8136,C0340978,May-Hegglin anomaly,phenotype
8148,C0341106,Eosinophilic esophagitis,disease
8161,C0341306,Microvillus inclusion disease,disease
8166,C0341395,Perianal Crohn's disease,disease
8187,C0341787,Bifid scrotum,disease
8193,C0341869,"Subfertility, Female",disease
8211,C0342185,"Hyperthyroxinemia, Familial Dysalbuminemic",disease
8214,C0342194,Thyroid Dyshormonogenesis 3,disease
8224,C0342273,Transient neonatal diabetes mellitus,disease
8225,C0342276,Maturity onset diabetes mellitus in young,disease
8226,C0342277,Diabetes mellitus autosomal dominant type II (disorder),disease
8227,C0342278,"Diabetes Mellitus, Insulin-Resistant, with Acanthosis Nigricans",disease
8228,C0342282,Multiple synostoses syndrome 1,disease
8230,C0342286,Woodhouse Sakati syndrome,disease
8231,C0342287,Thiamine responsive megaloblastic anemia syndrome,disease
8232,C0342288,Insulin-dependent diabetes mellitus secretory diarrhea syndrome,disease
8234,C0342302,Brittle diabetes,disease
8245,C0342345,Hypoparathyroidism - autosomal dominant,disease
8249,C0342376,Panhypopituitarism - X-linked,disease
8252,C0342384,Idiopathic hypogonadotropic hypogonadism,disease
8262,C0342422,Pituitary gland enlarged,disease
8268,C0342471,3 beta-Hydroxysteroid dehydrogenase deficiency,disease
8269,C0342474,Lipoid congenital adrenal hyperplasia,disease
8270,C0342482,X-linked Adrenal Hypoplasia,disease
8274,C0342495,Macronodular adrenal hyperplasia,phenotype
8279,C0342526,Absent testes,phenotype
8280,C0342527,Deficiency of testosterone biosynthesis,disease
8285,C0342544,Idiopathic central precocious puberty,disease
8288,C0342549,Familial Testotoxicosis,disease
8292,C0342573,PITUITARY DWARFISM I,disease
8301,C0342637,"Hypocalciuric hypercalcemia, familial, type 1",disease
8303,C0342642,Autosomal dominant hypophosphatemic rickets,disease
8305,C0342646,"Vitamin D-Dependent Rickets, Type 2A",disease
8310,C0342684,"Ocular albinism, type I",disease
8311,C0342686,Aromatic amino acid decarboxylase deficiency,disease
8314,C0342701,Transcobalamin II deficiency,disease
8316,C0342705,"Folate Malabsorption, Hereditary",disease
8317,C0342708,Gamma aminobutyric acid transaminase deficiency,disease
8320,C0342727,"3-@METHYLGLUTACONIC ACIDURIA, TYPE I",disease
8321,C0342728,3-Methylglutaconic aciduria type 1,disease
8325,C0342738,Beta-Hydroxyisobutyryl CoA Deacylase Deficiency,disease
8326,C0342739,Trimethylaminuria,disease
8334,C0342765,D-Glyceric aciduria,disease
8335,C0342770,Fumarase deficiency,disease
8340,C0342782,Depletion of mitochondrial DNA,disease
8341,C0342783,Deficiency of butyryl-CoA dehydrogenase,disease
8343,C0342788,Renal carnitine transport defect,disease
8344,C0342790,Carnitine palmitoyl transferase 2 deficiency,disease
8345,C0342791,Carnitine-Acylcarnitine Translocase Deficiency,disease
8346,C0342792,Succinyl-CoA:3-oxoacid CoA transferase deficiency,disease
8350,C0342803,Dihydropyrimidinase deficiency,disease
8352,C0342841,"Hunter's syndrome, severe form",disease
8355,C0342853,Sialuria,disease
8362,C0342870,Bifunctional peroxisomal enzyme deficiency,phenotype
8366,C0342881,Familial hypercholesterolemia - homozygous,disease
8374,C0342895,Fish-Eye Disease,disease
8376,C0342907,Sitosterolemia,disease
8388,C0343055,Generalized pustular psoriasis,disease
8390,C0343065,Dermatographic urticaria,disease
8392,C0343073,Wooly hair,phenotype
8395,C0343082,Senile angioma,disease
8399,C0343110,Epidermolytic palmoplantar keratoderma of Vorner,disease
8400,C0343111,Naegeli syndrome,disease
8401,C0343114,Woolly hair nevus,disease
8408,C0343206,Hypocomplementemic urticarial vasculitis,disease
8420,C0343386,Clostridium difficile infection,disease
8439,C0343640,African Burkitt's lymphoma,disease
8449,C0343755,HIV Wasting Syndrome,disease
8472,C0344232,Blurred vision,phenotype
8474,C0344262,Anterior lenticonus,disease
8476,C0344290,Vitreoretinal degeneration,disease
8478,C0344299,Temporal pallor of optic disc,disease
8479,C0344307,Absence of pain sensation,phenotype
8481,C0344315,Depressed mood,phenotype
8483,C0344386,Schistocytosis,phenotype
8484,C0344395,Bilirubin measurement,phenotype
8486,C0344424,Ventricular Arrhythmia by ECG Finding,phenotype
8492,C0344461,Oligodendroblastoma,disease
8494,C0344479,Spinal Cord Myelodysplasia,disease
8495,C0344482,Hypoplasia of corpus callosum,disease
8497,C0344490,Sacral agenesis,disease
8503,C0344523,"Cataract, congenital, cerulean type 1",disease
8505,C0344529,Cornea plana,disease
8506,C0344530,Congenital keratoglobus,disease
8508,C0344539,Hypoplasia of iris,disease
8510,C0344542,Aniridia type 1,disease
8521,C0344724,Ostium secundum atrial septal defect,disease
8529,C0344905,Left ventricular abnormality,group
8532,C0344917,Left ventricular outflow tract obstruction,disease
8534,C0344925,Perimembranous ventricular septal defect,disease
8541,C0345002,Quadricuspid aortic valve,disease
8542,C0345030,Peripheral pulmonary artery stenosis,disease
8544,C0345050,Congenital aneurysm of ascending aorta,disease
8562,C0345354,Radial polydactyly,disease
8566,C0345392,Congenital kyphoscoliosis,disease
8568,C0345397,Accessory rib,disease
8570,C0345407,"OSTEOPETROSIS, AUTOSOMAL RECESSIVE 3",disease
8577,C0345832,Neoplasm of small intestine,disease
8578,C0345893,Juvenile polyposis syndrome,disease
8580,C0345904,Malignant neoplasm of liver,disease
8581,C0345905,Intrahepatic Cholangiocarcinoma,disease
8586,C0345958,Large cell carcinoma of lung,disease
8591,C0345967,Malignant mesothelioma,disease
8595,C0345988,Neoplasm of skin with adnexal differentiation,disease
8597,C0345996,Milium Cyst,disease
8598,C0346010,Multiple fibrofolliculomas,disease
8605,C0346037,Acral Lentiginous Malignant Melanoma,disease
8624,C0346153,"Breast Cancer, Familial",disease
8629,C0346163,Endometrioid carcinoma ovary,disease
8630,C0346167,Undifferentiated carcinoma of ovary,disease
8642,C0346191,Carcinoma in situ of endometrium,disease
8658,C0346326,Optic Nerve Glioma,disease
8666,C0346373,Malignant melanoma of iris,disease
8677,C0346421,Chronic eosinophilic leukemia,disease
8681,C0346627,Intestinal Cancer,disease
8682,C0346629,Malignant neoplasm of large intestine,disease
8683,C0346647,Malignant neoplasm of pancreas,disease
8693,C0346990,Carcinomatosis of peritoneal cavity,disease
8708,C0347284,Benign tumor of pancreas,disease
8713,C0347646,Perforation of colon,disease
8716,C0347915,Congenital malformation syndromes associated with short stature,disease
8732,C0348626,Other specified cardiac arrhythmias,phenotype
8736,C0348890,"Aplastic anemia, idiopathic",disease
8747,C0349198,Acute transient psychotic disorder,disease
8748,C0349204,Nonorganic psychosis,disease
8754,C0349255,Nonorganic Insomnia,disease
8757,C0349398,Paranoid delusion,disease
8769,C0349489,Fetal Hypoxia,disease
8770,C0349506,Photosensitivity of skin,phenotype
8789,C0349566,Squamous cell carcinoma of tongue,disease
8791,C0349578,Complex Endometrial Hyperplasia,disease
8794,C0349588,Short stature,phenotype
8795,C0349604,Intracranial Meningioma,disease
8803,C0349636,Pre B-cell acute lymphoblastic leukemia,disease
8805,C0349639,Juvenile Myelomonocytic Leukemia,disease
8808,C0349653,Congenital disorder of glycosylation type 1A,disease
8816,C0349702,Corneal Scar,phenotype
8822,C0349788,Arrhythmogenic Right Ventricular Dysplasia,disease
8823,C0353676,Organophosphorus Poisoning,disease
8825,C0362046,Prediabetes syndrome,disease
8827,C0373595,Creatinine clearance measurement,phenotype
8829,C0373601,Dihydrotestosterone Assay,phenotype
8830,C0373607,Ferritin measurement,phenotype
8831,C0373675,Magnesium measurement,phenotype
8833,C0373705,Progesterone measurement,phenotype
8834,C0373721,Selenium measurement,phenotype
8835,C0373745,Vitamin A measurement,phenotype
8843,C0375206,Hemiplegia/hemiparesis,disease
8845,C0375359,Chronic left-sided ulcerative colitis,disease
8854,C0376280,"Anxiety States, Neurotic",disease
8858,C0376300,Dengue Shock Syndrome,disease
8862,C0376338,"Diagnosis, Psychiatric",disease
8864,C0376358,Malignant neoplasm of prostate,disease
8867,C0376384,Nicotine Use Disorder,phenotype
8868,C0376407,Granulomatous Slack Skin,disease
8870,C0376480,Gingival Overgrowth,phenotype
8871,C0376524,Branchio-Oculo-Facial Syndrome,disease
8873,C0376532,"Epilepsy, Rolandic",disease
8875,C0376545,Hematologic Neoplasms,group
8876,C0376618,Endotoxemia,phenotype
8878,C0376628,Chromosome Breakage,phenotype
8879,C0376634,Craniofacial Abnormalities,group
8880,C0376670,"Pancreatitis, Alcoholic",disease
8883,C0376705,Viral Load result,phenotype
8884,C0391816,Tietz syndrome,disease
8887,C0391826,Lhermitte-Duclos disease,disease
8904,C0392163,Corneal erosion,disease
8905,C0392164,Pulmonary Cystic Fibrosis,disease
8912,C0392188,Abnormal rapid eye movement sleep,phenotype
8923,C0392475,Roberts-SC phocomelia syndrome,disease
8924,C0392476,Epiphyseal dysplasia,disease
8929,C0392514,Hereditary hemochromatosis,disease
8931,C0392525,Nephrolithiasis,disease
8935,C0392557,Nuclear cataract,disease
8936,C0392607,Severe combined immunodeficiency due to adenosine deaminase deficiency,disease
8944,C0392699,Dysesthesia,phenotype
8945,C0392702,Abnormal involuntary movement,disease
8948,C0392777,Poikiloderma,disease
8950,C0392788,Nasal Type Extranodal NK/T-Cell Lymphoma,disease
8951,C0392885,High density lipoprotein measurement,phenotype
8962,C0393525,Progressive cerebellar ataxia,disease
8964,C0393538,"Muscular Atrophy, Spinal, Type II",disease
8966,C0393541,Distal Spinal Muscular Atrophy,disease
8969,C0393554,Amyotrophic Lateral Sclerosis With Dementia,disease
8974,C0393561,Subcortical Vascular Dementia,disease
8977,C0393571,Multiple System Atrophy,phenotype
8982,C0393584,Benign Hereditary Chorea,disease
8985,C0393591,AICARDI-GOUTIERES SYNDROME,disease
8992,C0393615,Familial Tremor,disease
8995,C0393642,Sepsis-Associated Encephalopathy,disease
8997,C0393665,"Multiple Sclerosis, Chronic Progressive",disease
9001,C0393676,Panayiotopoulos Syndrome,disease
9004,C0393682,"Epilepsy, Lateral Temporal",disease
9005,C0393683,"Epilepsy, Supplementary Motor",disease
9007,C0393688,"Epilepsy, Opercular",disease
9012,C0393698,Cryptogenic Infantile Spasms,disease
9013,C0393699,Symptomatic Infantile Spasms,disease
9014,C0393702,Myoclonic Astatic Epilepsy,disease
9015,C0393703,Myoclonic Absence Epilepsy,disease
9016,C0393706,Early infantile epileptic encephalopathy with suppression bursts,disease
9022,C0393734,Complex Partial Status Epilepticus,disease
9030,C0393759,Transient Insomnia,phenotype
9033,C0393770,Delayed Sleep Phase Syndrome,disease
9037,C0393787,Secondary Trigeminal Neuralgia,disease
9039,C0393807,Hereditary motor and sensory neuropathy with optic atrophy (disorder),disease
9040,C0393808,"Charcot-Marie-Tooth disease, X-linked, 1",disease
9041,C0393814,Hereditary liability to pressure palsies,disease
9044,C0393835,Diabetic Asymmetric Polyneuropathy,disease
9051,C0393929,Familial infantile myasthenia,disease
9064,C0394006,Dysequilibrium syndrome,disease
9069,C0395837,Stenosis of external auditory canal,disease
9098,C0398568,Blood group deletion syndrome,disease
9106,C0398623,Thrombophilia,disease
9107,C0398625,Protein C Deficiency,disease
9113,C0398641,Epstein syndrome (disorder),disease
9116,C0398650,Immune thrombocytopenic purpura,disease
9119,C0398686,Primary immune deficiency disorder,group
9120,C0398689,"Hyper-IgM Immunodeficiency Syndrome, Type 1",disease
9121,C0398691,Hyperimmunoglobulinemia D,disease
9128,C0398738,Leukocyte adhesion deficiency type 1,disease
9130,C0398746,Gluthathione synthetase deficiency,disease
9136,C0398777,Complement Factor H Deficiency,disease
9138,C0398788,"Immunodeficiency syndrome, variable",disease
9139,C0398791,Nijmegen Breakage Syndrome,disease
9142,C0399352,Developmental absence of tooth,disease
9146,C0399368,"Amelogenesis Imperfecta, Type IB",disease
9147,C0399372,Amelogenesis Imperfecta hypomaturation type,disease
9150,C0399378,Dentinogenesis imperfecta - Shield's type III (disorder),disease
9152,C0399380,"Dentin dyspalsia, Shields type 2",disease
9163,C0399526,Class III malocclusion,disease
9173,C0400823,Neutropenic colitis,disease
9182,C0400966,Non-alcoholic Fatty Liver Disease,disease
9185,C0400979,Obstruction of biliary tree,disease
9190,C0401149,Chronic constipation,phenotype
9191,C0401151,Chronic diarrhea,disease
9195,C0403397,Steroid-resistant nephrotic syndrome,disease
9197,C0403399,Finnish congenital nephrotic syndrome,disease
9200,C0403416,Idiopathic crescentic glomerulonephritis,disease
9207,C0403477,Medullary nephrocalcinosis,disease
9214,C0403553,Renal dysplasia and retinal aplasia (disorder),disease
9215,C0403554,"Renal Tubular Acidosis, Distal, with Progressive Nerve Deafness",disease
9234,C0403810,Oligosynaptic Infertility,disease
9237,C0403814,Congenital bilateral aplasia of vas deferens,disease
9239,C0403823,Asthenozoospermia,disease
9240,C0403824,Teratozoospermia,disease
9241,C0403825,Globozoospermia,phenotype
9258,C0406208,Suntan,phenotype
9275,C0406438,Pterygium of nail,disease
9285,C0406537,Morbilliform Drug Reaction,disease
9287,C0406557,Poikiloderma of Kindler,disease
9291,C0406585,Lethal tight skin contracture syndrome (disorder),disease
9292,C0406586,Wiedemann-Rautenstrauch syndrome,disease
9295,C0406612,Encephalocraniocutaneous lipomatosis,disease
9305,C0406702,"Ectodermal Dysplasia, Hypohidrotic, Autosomal Recessive",disease
9309,C0406716,Hypodontia and nail dysgenesis,disease
9310,C0406723,"Growth retardation, Alopecia, Pseudoanodontia and Optic atrophy",disease
9313,C0406733,Curly hair-ankyloblepharon-nail dysplasia syndrome,disease
9315,C0406740,Kohlschutter Tonz syndrome,disease
9320,C0406778,Dermatopathia pigmentosa reticularis,disease
9322,C0406810,Carney Complex,disease
9323,C0406811,Reticulate acropigmentation of Kitamura,disease
9332,C0409338,Flexion contracture - elbow,disease
9333,C0409345,Flexion contracture - wrist,disease
9335,C0409348,Flexion contracture of proximal interphalangeal joint,phenotype
9336,C0409354,Flexion contracture of hip,disease
9337,C0409477,Ankylosis of the elbow joint,disease
9349,C0409818,"Chronic Infantile Neurological, Cutaneous, and Articular Syndrome",disease
9358,C0409959,"Osteoarthritis, Knee",disease
9369,C0410173,Severe autosomal recessive muscular dystrophy of childhood - North African type (disorder),disease
9370,C0410174,Fukuyama Type Congenital Muscular Dystrophy,disease
9371,C0410179,Ullrich congenital muscular dystrophy 1,disease
9372,C0410180,Eichsfeld type congenital muscular dystrophy,disease
9373,C0410189,"Muscular Dystrophy, Emery-Dreifuss",disease
9374,C0410190,Autosomal Dominant Emery-Dreifuss Muscular Dystrophy (disorder),disease
9377,C0410203,X-linked centronuclear myopathy,disease
9378,C0410204,"Myopathy, Centronuclear, Autosomal Recessive",disease
9379,C0410207,Tubular Aggregate Myopathy,disease
9383,C0410264,Contracture of tendo achilles,disease
9390,C0410528,Skeletal dysplasia,disease
9391,C0410529,Hypochondroplasia (disorder),disease
9392,C0410530,Metachondromatosis,disease
9395,C0410538,Pseudoachondroplasia,disease
9397,C0410574,Synovial Hypertrophy,disease
9398,C0410606,Cervical Disc Degenerative Disorder,disease
9402,C0410632,Schmorl's nodes,disease
9409,C0410702,Adolescent idiopathic scoliosis,disease
9414,C0410916,Neonatal Death,phenotype
9418,C0419415,Birth length,phenotype
9419,C0422837,Neurological observations,group
9420,C0422850,"Seizures, Somatosensory",phenotype
9421,C0422852,"Seizures, Auditory",phenotype
9422,C0422853,Olfactory seizure,phenotype
9423,C0422854,Gustatory seizure,phenotype
9424,C0422855,Vertiginous seizure,phenotype
9431,C0423082,Hypometric saccades,phenotype
9434,C0423109,Upward slant of palpebral fissure,phenotype
9435,C0423110,Downward slant of palpebral fissure,phenotype
9436,C0423112,Short palpebral fissure,phenotype
9437,C0423113,Telecanthus,phenotype
9439,C0423224,Sunken eyes,phenotype
9440,C0423250,Corneal stromal opacities,phenotype
9442,C0423276,Shallow anterior chamber of eye,phenotype
9444,C0423318,Heterochromia iridis,phenotype
9449,C0423361,Posterior Vitreous Detachment,disease
9450,C0423414,Retinal flecking,phenotype
9452,C0423421,Atrophic macular change,phenotype
9453,C0423428,Scarred macula,phenotype
9454,C0423431,Subretinal exudate,phenotype
9458,C0423618,Throbbing Headache,phenotype
9467,C0423711,"Neuralgia, Perineal",phenotype
9468,C0423712,"Neuralgia, Iliohypogastric Nerve",phenotype
9474,C0423757,Thin skin,phenotype
9479,C0423791,Maculopapular Lesion,phenotype
9480,C0423798,Increased tendency to bruise,phenotype
9481,C0423807,Overcurvature of nail,phenotype
9483,C0423813,Splits in nails (finding),phenotype
9485,C0423823,Thin nails,phenotype
9486,C0423848,Distichiasis,disease
9487,C0423867,Fine hair,phenotype
9497,C0424230,Motor retardation,phenotype
9499,C0424295,Hyperactive behavior,phenotype
9500,C0424296,Social disinhibition,disease
9504,C0424375,Biting self,phenotype
9505,C0424448,Mask-like facies,phenotype
9507,C0424492,Coarse features,phenotype
9508,C0424503,Dysmorphic facies,phenotype
9509,C0424551,Impaired exercise tolerance,phenotype
9511,C0424574,Duration of sleep,phenotype
9512,C0424605,Developmental delay (disorder),phenotype
9513,C0424621,Body Fat Distribution,phenotype
9514,C0424678,Lean body mass,phenotype
9518,C0424711,Orbital separation diminished,phenotype
9519,C0424731,Single transverse palmar crease,phenotype
9522,C0424939,Learning difficulties,phenotype
9529,C0425782,Breast size,phenotype
9533,C0425957,Secondary amenorrhea,phenotype
9539,C0426415,Large nose,phenotype
9540,C0426421,Wide nose,phenotype
9541,C0426422,Narrow nose,phenotype
9542,C0426428,Bifid nasal tip,phenotype
9543,C0426429,Broad nasal tip,phenotype
9544,C0426430,Drooping nasal tip,phenotype
9545,C0426433,Pinched nasal tip,phenotype
9549,C0426501,Short frenulum of tongue,phenotype
9555,C0426789,Short thorax,phenotype
9556,C0426790,Narrow thorax,phenotype
9557,C0426799,Congenital hypoplasia of clavicle,disease
9559,C0426805,Hooked clavicle,phenotype
9560,C0426807,Short clavicle,phenotype
9561,C0426808,Long clavicle,phenotype
9563,C0426816,Absence of rib,phenotype
9564,C0426817,Short ribs,phenotype
9565,C0426818,Thin rib,phenotype
9567,C0426824,Beading of ribs,disease
9569,C0426848,Sacral dimple,phenotype
9570,C0426868,Absence of hand,phenotype
9571,C0426870,Large hand,phenotype
9573,C0426886,Tapering fingers (finding),phenotype
9574,C0426891,Broad thumbs,phenotype
9575,C0426900,Tibial torsion,phenotype
9579,C0426970,Spastic Quadriplegia,disease
9583,C0427063,Shoulder girdle weakness,phenotype
9584,C0427064,Pelvic girdle weakness,phenotype
9585,C0427065,Distal muscle weakness,phenotype
9586,C0427086,Involuntary Movements,phenotype
9588,C0427144,Toe-walking gait,phenotype
9589,C0427149,"Gait, Drop Foot",phenotype
9592,C0427190,"Ataxia, Truncal",phenotype
9597,C0427460,Red cell distribution width determination,phenotype
9600,C0427515,Neutrophil abnormality,phenotype
9601,C0427543,Increased blood monocyte number,phenotype
9607,C0428282,Serum creatinine low,phenotype
9608,C0428302,Calcium level result,phenotype
9609,C0428321,Measurement of liver enzyme,phenotype
9610,C0428402,Human chorionic gonadotropin measurement,phenotype
9611,C0428419,Triiodothyronine measurement,phenotype
9612,C0428465,Serum lipids high (finding),phenotype
9613,C0428472,Serum HDL cholesterol measurement,phenotype
9614,C0428474,Serum LDL cholesterol measurement,phenotype
9615,C0428545,Serum transferrin measurement,phenotype
9616,C0428568,Fasting blood glucose measurement,phenotype
9618,C0428580,Vitamin measurement,phenotype
9620,C0428791,Aortic valve calcification,disease
9624,C0428883,Diastolic blood pressure,phenotype
9625,C0428886,Mean blood pressure,phenotype
9626,C0428908,Sinus Node Dysfunction (disorder),disease
9628,C0428975,Supraventricular Arrhythmia by ECG Finding,phenotype
9629,C0428977,Bradycardia,phenotype
9630,C0429021,P wave duration (observable entity),phenotype
9631,C0429028,QT interval feature (observable entity),phenotype
9632,C0429087,Electrocardiogram: P-R interval,phenotype
9633,C0429097,QRS complex feature,phenotype
9638,C0429494,Ocular axial length,phenotype
9641,C0429908,Susceptibility to tuberculosis,phenotype
9643,C0431108,Anaplastic Oligoastrocytoma,disease
9644,C0431109,Choroid Plexus Carcinoma,disease
9647,C0431121,Clear Cell Meningioma,disease
9652,C0431129,Adamantinous Craniopharyngioma,disease
9657,C0431350,Primary microcephaly,disease
9660,C0431362,Lobar Holoprosencephaly,disease
9661,C0431363,Alobar Holoprosencephaly,disease
9663,C0431368,Partial agenesis of corpus callosum,disease
9666,C0431371,Absence of septum pellucidum,disease
9667,C0431375,Classical Lissencephaly,disease
9668,C0431376,Cobblestone Lissencephaly,disease
9671,C0431380,Cortical Dysplasia,disease
9672,C0431384,Colpocephaly,disease
9674,C0431391,Hemimegalencephaly,disease
9675,C0431399,Familial aplasia of the vermis,disease
9676,C0431401,Gillespie syndrome,disease
9683,C0431447,Synophrys,disease
9684,C0431448,Absent eyebrow,disease
9685,C0431478,Posteriorly rotated ear,disease
9688,C0431564,Lobulated tongue,disease
9689,C0431565,Hamartoma of tongue,phenotype
9693,C0431659,Hypoplasia of scrotum,phenotype
9694,C0431663,Bilateral Cryptorchidism,disease
9695,C0431664,Unilateral Cryptorchidism,disease
9699,C0431693,Renal cysts and diabetes syndrome,disease
9701,C0431697,Unilateral renal dysplasia,disease
9705,C0431718,Multiple renal cysts,disease
9707,C0431863,Carpal synostosis,disease
9711,C0431890,Hypoplasia of thumb,disease
9712,C0431904,Ulnar polydactyly of fingers,disease
9714,C0431943,"Lower Extremity Deformities, Congenital",group
9719,C0432072,Dysmorphic features,disease
9720,C0432073,Defect of skull ossification,group
9722,C0432098,Cleft Soft Palate,disease
9723,C0432103,Submucous cleft of hard palate,disease
9725,C0432122,Interfrontal craniofaciosynostosis,disease
9732,C0432163,Defect of vertebral segmentation,disease
9733,C0432185,Aplasia of muscle,disease
9737,C0432198,"Short rib-polydactyly syndrome, Beemer type",disease
9738,C0432201,Boomerang dysplasia,disease
9741,C0432214,Namaqualand hip dysplasia,disease
9742,C0432215,Progressive pseudorheumatoid dysplasia,disease
9743,C0432217,Wolcott-Rallison syndrome,disease
9745,C0432221,"Spondylometaphyseal dysplasia, 'corner fracture' type",disease
9749,C0432227,Brachyolmia Type 3,disease
9751,C0432230,Langer Mesomelic Dysplasia Syndrome,disease
9754,C0432235,CRANIOECTODERMAL DYSPLASIA 1,disease
9759,C0432243,Spondyloepimetaphyseal Dysplasia With Joint Laxity,disease
9761,C0432246,"Microcephalic Osteodysplastic Primordial Dwarfism, Type II",disease
9762,C0432252,Osteoporosis with pseudoglioma,disease
9769,C0432268,Osteopathia striata cranial sclerosis,disease
9770,C0432269,Lenz Majewski hyperostotic dwarfism,disease
9771,C0432272,Van Buchem disease,disease
9775,C0432283,Osteoglophonic dwarfism,disease
9776,C0432284,Infantile myofibromatosis,disease
9777,C0432289,Winchester syndrome (disorder),disease
9778,C0432291,Mandibuloacral dysostosis,disease
9782,C0432306,Ichthyosis Bullosa of Siemens,disease
9786,C0432317,"Epidermolysis bullosa simplex, Ogna type",disease
9787,C0432321,"Epidermolysis bullosa, pretibial",disease
9788,C0432322,"Dominant dystrophic epidermolysis bullosa, albopapular type (disorder)",disease
9792,C0432333,Abnormal dermatoglyphic pattern,disease
9796,C0432355,Hypoplasia of nipple,disease
9806,C0432417,"Trisomy 21, Meiotic Nondisjunction",disease
9811,C0432475,XX males,disease
9828,C0441683,Hormone measurement,group
9831,C0442840,Cardiac embolism,disease
9835,C0442874,Neuropathy,group
9843,C0451641,Urolithiasis,disease
9848,C0451697,Immunodeficiency following hereditary defective response to Epstein-Barr virus,phenotype
9850,C0451720,"Nephrotic syndrome, focal and segmental glomerular lesions",disease
9856,C0452138,"Sensorineural hearing loss, bilateral",disease
9862,C0454455,Mirror movements disorder,disease
9872,C0454596,"Dysarthria, Spastic",phenotype
9874,C0454598,"Dysarthria, Mixed",phenotype
9878,C0454608,"Apraxia, Oral",disease
9880,C0454641,Expressive language delay,phenotype
9881,C0454642,Receptive language delay,disease
9883,C0454644,Delayed speech and language development,phenotype
9885,C0454651,Specific language impairment,disease
9888,C0455308,Serum selenium measurement,phenotype
9892,C0455792,Small scrotum,phenotype
9893,C0455806,Infant length,phenotype
9894,C0455825,Left ventricular mass,phenotype
9895,C0455829,Waist Circumference,phenotype
9897,C0455988,"Hydrops Fetalis, Non-Immune",disease
9903,C0456070,Growth delay,phenotype
9906,C0456103,Sepsis of the newborn,disease
9909,C0456132,Large fontanelle,phenotype
9913,C0456487,Peutz Jehgers polyp,disease
9923,C0456909,Blindness,phenotype
9924,C0457013,Weyers acrofacial dysostosis,disease
9925,C0457133,Muscle eye brain disease,disease
9927,C0457190,Xanthomatous Meningioma,disease
9938,C0457756,Tooth absent,phenotype
9945,C0458247,Allodynia,phenotype
9946,C0458257,"Pain, Splitting",phenotype
9947,C0458259,"Pain, Crushing",phenotype
9953,C0472383,"Subarachnoid Hemorrhage, Spontaneous",phenotype
9955,C0472387,Vasogenic Cerebral Edema,phenotype
9961,C0472767,Beta thalassemia intermedia,disease
9963,C0472777,Hemoglobin E/beta thalassemia disease,disease
9969,C0472813,X-linked agammaglobulinemia with growth hormone deficiency,disease
9971,C0472817,WHIM syndrome,disease
9975,C0473133,Protracted diarrhea,disease
9976,C0473219,Renal hypouricemia,disease
9982,C0473527,Hypoalphalipoproteinemias,disease
9988,C0473579,Porokeratotic eccrine ostial and dermal duct nevus,disease
9994,C0474350,Color of iris,phenotype
10004,C0474535,Mean corpuscular hemoglobin concentration determination,phenotype
10033,C0476089,Endometrial Carcinoma,disease
10036,C0476217,Head movements abnormal,phenotype
10041,C0476254,Dyslexia,disease
10043,C0476273,Respiratory distress,phenotype
10048,C0476397,Electroretinogram abnormal,phenotype
10049,C0476403,Electromyogram abnormal,phenotype
10059,C0477325,Immunodeficiency associated with other specified major defects,disease
10061,C0477362,Other specified extrapyramidal and movement disorders,disease
10064,C0477432,Post-Traumatic Hydrocephalus,disease
10073,C0477729,Other chronic tubulo-interstitial nephritis,disease
10075,C0477972,Other specified congenital malformations of brain,disease
10077,C0477984,Other congenital malformations of anterior segment of eye,disease
10080,C0478019,Other specified congenital malformations of respiratory system,disease
10091,C0489786,Height,phenotype
10097,C0494261,Combined immunodeficiency,disease
10102,C0494410,Nonorganic Sleep Wake Cycle Disorders,disease
10104,C0494463,"Alzheimer Disease, Late Onset",disease
10105,C0494475,Tonic - clonic seizures,disease
10117,C0495706,elevated blood glucose level,phenotype
10118,C0496758,Malignant neoplasm of lateral floor of mouth,disease
10119,C0496775,Malignant neoplasm of abdominal part of esophagus,disease
10126,C0496899,"Benign neoplasm of brain, unspecified",disease
10128,C0496905,Neoplasm of uncertain or unknown behavior of stomach,disease
10129,C0496920,Neoplasm of uncertain or unknown behavior of ovary,disease
10130,C0496924,Neoplasm of uncertain or unknown behavior of testis,disease
10132,C0496956,Neoplasm of uncertain or unknown behavior of breast,disease
10133,C0497156,Lymphadenopathy,phenotype
10135,C0497202,Abnormal ocular motility,phenotype
10142,C0497327,Dementia,disease
10145,C0497406,Overweight,phenotype
10148,C0497552,Congenital neurologic anomalies,group
10149,C0518015,Hemoglobin measurement,phenotype
10150,C0518026,body fat percentage (physical finding),phenotype
10152,C0518656,Chronic fatigue,phenotype
10167,C0520459,Necrotizing Enterocolitis,disease
10168,C0520463,Chronic active hepatitis,disease
10170,C0520477,Prostatic Adenoma,disease
10185,C0520679,"Sleep Apnea, Obstructive",disease
10186,C0520680,"Sleep Apnea, Central",disease
10187,C0520716,Pallidopontonigral degeneration,disease
10191,C0520739,Hereditary pyropoikilocytosis,disease
10200,C0520823,Patellar clonus,phenotype
10204,C0520886,ST segment elevation (finding),phenotype
10210,C0520927,Decreased fertility,phenotype
10212,C0520947,Clumsiness - motor delay,disease
10214,C0520966,Abnormal coordination,phenotype
10218,C0521170,Osteoporotic Fractures,group
10220,C0521174,Microcalcification,phenotype
10227,C0521525,Short neck,phenotype
10233,C0521573,Coloboma of eyelid,phenotype
10236,C0521607,Peritoneal Fibrosis,disease
10241,C0521620,Dilatation of ureter,disease
10242,C0521622,Bilateral hydronephrosis,disease
10247,C0521654,Neurologic Deficits,group
10251,C0521664,Acute Confusional Migraine,disease
10254,C0521683,Chorioretinal degeneration,disease
10271,C0521759,Convergence Nystagmus,disease
10273,C0521761,Non-Fatigable Positional Nystagmus,disease
10277,C0521788,"Tinnitus, Leudet",phenotype
10287,C0522055,Electrocardiogram abnormal,phenotype
10295,C0522214,Abnormal visual evoked potential,phenotype
10296,C0522216,Abnormal auditory evoked potential,phenotype
10297,C0522224,Paralysed,phenotype
10300,C0522345,"Reflex, Acoustic, Abnormal",phenotype
10301,C0522357,"Vertigo, Paroxysmal",phenotype
10303,C0522624,Subcutaneous panniculitis-like T-cell lymphoma,disease
10306,C0523353,Complement factor H measurement,phenotype
10309,C0523446,Acylcarnitines measurement,phenotype
10310,C0523459,Alanine measurement,phenotype
10311,C0523465,Serum albumin measurement,phenotype
10318,C0523560,VLDL cholesterol measurement,phenotype
10322,C0523677,Glycine measurement,phenotype
10325,C0523708,5-Hydroxyindoleacetic acid measurement,phenotype
10326,C0523744,Lipids measurement,group
10331,C0523827,Inorganic phosphate measurement,phenotype
10332,C0523829,Phosphatidylcholine measurement,phenotype
10335,C0523912,Testosterone measurement,phenotype
10339,C0523979,Vitamin D3 measurement,phenotype
10340,C0524524,Pseudoaphakia,disease
10343,C0524582,Mulibrey Nanism,disease
10344,C0524587,Mean Corpuscular Volume (result),phenotype
10346,C0524610,Chronic Alcoholic Hepatitis,disease
10348,C0524620,Metabolic Syndrome X,disease
10354,C0524702,Pulmonary Thromboembolisms,disease
10358,C0524851,Neurodegenerative Disorders,group
10359,C0524909,"Hepatitis B, Chronic",disease
10360,C0524910,"Hepatitis C, Chronic",disease
10364,C0524957,Corneal Topography,phenotype
10366,C0525041,Neurobehavioral Manifestations,phenotype
10367,C0525045,Mood Disorders,group
10372,C0541764,Delayed bone age,phenotype
10375,C0541794,Skeletal muscle atrophy,phenotype
10376,C0541798,Early Awakening,phenotype
10382,C0542035,Erythroid hypoplasia,disease
10389,C0542223,Loss of speech,phenotype
10393,C0542476,Forgetful,phenotype
10394,C0542514,Blue sclera,phenotype
10395,C0542518,Enlarged kidney,phenotype
10402,C0543541,HYPERGLYCINURIA (disorder),disease
10422,C0543859,"Amyotrophic Lateral Sclerosis, Guam Form",disease
10424,C0543888,Epileptic encephalopathy,disease
10437,C0544755,Genu varum,phenotype
10440,C0544796,"Myositis, Proliferative",disease
10448,C0544886,Somatic mutation,phenotype
10449,C0544966,Autophagic vaculoes (finding),phenotype
10452,C0545053,Advanced bone age,phenotype
10459,C0546126,Acute Confusional Senile Dementia,disease
10461,C0546264,Congenital Fiber Type Disproportion,disease
10474,C0546837,Malignant neoplasm of esophagus,disease
10475,C0546878,Nodding spasm,disease
10476,C0546884,Hypovolemia,phenotype
10480,C0546964,Genu recurvatum,disease
10482,C0546966,Monilethrix,disease
10483,C0546967,Posterior embryotoxon,disease
10484,C0546968,Fistula of branchial cleft,disease
10490,C0547065,Mixed oligoastrocytoma,disease
10508,C0549306,Mesomelia,disease
10516,C0549399,Low density lipoprotein increased,phenotype
10520,C0549423,Obstructive Hydrocephalus,disease
10521,C0549448,Hemoglobin increased,phenotype
10522,C0549463,X-Linked Lymphoproliferative Disorder,disease
10524,C0549473,Thyroid carcinoma,disease
10533,C0549629,Abnormal delivery,phenotype
10536,C0553558,Jackknife Seizures,disease
10540,C0553580,Ewings sarcoma,disease
10542,C0553586,Cafe-au-lait macules with pulmonary stenosis,disease
10543,C0553604,Myotonic Disorders,group
10548,C0553681,Hypofibrinogenemia,disease
10558,C0553723,Squamous cell carcinoma of skin,disease
10559,C0553730,Calcium pyrophosphate deposition disease,disease
10564,C0554101,Villous atrophy,phenotype
10571,C0554970,Pallor of optic disc,phenotype
10576,C0555198,Malignant Glioma,disease
10577,C0555202,"Malignant lymphoma - lymphocytic, intermediate differentiation",disease
10578,C0555206,Chiari malformation type II,disease
10585,C0556280,Gross motor impairment,phenotype
10591,C0557874,Global developmental delay,disease
10597,C0558165,Curly hair (finding),phenotype
10607,C0558845,"Reflex, Ankle, Absent",phenotype
10608,C0558846,"Reflex, Triceps, Absent",phenotype
10624,C0560346,Difficulty running,phenotype
10627,C0562350,Hip circumference,phenotype
10631,C0563243,Poor coordination,phenotype
10645,C0566602,Primary sclerosing cholangitis,disease
10646,C0566620,Nasal voice,phenotype
10650,C0566899,Small labia majora,phenotype
10655,C0574002,Edema of foot (finding),phenotype
10658,C0574080,Guanidinoacetate methyltransferase deficiency,disease
10659,C0574083,3-Methylglutaconic aciduria type 2,disease
10664,C0574769,Loss of scalp hair,phenotype
10665,C0574785,Lower Urinary Tract Symptoms,phenotype
10668,C0574974,Finger joint hypermobility,phenotype
10670,C0575059,Spastic tetraparesis,disease
10672,C0575081,Gait abnormality,group
10675,C0575158,Kyphoscoliosis deformity of spine,disease
10679,C0575518,Hypertrophy of upper limb,phenotype
10680,C0575535,Thin clavicle,phenotype
10681,C0575802,Small hand,phenotype
10682,C0575803,Radial deviation of hand,phenotype
10684,C0575897,Thumb deformity,phenotype
10685,C0576093,Knee joint valgus deformity,disease
10686,C0576225,Long foot,phenotype
10687,C0576226,Short foot,phenotype
10688,C0576227,Narrow foot,phenotype
10696,C0577608,C4 complement assay (procedure),phenotype
10699,C0577631,Carotid Atherosclerosis,disease
10700,C0577655,Quadriceps weakness,phenotype
10705,C0578022,Finding of body mass index,phenotype
10706,C0578038,Thin lips,phenotype
10712,C0578475,Cyanotic attack,phenotype
10714,C0578531,Skin dimple,phenotype
10717,C0578626,blue iris (physical finding),phenotype
10721,C0578878,Inflammation of large intestine,phenotype
10731,C0581342,Redundant skin,phenotype
10732,C0581354,Recurrent sinusitis,disease
10738,C0581381,Recurrent upper respiratory tract infection,disease
10776,C0585984,Laryngotracheomalacia,disease
10790,C0587178,Anti-nuclear antibody measurement,phenotype
10791,C0587246,Muscle weakness of limb,phenotype
10792,C0587248,Costello syndrome (disorder),disease
10793,C0588006,Mild depression,disease
10805,C0595939,Stillbirth,phenotype
10815,C0596263,Carcinogenesis,phenotype
10824,C0596887,mathematical ability,phenotype
10839,C0598226,Harlequin type ichthyosis,disease
10840,C0598275,Diffuse cerebral atrophy,phenotype
10843,C0598589,Inherited neuropathies,disease
10844,C0598608,Hyperhomocysteinemia,disease
10852,C0599035,Hyperornithinemia,phenotype
10859,C0599973,Waardenburg Anophthalmia Syndrome,disease
10860,C0600031,Congenital absence of spleen,disease
10861,C0600033,Acquired Kyphoscoliosis,disease
10869,C0600104,Obsessive compulsive behavior,disease
10873,C0600125,Prolonged PR interval,phenotype
10874,C0600139,Prostate carcinoma,disease
10878,C0600178,External Carotid Artery Diseases,group
10879,C0600228,Cardiopulmonary Arrest,phenotype
10881,C0600260,"Lung Diseases, Obstructive",group
10883,C0600298,Periodontosis,disease
10884,C0600327,Toxic Shock Syndrome,disease
10887,C0600427,Cocaine Dependence,disease
10889,C0600452,Hepatopulmonary Syndrome,disease
10892,C0600518,Choroidal Neovascularization,phenotype
10894,C0600520,Left Ventricle Remodeling,phenotype
10895,C0677050,Manganese Poisoning,disease
10902,C0677598,Stomatocytosis Result,phenotype
10904,C0677607,Hashimoto Disease,disease
10911,C0677776,Hereditary Breast and Ovarian Cancer Syndrome,disease
10915,C0677865,Brain Stem Glioma,disease
10917,C0677886,Epithelial ovarian cancer,disease
10930,C0678199,Anemia of inadequate production,disease
10932,C0678202,Regional enteritis,disease
10934,C0678222,Breast Carcinoma,disease
10935,C0678230,Congenital Epicanthus,disease
10942,C0678909,Brain Waves,phenotype
10945,C0679254,Disease recurrence,phenotype
10975,C0684249,Carcinoma of lung,disease
10978,C0684276,Hypsarrhythmia,phenotype
10996,C0685409,Congenital Camptodactyly,disease
11001,C0685695,Abnormal lung lobation,disease
11003,C0685707,Muscular ventricular septum defect,disease
11006,C0685776,Congenital absence of mandible,disease
11008,C0685787,Cleft face,disease
11011,C0685838,Gonadal dysgenesis XX type deafness,disease
11017,C0685891,Congenital hypoplasia of thymus,disease
11026,C0686353,"Muscular Dystrophies, Limb-Girdle",group
11033,C0687120,Nephronophthisis,disease
11035,C0687132,heavy drinking,disease
11038,C0687150,Parathyroid Gland Adenocarcinoma,disease
11041,C0687720,Central Diabetes Insipidus,disease
11049,C0694550,Recurrent pneumonia,disease
11051,C0694563,Excessive daytime somnolence,phenotype
11056,C0696113,Serum ferritin measurement,phenotype
11060,C0699739,"Sensory Neuropathy, Hereditary",disease
11066,C0699790,Colon Carcinoma,disease
11067,C0699791,Stomach Carcinoma,disease
11069,C0699885,Carcinoma of bladder,disease
11075,C0700078,Decreased tendon reflex,phenotype
11083,C0700201,Dyssomnias,disease
11085,C0700225,Serum creatinine raised,phenotype
11087,C0700292,Hypoxemia,phenotype
11093,C0700379,Total iron binding capacity function,phenotype
11094,C0700438,Sick Headaches,disease
11103,C0700639,"Pyloric Stenosis, Hypertrophic",disease
11113,C0702139,Congenital absence of external ear,disease
11116,C0702166,Acne,disease
11118,C0702169,Acrania,disease
11121,C0728829,Congenital pes cavus,disease
11122,C0728877,Serum albumin level,phenotype
11123,C0728895,Absent finger,disease
11156,C0730290,Cone Dystrophy,disease
11158,C0730292,Macular dystrophy,disease
11160,C0730295,BASAL LAMINAR DRUSEN (disorder),disease
11162,C0730303,Capillary hemangioma of retina,disease
11172,C0730345,Microalbuminuria,phenotype
11173,C0730362,Disorder of macula of retina,group
11181,C0733682,"Hypophosphatemic Rickets, X-Linked Dominant",disease
11186,C0740279,Cerebellar atrophy,disease
11192,C0740345,Germ Cell Cancer,disease
11196,C0740376,Middle Cerebral Artery Thrombosis,disease
11201,C0740391,Middle Cerebral Artery Occlusion,disease
11202,C0740392,"Infarction, Middle Cerebral Artery",disease
11203,C0740394,Hyperuricemia,disease
11217,C0740457,Malignant neoplasm of kidney,disease
11231,C0740858,Substance abuse problem,disease
11250,C0741260,Adult onset asthma,disease
11256,C0741494,Elevated total bilirubin,phenotype
11262,C0741796,Recurrent bronchitis,disease
11273,C0742028,Cerebellar vermis atrophy,phenotype
11297,C0743002,Abnormal Deep Tendon Reflex,phenotype
11308,C0743332,Focal Dystonia,disease
11309,C0743360,Recurrent ear infections,group
11324,C0744356,Abnormality of the genital system,phenotype
11345,C0745103,Hyperlipoproteinemia Type IIa,disease
11371,C0746102,Chronic lung disease,disease
11385,C0746674,Generalized muscle weakness,phenotype
11389,C0746787,Cancer of Neck,disease
11394,C0746889,Hyperpigmented nevi,phenotype
11400,C0747085,Recurrent otitis media,disease
11417,C0747651,Recurrent aspiration pneumonia,disease
11444,C0748397,Reynolds syndrome,disease
11451,C0748605,nocturnal seizures,phenotype
11478,C0749794,"Upper Extremity Deformities, Congenital",group
11491,C0750384,Coumarin Resistance,phenotype
11498,C0750880,Monocyte count result,phenotype
11500,C0750900,"Alzheimer's Disease, Focal Onset",disease
11501,C0750901,"Alzheimer Disease, Early Onset",disease
11502,C0750905,"Amino Acid Metabolism, Inherited Disorders",disease
11503,C0750906,Tactile Amnesia,phenotype
11514,C0750928,"Apraxia, Facial-Oral",phenotype
11515,C0750929,"Arnold-Chiari Malformation, Type I",disease
11518,C0750935,Cerebral Astrocytoma,disease
11520,C0750937,"Ataxia, Appendicular",phenotype
11521,C0750940,"Tremor, Rubral",disease
11535,C0750974,"Brain Tumor, Primary",disease
11536,C0750977,Recurrent Brain Neoplasm,disease
11537,C0750979,Primary malignant neoplasm of brain,disease
11554,C0751010,"Cerebral Infarction, Left Hemisphere",phenotype
11557,C0751014,Subcortical Infarction,disease
11564,C0751036,Hereditary Motor and Sensory Neuropathy Type I,disease
11566,C0751038,"Cockayne Syndrome, Type II",disease
11567,C0751039,"Cockayne Syndrome, Type I",disease
11571,C0751056,Non-epileptic convulsion,phenotype
11575,C0751068,"Deafness, Acquired",disease
11576,C0751071,Familial Dementia,disease
11581,C0751081,"Trisomy 21, Mitotic Nondisjunction",disease
11582,C0751083,"Duane Retraction Syndrome, Type 2",disease
11583,C0751084,"Duane Retraction Syndrome, Type 3",disease
11584,C0751088,"Dyskinesia, Medication-Induced",phenotype
11585,C0751093,"Dystonia, Limb",phenotype
11587,C0751110,Single Seizure,disease
11588,C0751111,Awakening Epilepsy,disease
11597,C0751123,Atonic Absence Seizures,phenotype
11602,C0751142,"Facial Palsy, Lower Motor Neuron",phenotype
11606,C0751157,FRAXE Syndrome,disease
11607,C0751161,UDPglucose 4-epimerase deficiency disease,disease
11608,C0751172,Adult Glycogen Storage Disease Type II,disease
11609,C0751173,"Glycogen Storage Disease Type II, Infantile",disease
11611,C0751175,Hallucination of Body Sensation,phenotype
11613,C0751177,Cancer of Head,disease
11615,C0751187,Periorbital Headache,phenotype
11621,C0751197,Fulminant Hepatic Failure with Cerebral Edema,disease
11623,C0751202,Cystathionine beta-Synthase Deficiency Disease,disease
11625,C0751208,Juvenile Huntington Disease,disease
11626,C0751211,"Hyperalgesia, Primary",phenotype
11627,C0751212,"Hyperalgesia, Secondary",phenotype
11628,C0751213,Tactile Allodynia,phenotype
11629,C0751214,"Hyperalgesia, Thermal",phenotype
11632,C0751217,"Hyperkinesia, Generalized",phenotype
11638,C0751249,Chronic Insomnia,disease
11639,C0751250,Psychophysiological Insomnia,disease
11641,C0751252,Sleep Initiation Dysfunction,disease
11643,C0751257,"Auditory Processing Disorder, Central",disease
11644,C0751262,Adult Learning Disorders,group
11645,C0751263,Learning Disturbance,disease
11646,C0751265,Learning Disabilities,disease
11652,C0751279,"Metachromatic Leukodystrophy, Adult-Type (disorder)",disease
11655,C0751291,Desmoplastic Medulloblastoma,disease
11656,C0751292,Age-Related Memory Disorders,group
11658,C0751294,"Memory Disorder, Spatial",phenotype
11659,C0751295,Memory Loss,phenotype
11661,C0751303,Cerebral Convexity Meningioma,disease
11664,C0751324,"Multiple Sclerosis, Acute Fulminating",disease
11673,C0751336,Distal Muscular Dystrophies,group
11674,C0751337,X-Linked Emery-Dreifuss Muscular Dystrophy,disease
11676,C0751340,"Myasthenia Gravis, Ocular",disease
11691,C0751360,Becker Generalized Myotonia,disease
11692,C0751362,Narcolepsy-Cataplexy Syndrome,disease
11694,C0751365,"Cancer, Embryonal and Mixed",disease
11696,C0751371,"Neuralgia, Ilioinguinal",phenotype
11697,C0751372,Nerve Pain,phenotype
11703,C0751383,Juvenile Neuronal Ceroid Lipofuscinosis,disease
11705,C0751395,Mixed Oligodendroglioma-Ependymoma,disease
11706,C0751396,Well Differentiated Oligodendroglioma,disease
11710,C0751406,Post-Traumatic Osteoporosis,disease
11711,C0751407,"Pain, Migratory",phenotype
11712,C0751408,"Suffering, Physical",phenotype
11721,C0751434,Classical phenylketonuria,disease
11722,C0751435,Hyperphenylalaninaemia,disease
11733,C0751461,"Paralysis, Spinal, Quadriplegic",phenotype
11735,C0751466,Phonophobia,disease
11745,C0751477,"Reflex, Knee, Abnormal",phenotype
11747,C0751479,"Reflex, Moro, Asymmetric",phenotype
11756,C0751494,Convulsive Seizures,phenotype
11757,C0751495,"Seizures, Focal",phenotype
11758,C0751496,"Seizures, Sensory",phenotype
11768,C0751510,Sleep-Related Neurogenic Tachypnea,phenotype
11772,C0751514,Verbal Fluency Disorders,phenotype
11773,C0751522,"Status Epilepticus, Subclinical",disease
11774,C0751523,Non-Convulsive Status Epilepticus,disease
11775,C0751524,Simple Partial Status Epilepticus,phenotype
11782,C0751544,Tangier Disease Neuropathy,disease
11790,C0751559,Pulsatile Tinnitus,disease
11792,C0751564,Pill Rolling Tremor,phenotype
11793,C0751565,"Tremor, Semirhythmic",phenotype
11795,C0751571,Cancer of Urinary Tract,disease
11804,C0751587,CADASIL Syndrome,disease
11811,C0751597,"Ataxia with Lactic Acidosis, Type I",disease
11812,C0751602,Hereditary Autosomal Dominant Spastic Paraplegia,disease
11813,C0751603,Autosomal Recessive Hereditary Spastic Paraplegia,disease
11814,C0751604,Hereditary X-Linked Recessive Spastic Paraplegia,disease
11833,C0751651,Mitochondrial Diseases,group
11836,C0751663,"Canavan Disease, Familial Form",disease
11845,C0751674,Lymphangioleiomyomatosis,disease
11847,C0751676,Basal Cell Cancer,disease
11857,C0751706,Primary Progressive Nonfluent Aphasia,disease
11869,C0751733,"Degenerative Diseases, Spinal Cord",group
11874,C0751748,Nonketotic Hyperglycinemia,disease
11876,C0751751,"Argininosuccinic Acid Synthetase Deficiency, Complete",disease
11886,C0751776,Atypical Inclusion-Body Disease,disease
11888,C0751778,"Myoclonic Epilepsies, Progressive",disease
11889,C0751779,Action Myoclonus-Renal Failure Syndrome,disease
11890,C0751780,Biotin-Responsive Encephalopathy,disease
11892,C0751782,May-White Syndrome,disease
11893,C0751783,Lafora Disease,disease
11895,C0751785,Unverricht-Lundborg Syndrome,disease
11902,C0751824,Sagittal Sinus Thrombophlebitis,disease
11908,C0751837,Gait Ataxia,phenotype
11909,C0751845,Middle Cerebral Artery Embolus,phenotype
11910,C0751846,Left Middle Cerebral Artery Infarction,phenotype
11911,C0751847,"Embolic Infarction, Middle Cerebral Artery",phenotype
11912,C0751848,"Thrombotic Infarction, Middle Cerebral Artery",phenotype
11915,C0751851,Arsenic Encephalopathy,disease
11916,C0751852,Arsenic Induced Polyneuropathy,disease
11929,C0751872,"Immune Disorders, Nervous System",disease
11932,C0751882,"Myasthenic Syndromes, Congenital",disease
11934,C0751884,"Congenital Myasthenic Syndromes, Presynaptic",disease
11935,C0751885,"Myasthenic Syndromes, Congenital, Slow Channel",disease
11938,C0751888,Mesencephalic Neoplasms,disease
11945,C0751901,"Tic, Vocal",phenotype
11951,C0751916,Classic Pelizaeus-Merzbacher Disease,disease
11956,C0751924,"Neuralgia-Neuritis, Sciatic Nerve",disease
11959,C0751951,Central Core Myopathy (disorder),disease
11963,C0751955,Brain Infarction,disease
11964,C0751956,Acute Cerebrovascular Accidents,disease
11965,C0751958,"Lymphoma, Lymphocytic, Intermediate",disease
11968,C0751967,"Multiple Sclerosis, Relapsing-Remitting",disease
11970,C0752097,Autosomal Dominant Juvenile Parkinson Disease,disease
11971,C0752098,Autosomal Dominant Parkinsonism,disease
11972,C0752100,Autosomal Recessive Parkinsonism,disease
11973,C0752101,"Parkinsonism, Experimental",disease
11974,C0752104,Familial Juvenile Parkinsonism,disease
11975,C0752105,"Parkinsonism, Juvenile",disease
11979,C0752120,Spinocerebellar Ataxia Type 1,disease
11980,C0752121,Spinocerebellar Ataxia Type 2,disease
11981,C0752122,Spinocerebellar Ataxia Type 4,disease
11982,C0752123,Spinocerebellar Ataxia Type 5,disease
11983,C0752124,Spinocerebellar Ataxia Type 6 (disorder),disease
11984,C0752125,Spinocerebellar Ataxia Type 7,disease
11986,C0752130,Spinal Cord Ischemia,disease
11997,C0752166,Bardet-Biedl Syndrome,disease
11999,C0752197,Adult-Onset Dystonias,disease
12004,C0752202,Childhood Onset Dystonias,disease
12005,C0752203,"Dystonia, Primary",disease
12006,C0752205,"Dystonia, Secondary",disease
12007,C0752206,"Dystonias, Sporadic",disease
12032,C0752307,"Anoxia-Ischemia, Cerebral",disease
12033,C0752308,"Hypoxia-Ischemia, Brain",disease
12035,C0752324,Focal Tonic Seizures,disease
12039,C0752347,Lewy Body Disease,disease
12042,C0752353,"Atrophy, Muscular, Spinobulbar",disease
12043,C0752355,Myotonia Fluctuans (disorder),disease
12046,C0795690,Congenital omphalocele,disease
12066,C0795830,CHROMOSOME 9p DELETION SYNDROME,disease
12068,C0795833,KLEEFSTRA SYNDROME 1,disease
12071,C0795841,Jacobsen Distal 11q Deletion Syndrome,disease
12080,C0795864,Smith-Magenis syndrome,disease
12087,C0795889,Allan-Herndon-Dudley syndrome (AHDS),disease
12090,C0795905,Cantu syndrome,disease
12091,C0795907,CONOTRUNCAL ANOMALY FACE SYNDROME,disease
12092,C0795910,COWCHOCK SYNDROME,disease
12097,C0795934,Digitorenocerebral Syndrome,disease
12101,C0795950,Corpus callosum agenesis neuronopathy,disease
12102,C0795953,MASA SYNDROME (disorder),disease
12103,C0795956,Chylomicron retention disease,disease
12105,C0795996,"STRIATONIGRAL DEGENERATION, INFANTILE (disorder)",disease
12106,C0795998,JACKSON-WEISS SYNDROME,disease
12109,C0796003,Juberg-Marsidi syndrome,disease
12110,C0796004,Kabuki make-up syndrome,disease
12111,C0796012,Krause-Kivlin syndrome,disease
12114,C0796019,SPASTIC PARAPLEGIA 23 (disorder),disease
12117,C0796028,"ATAXIA, FATAL X-LINKED, WITH DEAFNESS AND LOSS OF VISION",disease
12119,C0796032,Malpuech facial clefting syndrome,disease
12122,C0796037,Martsolf syndrome,disease
12125,C0796059,Oculopalatoskeletal syndrome,disease
12126,C0796063,microcephaly-digital anomalies syndrome,disease
12128,C0796070,"MICROPHTHALMIA, SYNDROMIC 7",disease
12129,C0796074,MOHR-TRANEBJAERG SYNDROME,disease
12132,C0796085,Nance-Horan syndrome,disease
12134,C0796093,Odontoonychodermal dysplasia,disease
12136,C0796095,Opitz trigonocephaly syndrome,disease
12138,C0796113,"Nephroblastomatosis, fetal ascites, macrosomia and Wilms tumor",disease
12142,C0796126,AICARDI-GOUTIERES SYNDROME 1,disease
12144,C0796135,Renpenning syndrome 1,disease
12146,C0796147,Acrocallosal Syndrome,disease
12148,C0796154,"SIMPSON-GOLABI-BEHMEL SYNDROME, TYPE 1",disease
12149,C0796159,Mental retardation Smith Fineman Myers type,disease
12150,C0796160,"MENTAL RETARDATION, X-LINKED, SNYDER-ROBINSON TYPE",disease
12151,C0796173,Spondyloperipheral dysplasia short ulna,disease
12156,C0796195,Waisman syndrome,disease
12157,C0796200,Wieacker-Wolff syndrome,disease
12159,C0796205,"SPINOCEREBELLAR ATAXIA, X-LINKED 1",disease
12162,C0796208,"MENTAL RETARDATION, X-LINKED 3",disease
12163,C0796215,"Mental Retardation, X-Linked 9",disease
12168,C0796225,"Mental Retardation, X-Linked 19",disease
12172,C0796237,"Mental Retardation, X-Linked 30",disease
12175,C0796242,"MENTAL RETARDATION, X-LINKED 35",disease
12176,C0796244,"MENTAL RETARDATION, X-LINKED, WITH OR WITHOUT SEIZURES, ARX-RELATED (disorder)",disease
12178,C0796250,PARTINGTON X-LINKED MENTAL RETARDATION SYNDROME,disease
12179,C0796254,"DANDY-WALKER MALFORMATION WITH MENTAL RETARDATION, BASAL GANGLIA DISEASE, AND SEIZURES",disease
12180,C0796274,Brown-Vialetto-Van Laere Syndrome 1,disease
12181,C0796275,Brunner Syndrome,disease
12182,C0796279,Carnevale syndrome,disease
12192,C0809936,Branchio-skeleto-genital syndrome,disease
12193,C0809983,Schizophrenia and related disorders,group
12200,C0810364,Cleft Lip with or without Cleft Palate,disease
12204,C0812437,Oculo-dento-digital syndrome,disease
12219,C0836924,Thrombocytosis,disease
12238,C0848548,hypertensive nephropathy,disease
12239,C0848558,Hypospadias,disease
12242,C0848676,"Subfertility, Male",phenotype
12268,C0850703,Frequent falls,phenotype
12270,C0850715,Abnormality of blood and blood-forming tissues,disease
12290,C0851578,Sleep Disorders,group
12301,C0852036,Pregnancy associated hypertension,phenotype
12311,C0852413,Abnormal muscle tone,phenotype
12323,C0852866,Cervical cord compression,phenotype
12333,C0853085,Decreased LDL cholesterol concentration,phenotype
12334,C0853087,Nail abnormality,phenotype
12353,C0853877,Fistula of genitourinary tract,disease
12357,C0853897,Diabetic Cardiomyopathies,disease
12358,C0853945,Oral mucosal blisters,phenotype
12371,C0854107,Subcutaneous hemorrhage,disease
12372,C0854110,Insulin-resistant diabetes mellitus,disease
12406,C0854723,Retinal Dystrophies,group
12418,C0854795,Resectable Malignant Liver Neoplasm,disease
12459,C0855095,Small Lymphocytic Lymphoma,disease
12467,C0855197,Malignant Testicular Germ Cell Tumor,disease
12472,C0855329,Electrocardiogram change,phenotype
12474,C0855740,Abnormal platelet function,phenotype
12475,C0855742,Abnormal platelet morphology,phenotype
12478,C0855999,Abnormal eosinophil morphology,phenotype
12504,C0856747,Aneurysm of ascending aorta,phenotype
12505,C0856748,Aneurysm of aortic arch,disease
12507,C0856761,Budd-Chiari Syndrome,disease
12515,C0856863,Broad-based gait,phenotype
12521,C0856975,Autistic behavior,disease
12525,C0857007,"Hyperbilirubinemia, Neonatal",disease
12545,C0857379,Abnormality of the pinna,phenotype
12548,C0857490,Granulocyte count,phenotype
12566,C0857899,Decreased circulating aldosterone level,phenotype
12567,C0857973,Elevated circulating parathyroid hormone level,phenotype
12574,C0858252,Breast adenocarcinoma,disease
12588,C0858617,Posterior subcapsular cataract,disease
12589,C0858618,Dyschromatopsia,disease
12591,C0858684,Facial telangiectasia,phenotype
12601,C0858867,Reticulocytopenia,phenotype
12630,C0860207,Drug-Induced Liver Disease,phenotype
12634,C0860439,Mottled pigmentation,phenotype
12648,C0860609,Inappropriate crying,phenotype
12724,C0869083,"Other specified congenital malformation syndromes, not elsewhere classified in ICD10CM",disease
12726,C0869220,"Adverse effects, not elsewhere classified",disease
12730,C0870082,Hyperkeratosis,disease
12738,C0871470,Systolic Pressure,phenotype
12740,C0871976,facial features,phenotype
12741,C0872084,Sarcopenia,phenotype
12742,C0872218,MITOCHONDRIAL NEUROGASTROINTESTINAL ENCEPHALOPATHY SYNDROME,disease
12746,C0876994,Cardiotoxicity,disease
12749,C0877015,Pelvic Organ Prolapse,disease
12751,C0877017,Generalized tonic-clonic seizures with focal onset,disease
12753,C0877024,Schimke immunoosseous dysplasia,disease
12766,C0877165,Short phalanx of finger,phenotype
12772,C0877243,Increased serum serotonin,phenotype
12794,C0877848,Distorted hearing,phenotype
12803,C0878544,Cardiomyopathies,group
12807,C0878575,Peripheral demyelination,phenotype
12813,C0878638,Abnormality of the tongue,phenotype
12815,C0878659,Disproportionate short stature,phenotype
12816,C0878660,Proportionate short stature,phenotype
12817,C0878666,Analbuminemia,phenotype
12820,C0878676,6-pyruvoyl-tetrahydropterin synthase deficiency,disease
12821,C0878677,Glycogen Storage Disease Type IIb,disease
12822,C0878681,Dent's disease,disease
12823,C0878682,Ceruloplasmin deficiency,disease
12824,C0878683,Pituitary Dwarfism Type 3,disease
12825,C0878684,SHORT syndrome,disease
12831,C0883409,Cardiac troponin I measurement,phenotype
12833,C0887799,Posterior Choroidal Artery Infarction,phenotype
12835,C0887833,"Carcinoma, Pancreatic Ductal",disease
12836,C0887850,"Polycystic Kidney, Type 1 Autosomal Dominant Disease",disease
12838,C0887898,Experimental Lung Inflammation,disease
12841,C0917713,Becker Muscular Dystrophy,disease
12843,C0917730,Female sterility,phenotype
12844,C0917731,Male sterility,phenotype
12845,C0917796,"Optic Atrophy, Hereditary, Leber",disease
12846,C0917798,Cerebral Ischemia,disease
12847,C0917799,Hypersomnia,disease
12848,C0917800,"Epilepsy, Myoclonic, Infantile",disease
12849,C0917801,Sleeplessness,phenotype
12857,C0917816,Mental deficiency,disease
12863,C0917996,Cerebral Aneurysm,disease
12864,C0919267,ovarian neoplasm,disease
12874,C0919677,Protein C measurement,phenotype
12880,C0919758,Vitamin D measurement,phenotype
12890,C0919974,Abulia,disease
12907,C0920269,Microsatellite Instability,phenotype
12910,C0920299,Overriding toe,disease
12911,C0920350,Autoimmune thyroiditis,disease
12914,C0920563,Insulin Sensitivity,phenotype
12916,C0920646,Ischemia of kidney,disease
12924,C0936223,Metastatic Prostate Carcinoma,disease
12932,C0936263,Cerebral Thrombus,disease
12943,C0947622,Cholecystolithiasis,disease
12947,C0947912,Myasthenias,disease
12949,C0948008,Ischemic stroke,disease
12956,C0948089,Acute Coronary Syndrome,disease
12966,C0948163,Leukoaraiosis,phenotype
12969,C0948187,Tracheomalacia,disease
12971,C0948201,Alloimmunisation,disease
12988,C0948368,Kaufman-McKusick syndrome,disease
12992,C0948387,Secondary Adrenal Insufficiency,disease
13000,C0948480,Coronary Restenosis,disease
13027,C0948896,Primary hypogonadism,disease
13034,C0949059,Polyp of large intestine,disease
13039,C0949272,IIeocolitis,disease
13042,C0949496,Luft Disease,disease
13046,C0949595,"Gonadal Dysgenesis, 46,XX",disease
13048,C0949658,"Cardiomyopathy, Hypertrophic, Familial",disease
13049,C0949664,Tauopathies,group
13050,C0949690,Spondylarthritis,disease
13051,C0949691,Spondylarthropathies,group
13056,C0950121,Denys-Drash Syndrome,disease
13057,C0950122,Frasier Syndrome,disease
13058,C0950124,Disease due to Papilloma virus,group
13060,C0971858,"Arthritis, Collagen-Induced",disease
13061,C0973461,Dysphasia,disease
13062,C0993582,"Arthritis, Experimental",disease
13069,C1096063,Drug Resistant Epilepsy,disease
13081,C1096202,Lipoprotein (a) measurement,phenotype
13094,C1096367,Increased mean platelet volume,phenotype
13124,C1096903,"Sialic Acid Storage Disease, Finnish Type (disorder)",disease
13126,C1112155,Hereditary non-polyposis colorectal cancer syndrome,disease
13134,C1112256,Sensorimotor neuropathy,disease
13146,C1112429,Interferon gamma receptor deficiency,disease
13149,C1112443,Male sexual dysfunction,disease
13165,C1112705,Nuclear non-senile cataract,disease
13172,C1134719,Invasive Ductal Breast Carcinoma,disease
13187,C1136033,Cutaneous Mastocytosis,disease
13196,C1136179,Hammer Toe,phenotype
13198,C1136210,"Meningitis, Meningococcal, Serogroup W-135",disease
13199,C1136249,"Mental Retardation, X-Linked",disease
13201,C1136382,Sclerocystic Ovaries,disease
13203,C1140680,Malignant neoplasm of ovary,disease
13207,C1141890,Congenital long QT syndrome,disease
13220,C1142132,Carnitine deficiency,phenotype
13223,C1142166,Brugada Syndrome (disorder),disease
13247,C1142533,Smooth philtrum,phenotype
13254,C1145670,Respiratory Failure,disease
13256,C1148551,X-Linked Dyskeratosis Congenita,disease
13262,C1154610,sensory perception of bitter taste,phenotype
13265,C1167664,Situs ambiguous,disease
13278,C1167918,Increased CSF lactate,phenotype
13293,C1168401,Squamous cell carcinoma of the head and neck,disease
13294,C1168438,Protein C antigen measurement,phenotype
13295,C1168443,Pseudocholinesterase Measurement,phenotype
13299,C1176475,Ductal Carcinoma,disease
13301,C1184923,Lumbar hyperlordosis,disease
13302,C1185616,Hair whorls,phenotype
13305,C1257796,"Choledochal Cyst, Type II",disease
13307,C1257798,"Choledochal Cyst, Type IV",disease
13310,C1257840,"Aganglionosis, Rectosigmoid Colon",disease
13313,C1257877,"Pheochromocytoma, Extra-Adrenal",disease
13314,C1257915,Intestinal Polyposis,disease
13315,C1257925,"Mammary Carcinoma, Animal",disease
13316,C1257931,"Mammary Neoplasms, Human",disease
13319,C1257963,Endogenous Hyperinsulinism,disease
13320,C1257964,Exogenous Hyperinsulinism,disease
13321,C1257965,Compensatory Hyperinsulinemia,disease
13324,C1258104,Diffuse Scleroderma,disease
13325,C1258215,Ileus,disease
13331,C1260386,Glucocorticoid-remediable aldosteronism,disease
13339,C1260873,Aortic valve disorder,disease
13345,C1260899,"Anemia, Diamond-Blackfan",disease
13346,C1260903,Dysfibrinogenemia,disease
13347,C1260922,Abnormal breathing,phenotype
13348,C1260926,Abnormal pigmentation,phenotype
13352,C1260965,Lipoblastoma,disease
13355,C1261175,Pontoneocerebellar hypoplasia,disease
13359,C1261430,Fasting blood sugar result,phenotype
13361,C1261473,Sarcoma,group
13362,C1261502,Finding of Mean Corpuscular Hemoglobin,phenotype
13390,C1262477,Weight decreased,phenotype
13394,C1262760,"Hepatitis, Drug-Induced",disease
13396,C1263023,Macroorchidism,disease
13406,C1263846,Attention deficit hyperactivity disorder,disease
13409,C1263857,Peripheral axonal neuropathy,disease
13410,C1263858,"Muscular dystrophy congenital, merosin negative",disease
13421,C1264039,"von Willebrand Disease, Type 1",disease
13422,C1264040,"von Willebrand Disease, Type 2",disease
13423,C1264041,"von Willebrand Disease, Type 3",disease
13427,C1264195,Refractory anemia with ringed sideroblasts,disease
13438,C1265776,Diffuse telangiectasis,phenotype
13457,C1266042,Chromophobe Renal Cell Carcinoma,disease
13458,C1266043,Sarcomatoid Renal Cell Carcinoma,disease
13459,C1266044,Collecting Duct Carcinoma of the Kidney,disease
13488,C1266119,Solitary fibrous tumor,disease
13502,C1266144,Pleuropulmonary blastoma,disease
13520,C1266184,Atypical Teratoid Rhabdoid Tumor,disease
13524,C1266708,Polybrominated biphenyl measurement,phenotype
13527,C1268717,Mammographic Breast Density,phenotype
13528,C1268935,Congenital Thrombotic Thrombocytopenic Purpura,disease
13532,C1269683,Major Depressive Disorder,disease
13540,C1271100,Lower limb spasticity,phenotype
13541,C1271219,Congenital ectopic pupil,disease
13542,C1271398,Pigment dispersion syndrome (disorder),disease
13544,C1272321,Autoantibody measurement,phenotype
13576,C1274700,Postmenopausal frontal fibrosing alopecia,disease
13581,C1274789,Ligneous conjunctivitis,disease
13584,C1274879,Port-wine stain with oculocutaneous melanosis,disease
13597,C1275078,Acrocephalopolysyndactyly type 2,disease
13598,C1275081,Cardio-facio-cutaneous syndrome,disease
13604,C1275126,TNF receptor-associated periodic fever syndrome (TRAPS),disease
13620,C1275278,Extraskeletal Myxoid Chondrosarcoma,disease
13640,C1275668,Melanotic medulloblastoma,disease
13644,C1275808,Congenital central hypoventilation,disease
13651,C1276035,Pena-Shokeir syndrome type I,disease
13661,C1277241,Delayed myelination,phenotype
13664,C1277709,Transferrin saturation measurement,phenotype
13665,C1278049,Serum gamma-glutamyl transferase measurement,phenotype
13674,C1279412,periodic paralysis (finding),disease
13675,C1279420,Anxiety neurosis (finding),disease
13676,C1279481,X-Linked Combined Immunodeficiency Diseases,group
13680,C1280433,Lipoatrophy,disease
13684,C1280798,"Von Willebrand disease, platelet type",disease
13688,C1281901,Fatty acid measurement,group
13691,C1281931,Obstruction of nasolacrimal duct,phenotype
13711,C1282968,"von Willebrand Disease, Type 2A",disease
13714,C1282975,"von Willebrand Disease, Type 2N",disease
13717,C1283048,Iron binding capacity total measurement,phenotype
13720,C1283400,Butyrylcholinesterase deficiency,disease
13722,C1283620,"Sucrase-isomaltase deficiency, congenital",disease
13728,C1285291,Fetal ascites,disease
13731,C1285654,Memory performance,phenotype
13732,C1287351,Finding of liver enzyme levels,phenotype
13733,C1287365,Bilirubin level result,phenotype
13734,C1288283,Atrophoderma maculatum,disease
13747,C1290508,Abnormal number of teeth,phenotype
13770,C1291230,3-Hydroxyacyl-CoA Dehydrogenase Deficiency,disease
13773,C1291299,Deficiency of iodide peroxidase (disorder),disease
13787,C1291512,Beta-Ureidopropionase Deficiency,disease
13790,C1291564,Deficiency of aromatic-L-amino-acid decarboxylase,disease
13794,C1291609,Ribose 5-Phosphate Isomerase Deficiency,disease
13796,C1291611,Deficiency of glucose-6-phosphate isomerase,disease
13797,C1291620,Deficiency of bisphosphoglycerate mutase,disease
13803,C1292769,Precursor B-cell lymphoblastic leukemia,disease
13805,C1292772,"Leukemia, Myeloid, Chronic, Atypical, BCR-ABL Negative",disease
13811,C1292778,Chronic myeloproliferative disorder,disease
13814,C1295176,Leptin measurement,phenotype
13815,C1295585,Decreased vibratory sense,phenotype
13826,C1298695,Hypoplasia of optic disc,disease
13828,C1298820,Aneurysm of aortic root,disease
13850,C1300257,"Thanatophoric dysplasia, type 2",disease
13856,C1300287,Transient neonatal hyperparathyroidism,phenotype
13883,C1301937,Talipes,disease
13887,C1302401,Adenoma of large intestine,disease
13905,C1302995,Congenital Fibrosis of the Extraocular Muscles,disease
13909,C1303007,Brushfield spots,phenotype
13912,C1303073,Nicolaides Baraitser syndrome,disease
13939,C1304746,RDW - Red blood cell distribution width result,phenotype
13944,C1305849,Diastolic blood pressure measurement,phenotype
13945,C1305855,Body mass index,phenotype
13950,C1306067,Drug-induced paranoid state,disease
13952,C1306122,Oguchi disease,disease
13954,C1306214,ACTH-Secreting Pituitary Adenoma,disease
13961,C1306503,Congenital exomphalos,disease
13962,C1306557,Chronic venous insufficiency,disease
13963,C1306571,Hepatic Insufficiency,phenotype
13967,C1306589,"Congenital dyserythropoietic anemia, type II",disease
13969,C1306620,Systolic blood pressure measurement,phenotype
13970,C1306710,Facial asymmetry,phenotype
13976,C1306837,Papillary Renal Cell Carcinoma,disease
13989,C1314664,Dipstick assessment of hemoglobin concentration,phenotype
13990,C1314665,Serum alkaline phosphatase raised,phenotype
13992,C1314691,Age at menarche,phenotype
13996,C1318233,immunoglobulin G index,phenotype
13997,C1318312,Serum iron measurement,phenotype
13998,C1318315,Serum zinc measurement,phenotype
14001,C1318517,Finding of hemoglobin concentration,phenotype
14002,C1318518,Infantile malignant osteopetrosis,disease
14022,C1319315,Adenocarcinoma of large intestine,disease
14024,C1319466,Barber Say syndrome,disease
14039,C1321329,Slowed saccades,phenotype
14042,C1321489,Torre-Muir syndrome,disease
14045,C1321551,Shprintzen-Goldberg syndrome,disease
14057,C1321872,Stage IV Skin Melanoma,disease
14061,C1321905,Minimal Brain Dysfunction,disease
14066,C1325327,fibrinogen activity,phenotype
14067,C1327915,Congenital amegakaryocytic thrombocytopenia,disease
14068,C1327916,REVESZ SYNDROME (disorder),disease
14075,C1328319,Ankle brachial pressure index (observable entity),phenotype
14077,C1328349,Neuropathy ataxia and retinis pigmentosa,disease
14078,C1328355,Laryngoonychocutaneous syndrome,disease
14081,C1328407,Hip Dysplasia,disease
14082,C1328440,Abnormality of amino acid metabolism,phenotype
14083,C1328479,Pancreatic Endocrine Carcinoma,disease
14091,C1328587,Panhypogammaglobulinemia,phenotype
14093,C1328840,Autoimmune Lymphoproliferative Syndrome,disease
14096,C1328931,Multiple lentigines,disease
14097,C1330966,Developmental Academic Disorder,phenotype
14123,C1332201,Adult Diffuse Large B-Cell Lymphoma,disease
14133,C1332219,Adult Kidney Wilms Tumor,disease
14143,C1332309,Anti-Basement Membrane Glomerulonephritis,disease
14184,C1332900,Cerebellar hemangioblastoma,disease
14264,C1333419,Liver and Intrahepatic Bile Duct Epithelial Neoplasm,disease
14316,C1333976,Liver and Intrahepatic Bile Duct Neoplasm,disease
14321,C1333985,Hereditary clear cell renal cell carcinoma,disease
14324,C1333990,Hereditary Nonpolyposis Colorectal Cancer,disease
14325,C1333991,Hereditary Non-Polyposis Colon Cancer Type 2,disease
14327,C1333993,hereditary paraganglioma,disease
14350,C1334261,Intraorbital Meningioma,disease
14352,C1334271,Intraventricular Meningioma,disease
14365,C1334410,Localized Primitive Neuroectodermal Tumor,disease
14382,C1334615,Malignant Phyllodes Tumor of Prostate,disease
14385,C1334633,Mature B-Cell Neoplasm,disease
14398,C1334688,Megaloblastic erythroid hyperplasia,phenotype
14432,C1335051,Non-Neoplastic Urinary System Disorder,disease
14438,C1335107,Olfactory Groove Meningioma,disease
14448,C1335167,Ovarian Mucinous Adenocarcinoma,disease
14451,C1335177,Ovarian Serous Adenocarcinoma,disease
14452,C1335178,Ovarian Serous Surface Papillary Adenocarcinoma,disease
14519,C1336076,Sporadic Breast Carcinoma,disease
14521,C1336078,"Papillary renal cell carcinoma, sporadic",disease
14548,C1336708,Testicular Germ Cell Tumor,disease
14564,C1336839,Type 1 Papillary Renal Cell Carcinoma,disease
14579,C1337013,Differentiated Thyroid Gland Carcinoma,disease
14591,C1367654,Marginal Zone B-Cell Lymphoma,disease
14597,C1368019,Paget Disease,disease
14602,C1368275,Pigmented Basal Cell Carcinoma,disease
14646,C1378703,Renal carcinoma,disease
14648,C1383860,Cardiac Hypertrophy,phenotype
14649,C1384403,Cellular Ependymoma,disease
14651,C1384408,Microcystic meningioma,disease
14653,C1384514,Conn Syndrome,disease
14659,C1384600,Systemic onset juvenile chronic arthritis,disease
14662,C1384666,hearing impairment,phenotype
14663,C1384670,Single umbilical artery,disease
14664,C1386048,Intrauterine retardation,phenotype
14665,C1386091,Acromicria,disease
14668,C1387005,Penis agenesis,disease
14678,C1389016,ATRIOVENTRICULAR CANAL DEFECT,disease
14679,C1389018,Atrioventricular Septal Defect,disease
14681,C1389113,Generalized amyotrophy,disease
14682,C1389118,Peroneal muscle atrophy,disease
14690,C1390474,Increased susceptibility to fractures,phenotype
14701,C1393871,Congenital finger flexion contractures,disease
14709,C1394891,Intrinsic Factor Deficiency,disease
14715,C1395852,Polydactyly preaxial type 1,disease
14720,C1397307,Cardiac fibrosis,disease
14724,C1398312,Narrow palate,phenotype
14725,C1398522,Cleft palate and bilateral cleft lip,disease
14728,C1399226,Ectopic rhythm,phenotype
14757,C1405854,Retinitis punctata albescens (disorder),disease
14758,C1405984,Absent radius,disease
14761,C1406835,Flexion contracture of toe,phenotype
14764,C1408174,Hypertrophic neuropathy of infancy,disease
14765,C1408182,"Hereditary motor and sensory neuropathy, types I-IV",disease
14767,C1408258,Kidney damage,phenotype
14772,C1409792,Coronary sinus defect,disease
14790,C1414216,"Dystonia 6, torsion (disorder)",disease
14793,C1419614,RETINITIS PIGMENTOSA 28,disease
14800,C1442837,Myocardial necrosis,disease
14802,C1442903,Exostoses,phenotype
14804,C1442958,Actinic porokeratosis,disease
14808,C1443016,Estradiol level result,phenotype
14822,C1445953,Poor eye contact,phenotype
14823,C1445957,Serum total cholesterol measurement,phenotype
14827,C1446712,Overlapping fingers,disease
14830,C1449563,"Cardiomyopathy, Familial Idiopathic",disease
14838,C1449842,"Pseudohypoaldosteronism, Type I, Autosomal Dominant",disease
14839,C1449843,"Pseudohypoaldosteronism, Type I, Autosomal Recessive",disease
14843,C1449861,"Micronuclei, Chromosome-Defective",phenotype
14855,C1456145,Dental caries of smooth surface,disease
14861,C1456283,Other alcohol-induced mental disorders,disease
14872,C1456784,Paranoia,disease
14882,C1458140,Bleeding tendency,phenotype
14884,C1458155,Mammary Neoplasms,group
14913,C1510431,Superficial Thrombophlebitis,disease
14918,C1510455,Acrocephalosyndactylia,disease
14919,C1510460,Orofaciodigital Syndrome I,disease
14921,C1510472,Drug Dependence,group
14925,C1510497,Lens Opacities,phenotype
14926,C1510502,Oxyphilic Adenoma,disease
14928,C1510586,Autism Spectrum Disorders,disease
14943,C1512419,Hereditary Melanoma,disease
14952,C1513302,Mild Adverse Event,phenotype
14959,C1514428,Primary peritoneal carcinoma,disease
14966,C1515283,Testicular gonadoblastoma,disease
14990,C1518922,peak expiratory flow (procedure),phenotype
14992,C1519086,Pilomyxoid astrocytoma,disease
14994,C1519176,Salivary Gland Pleomorphic Adenoma,disease
14998,C1519353,Skin Papule,phenotype
14999,C1519383,Smoking Behaviors,phenotype
15016,C1522133,Hypercholesterolemia result,phenotype
15017,C1522135,Hypermagnesemia result,phenotype
15030,C1527303,Chronic Airflow Obstruction,disease
15031,C1527304,Allergic Reaction,phenotype
15034,C1527311,Brain Edema,phenotype
15036,C1527335,"Transient Ischemic Attack, Anterior Circulation",disease
15037,C1527336,Sjogren's Syndrome,disease
15038,C1527337,"Familial Amyloid Polyneuropathy, Appalachian Type",disease
15041,C1527344,Dysphonia,phenotype
15042,C1527348,Brain Hypoxia,phenotype
15044,C1527352,Hepatic Form of Wilson Disease,disease
15046,C1527366,Salaam Seizures,disease
15050,C1527388,Amniotic Bands,disease
15051,C1527390,"Neoplasms, Intracranial",group
15053,C1527396,Fibrocystic Disease of Pancreas,disease
15055,C1527404,Female Pseudo-Turner Syndrome,disease
15066,C1531624,Cardioembolic stroke,disease
15068,C1531647,Cerebral ventriculomegaly,phenotype
15095,C1535926,Neurodevelopmental Disorders,group
15107,C1536085,Geographic Atrophy,disease
15119,C1536500,Deficiency of acetyl-CoA acetyltransferase,disease
15125,C1540912,Hypereosinophilic syndrome,disease
15137,C1557375,"Blurred Vision, CTCAE",phenotype
15139,C1560305,Prolonged QTc interval,phenotype
15140,C1561643,Chronic Kidney Diseases,group
15145,C1561955,"Fibrinogen, CTCAE",phenotype
15152,C1562113,Fleck corneal dystrophy,disease
15161,C1562894,Thiel-Behnke corneal dystrophy,disease
15169,C1563705,"Nephrogenic Diabetes Insipidus, Type I",disease
15170,C1563706,"Nephrogenic Diabetes Insipidus, Type II",disease
15172,C1563715,Andersen Syndrome,disease
15173,C1563716,Thyroid Dysgenesis,disease
15175,C1563719,Kallmann Syndrome 1,disease
15176,C1563720,Kallmann Syndrome 2 (disorder),disease
15177,C1563730,Abdominal Cryptorchidism,disease
15178,C1563731,Inguinal Cryptorchidism,phenotype
15179,C1563743,adiposity,phenotype
15180,C1563937,Atherogenesis,phenotype
15183,C1565321,Cholera Infantum,disease
15184,C1565489,Renal Insufficiency,disease
15185,C1565662,Acute Kidney Insufficiency,disease
15194,C1567257,Granulosa Cell Cancer,disease
15195,C1567426,Unilateral Multicystic Dysplastic Kidney,disease
15196,C1567427,Bilateral Multicystic Dysplastic Kidneys,disease
15198,C1567741,Alport Syndrome,disease
15199,C1567742,"Alport Syndrome, X-Linked",disease
15200,C1567743,"Alport Syndrome, Autosomal Dominant",disease
15202,C1568247,"Usher Syndrome, Type I",disease
15203,C1568248,"Usher Syndrome, Type III",disease
15204,C1568249,"Usher Syndrome, Type II",disease
15209,C1571983,Involutional paraphrenia,disease
15210,C1571984,"Psychosis, Involutional",disease
15212,C1578691,"Myxedema, Congenital",disease
15225,C1609433,Congenital absence of kidneys syndrome,disease
15228,C1609528,Restrictive deficit on pulmonary function testing,phenotype
15232,C1610065,Urethral atresia,disease
15243,C1611184,Calcification of coronary artery,phenotype
15245,C1611706,Myosclerosis,disease
15252,C1619716,Cystatin C measurement,phenotype
15257,C1621895,Adrenal hyperplasia,disease
15259,C1621958,Glioblastoma Multiforme,disease
15266,C1623038,Cirrhosis,disease
15267,C1623209,Okihiro Syndrome,disease
15268,C1623258,Electrocardiography,phenotype
15273,C1629609,Age at menopause,phenotype
15274,C1631597,"VENTRICULAR TACHYCARDIA, CATECHOLAMINERGIC POLYMORPHIC, 1 (disorder)",disease
15276,C1636149,"Macular dystrophy, corneal type 1",disease
15287,C1690006,Lattice corneal dystrophy Type I,disease
15289,C1691215,Penile hypospadias,disease
15290,C1691228,Cystic Kidney Diseases,group
15291,C1691779,Sensory hearing loss,disease
15293,C1692886,"Arthritis, Bacterial",group
15305,C1697453,Spontaneous hematomas,disease
15311,C1698196,Muscle Weakness Upper Limb,phenotype
15323,C1701939,Familial pulmonary arterial hypertension,disease
15331,C1704230,Grade I Astrocytoma,disease
15336,C1704272,Benign Prostatic Hyperplasia,disease
15343,C1704320,"Glomerulonephritis, Minimal Change",disease
15352,C1704374,Carcinoma of Endocrine Gland,disease
15355,C1704377,Bright Disease,disease
15356,C1704378,Heymann Nephritis,disease
15357,C1704380,Distal Renal Tubular Acidosis,disease
15359,C1704417,Hyperlipoproteinemia Type IIb,disease
15361,C1704423,Milroy Disease,disease
15363,C1704429,"Hypoalphalipoproteinemia, Familial",disease
15366,C1704436,Peripheral Arterial Diseases,group
15369,C1704981,Hyperparathyroidism-Jaw Tumor Syndrome,disease
15372,C1706004,Anhydrotic Ectodermal Dysplasias,disease
15375,C1706412,Lipidemias,phenotype
15378,C1706595,"Pachyonychia Congenita, Jadassohn Lewandowsky Type",disease
15404,C1708349,Hereditary Diffuse Gastric Cancer,disease
15405,C1708350,Hereditary Leiomyomatosis and Renal Cell Cancer,disease
15406,C1708353,Hereditary Paraganglioma-Pheochromocytoma Syndrome,disease
15407,C1708371,Histiocytoid Cardiomyopathy,disease
15466,C1719313,Hereditary amyloid nephropathy,disease
15477,C1719672,Severe Sepsis,disease
15480,C1719788,Episodic ataxia type 1,disease
15485,C1720037,Supranuclear gaze palsy,phenotype
15486,C1720164,Central corneal thickness,phenotype
15488,C1720189,Episodic Ataxia,disease
15492,C1720416,Episodic ataxia type 2 (disorder),disease
15506,C1720779,Apolipoprotein C-II Deficiency (disorder),disease
15511,C1720811,Tumor of Rete Testis,disease
15514,C1720824,Sudden Cardiac Arrest,phenotype
15517,C1720860,"Familial Partial Lipodystrophy, Type 2",disease
15518,C1720861,"Familial Partial Lipodystrophy, Type 3",disease
15519,C1720862,Congenital Generalized Lipodystrophy Type 1,disease
15520,C1720863,Congenital Generalized Lipodystrophy Type 2,disease
15523,C1720956,"Hyper-IgM Immunodeficiency Syndrome, Type 2",disease
15529,C1721005,"Leukokeratosis, Hereditary Mucosal",disease
15530,C1721006,"Keratoderma, Palmoplantar, Epidermolytic",disease
15531,C1721007,"Pachyonychia Congenita, Type 2 (disorder)",disease
15535,C1721098,Replication Error Phenotype,phenotype
15552,C1735903,Chronic acidosis,phenotype
15564,C1737329,Dysmorphism,disease
15571,C1739363,Prostatic Hypertrophy,disease
15578,C1739395,Takotsubo Cardiomyopathy,disease
15592,C1761613,Conjunctival hyperemia,phenotype
15594,C1785148,RAPP-HODGKIN SYNDROME,disease
15595,C1800706,Idiopathic Pulmonary Fibrosis,disease
15597,C1802395,Congenital muscular hypertrophy-cerebral syndrome,disease
15600,C1809471,Familial benign hypercalcemia,disease
15603,C1820737,Temperature instability,phenotype
15605,C1821417,RESTING HEART RATE,phenotype
15614,C1827524,Wide spaced nipples,phenotype
15634,C1829703,Carnitine palmitoyl transferase 1A deficiency,disease
15640,C1832099,Wilms tumor and radial bilateral aplasia,disease
15641,C1832117,Short humerus,phenotype
15642,C1832119,Fibular hypoplasia,phenotype
15643,C1832127,Square face,phenotype
15644,C1832130,Pursed lips,phenotype
15646,C1832160,Abnormality of temperature regulation,phenotype
15647,C1832162,"HYPOTRICHOSIS, CONGENITAL, WITH JUVENILE MACULAR DYSTROPHY",disease
15650,C1832174,DOYNE HONEYCOMB RETINAL DYSTROPHY,disease
15651,C1832175,"Cataract, Congenital, Cerulean Type, 2",disease
15652,C1832187,"Deafness, Autosomal Dominant 12",disease
15653,C1832200,Peroxisome biogenesis disorders,group
15654,C1832215,Athabaskan brainstem dysgenesis,disease
15655,C1832216,Bosley-Salih-Alorainy Syndrome,disease
15659,C1832243,"CARDIOMYOPATHY, DILATED, 1D (disorder)",disease
15660,C1832244,"CARDIOMYOPATHY, DILATED, 1C (disorder)",disease
15665,C1832274,"Charcot-Marie-Tooth disease, Type 2D",disease
15667,C1832277,First dorsal interossei muscle weakness,phenotype
15671,C1832322,"Severe Combined Immunodeficiency, Autosomal Recessive, T Cell-Negative, B Cell-Negative, NK Cell-Positive",disease
15673,C1832324,Recurrent opportunistic infections,phenotype
15677,C1832348,Slow-growing hair,phenotype
15679,C1832370,"MYOPATHY, MYOFIBRILLAR, DESMIN-RELATED",disease
15680,C1832378,Retinitis Pigmentosa 18,disease
15681,C1832386,"Diabetes Mellitus, Transient Neonatal, 1",disease
15683,C1832388,"Platelet Disorder, Familial, with Associated Myeloid Malignancy",disease
15686,C1832394,"Deafness, Autosomal Recessive 12",disease
15687,C1832399,"Charcot-Marie-Tooth disease, Type 4B1",disease
15688,C1832409,Crisponi syndrome,disease
15689,C1832423,"Cataract, Age-Related Nuclear",phenotype
15690,C1832425,"Deafness, Autosomal Dominant 9",disease
15694,C1832446,Sparse eyebrow,phenotype
15695,C1832451,Cranial hyperostosis,phenotype
15698,C1832466,CAPOS syndrome,disease
15700,C1832475,"Deafness, Autosomal Dominant 11",disease
15701,C1832476,"Deafness, Autosomal Dominant 10",disease
15702,C1832525,Limb-girdle muscular dystrophy type 2F,disease
15704,C1832529,HEREDITARY HEMORRHAGIC TELANGIECTASIA-RELATED PULMONARY ARTERIAL HYPERTENSION,disease
15706,C1832550,"Lamellar ichthyosis, type 2",disease
15707,C1832560,RIPPLING MUSCLE DISEASE 2 (disorder),disease
15711,C1832587,"POLYPOSIS SYNDROME, HEREDITARY MIXED, 1",disease
15715,C1832594,Verloes Bourguignon syndrome,disease
15718,C1832600,Naxos disease,disease
15720,C1832612,"Hypocalcemia, Autosomal Dominant, with Bartter Syndrome",disease
15721,C1832615,"HYPERPARATHYROIDISM, NEONATAL SEVERE",disease
15722,C1832648,Hypoparathyroidism familial isolated,disease
15723,C1832661,ANOPHTHALMIA AND PULMONARY HYPOPLASIA,disease
15724,C1832662,"MYOCARDIAL INFARCTION, SUSCEPTIBILITY TO",phenotype
15725,C1832669,"SPASTIC PARAPLEGIA 9, AUTOSOMAL DOMINANT (disorder)",disease
15727,C1832680,"CARDIOMYOPATHY, DILATED, 1E",disease
15728,C1832702,"BRACHYDACTYLY, TYPE A2",disease
15729,C1832708,MULTIPLE SYNOSTOSES SYNDROME 2,disease
15731,C1832736,"CONGENITAL DISORDER OF GLYCOSYLATION, TYPE Id",disease
15733,C1832812,"Cataracts, Congenital, with Sensorineural Deafness, Down Syndrome-Like Facial Appearance, Short Stature, and Mental Retardation",disease
15736,C1832827,"DEAFNESS, CHILDHOOD-ONSET NEUROSENSORY, AUTOSOMAL RECESSIVE 8",disease
15737,C1832828,"Deafness, Autosomal Recessive 9",disease
15739,C1832834,Absence of acoustic reflex,phenotype
15741,C1832845,"USHER SYNDROME, TYPE ID",disease
15743,C1832884,"Hemiplegic migraine, familial type 1",disease
15746,C1832916,Timothy syndrome,disease
15747,C1832918,Brody myopathy,disease
15749,C1832931,"ARRHYTHMOGENIC RIGHT VENTRICULAR DYSPLASIA, FAMILIAL, 2",disease
15750,C1832932,"DEAFNESS, AUTOSOMAL DOMINANT 5 (disorder)",disease
15752,C1832942,JUVENILE POLYPOSIS/HEREDITARY HEMORRHAGIC TELANGIECTASIA SYNDROME (disorder),disease
15754,C1832976,Cone-Rod Dystrophy 5,disease
15755,C1832977,"GLAUCOMA 3, PRIMARY INFANTILE, B",disease
15756,C1832978,"Deafness, Autosomal Recessive 7",disease
15757,C1832983,Absent or minimally ossified vertebral bodies,phenotype
15758,C1832988,Metaphyseal spurs,phenotype
15759,C1832992,"DEAFNESS, AUTOSOMAL RECESSIVE 6",disease
15761,C1833021,"DEAFNESS, AUTOSOMAL DOMINANT 6",disease
15762,C1833030,"PALMOPLANTAR KERATODERMA, NONEPIDERMOLYTIC",disease
15763,C1833053,Proprotein Convertase 1 3 Deficiency,disease
15765,C1833104,"DIABETES MELLITUS, PERMANENT NEONATAL",disease
15767,C1833136,Marden Walker like syndrome,disease
15769,C1833144,Slender long bone,phenotype
15774,C1833202,LCHAD DEFICIENCY WITH MATERNAL ACUTE FATTY LIVER OF PREGNANCY,disease
15775,C1833213,"Hyperferritinemia, hereditary, with congenital cataracts",disease
15777,C1833219,"CHARCOT-MARIE-TOOTH DISEASE, AXONAL, TYPE 2B (disorder)",disease
15780,C1833229,"Cataract, Congenital Zonular, with Sutural Opacities",disease
15781,C1833236,"CARDIOMYOPATHY, FAMILIAL HYPERTROPHIC, 6 (disorder)",disease
15782,C1833245,Retinitis Pigmentosa 17,disease
15783,C1833247,SCHIZOPHRENIA 4 (disorder),disease
15784,C1833275,"Severe Combined Immunodeficiency, Autosomal Recessive, T Cell-Negative, B Cell-Positive, NK Cell-Negative",disease
15787,C1833308,"NEURONOPATHY, DISTAL HEREDITARY MOTOR, TYPE V",disease
15789,C1833323,Rickets of the lower limbs,phenotype
15792,C1833326,Generalized bone demineralization,phenotype
15793,C1833328,Enlarged epiphyses,phenotype
15797,C1833362,Sleep-wake cycle disturbance,phenotype
15798,C1833372,"HYPOCALCIURIC HYPERCALCEMIA, FAMILIAL, TYPE III",disease
15803,C1833434,Multifocal cerebral white matter abnormalities,phenotype
15806,C1833477,"COLORECTAL CANCER, HEREDITARY NONPOLYPOSIS, TYPE 5",disease
15808,C1833503,"Deafness, Autosomal Dominant 4",disease
15809,C1833508,"CARNITINE PALMITOYLTRANSFERASE II DEFICIENCY, LATE-ONSET",disease
15810,C1833511,"CARNITINE PALMITOYLTRANSFERASE II DEFICIENCY, INFANTILE",disease
15811,C1833518,"CARNITINE PALMITOYLTRANSFERASE II DEFICIENCY, LETHAL NEONATAL",disease
15812,C1833538,OROFACIAL CLEFT 7,disease
15814,C1833561,UV-Sensitive Syndrome,disease
15819,C1833661,PAROXYSMAL EXTREME PAIN DISORDER,disease
15820,C1833662,INCLUSION BODY MYOPATHY WITH EARLY-ONSET PAGET DISEASE AND FRONTOTEMPORAL DEMENTIA,disease
15821,C1833667,Elevated alkaline phosphatase of bone origin,phenotype
15822,C1833683,"NEPHROLITHIASIS, CALCIUM OXALATE",disease
15824,C1833692,"OTITIS MEDIA, SUSCEPTIBILITY TO (finding)",disease
15829,C1833736,"Osteogenesis imperfecta, Levin type",disease
15833,C1833762,Decreased calvarial ossification,phenotype
15834,C1833797,"Optic Nerve Hypoplasia, Bilateral",disease
15836,C1833809,"OPTIC ATROPHY AND CATARACT, AUTOSOMAL DOMINANT",disease
15837,C1833921,Familial medullary thyroid carcinoma,disease
15847,C1834055,Underdeveloped nasal alae,phenotype
15854,C1834129,Abnormal vertebral morphology,phenotype
15857,C1834176,"MYELOKATHEXIS, ISOLATED",disease
15858,C1834207,"Ceroid Lipofuscinosis, Neuronal, Parry Type",disease
15859,C1834235,"NEUROFIBROMATOSIS, FAMILIAL SPINAL",disease
15860,C1834236,Symmetric spinal nerve root neurofibromas,disease
15861,C1834297,Inguinal freckling,phenotype
15863,C1834329,RETINITIS PIGMENTOSA 27,disease
15873,C1834405,Nail dysplasia,disease
15876,C1834433,Obsessive-compulsive trait,phenotype
15877,C1834460,"CARDIOMYOPATHY, FAMILIAL HYPERTROPHIC, 10",disease
15879,C1834481,"CARDIOMYOPATHY, DILATED, 1S",disease
15882,C1834536,Weakness of the intrinsic hand muscles,phenotype
15883,C1834558,"Myopathy, Centronuclear, Autosomal Dominant",disease
15884,C1834559,"Continuous Muscle Fiber Activity, Hereditary",disease
15886,C1834570,Myoclonic dystonia,disease
15889,C1834653,"MUSCULAR DYSTROPHY, LIMB-GIRDLE, TYPE 1B (disorder)",disease
15890,C1834664,"Nasal, dysarthic speech",phenotype
15891,C1834671,FACIOSCAPULOHUMERAL MUSCULAR DYSTROPHY 1B,disease
15893,C1834674,BETHLEM MYOPATHY 1,disease
15894,C1834690,"Spinal Muscular Atrophy, Childhood, Proximal, Autosomal Dominant",disease
15895,C1834692,"NEURONOPATHY, DISTAL HEREDITARY MOTOR, TYPE IIA",disease
15896,C1834696,Hyporeflexia of lower limbs,phenotype
15898,C1834711,CEREBELLOPARENCHYMAL DISORDER VI,disease
15899,C1834712,Cerebellar Granule Cell Hypertrophy and Megalencephaly,disease
15907,C1834821,METAPHYSEAL DYSPLASIA WITHOUT HYPOTRICHOSIS,disease
15908,C1834846,"Progressive External Ophthalmoplegia with Mitochondrial DNA Deletions, Autosomal Dominant, 1",disease
15909,C1834870,MIRROR MOVEMENTS 1,phenotype
15910,C1834877,HOLOPROSENCEPHALY 2 (disorder),disease
15922,C1835042,Melanoma astrocytoma syndrome,disease
15923,C1835044,"MELANOMA, CUTANEOUS MALIGNANT, SUSCEPTIBILITY TO, 2",disease
15925,C1835054,"OCULOCUTANEOUS ALBINISM, TYPE II, MODIFIER OF",phenotype
15934,C1835171,"Hypomagnesemia 2, renal",disease
15940,C1835238,Slow-growing nails,phenotype
15942,C1835265,"Lymphedema, microcephaly and chorioretinopathy syndrome",disease
15943,C1835362,"Lp(A) Deficiency, Congenital",disease
15947,C1835390,Increased intraabdominal fat,phenotype
15948,C1835398,LI-FRAUMENI SYNDROME 1,disease
15957,C1835473,Diaphyseal thickening,phenotype
15958,C1835492,"TOOTH AGENESIS, SELECTIVE, 4 (disorder)",disease
15959,C1835493,"Succedaneous Teeth, Agenesis Of",disease
15963,C1835579,Rib exostoses,phenotype
15964,C1835580,Mild postnatal growth retardation,phenotype
15968,C1835614,Hereditary Hyperexplexia,disease
15969,C1835662,Keratosis palmoplantaris papulosa,disease
15970,C1835664,TYLOSIS WITH ESOPHAGEAL CANCER,disease
15973,C1835672,Palmoplantar Keratoderma with Deafness,disease
15974,C1835677,Keratoconus 1,disease
15976,C1835697,Keratitis Fugax Hereditaria,disease
15979,C1835762,Widely-spaced maxillary central incisors,phenotype
15981,C1835796,Crossed fused renal ectopia,phenotype
15986,C1835813,Pseudoxanthoma Elasticum-Like Disorder with Multiple Coagulation Factor Deficiency,disease
15987,C1835817,"FANCONI ANEMIA, COMPLEMENTATION GROUP N",disease
15988,C1835819,PITUITARY ANOMALIES WITH HOLOPROSENCEPHALY-LIKE FEATURES (disorder),disease
15989,C1835820,HOLOPROSENCEPHALY 7,disease
15993,C1835845,Mitochondrial Phosphate Carrier Deficiency,disease
15994,C1835849,"Congenital Disorder Of Glycosylation, Type Im",disease
15997,C1835865,Cone-Rod Dystrophy 11,disease
16001,C1835884,Triangular face,phenotype
16004,C1835895,RETINITIS PIGMENTOSA 33 (disorder),disease
16005,C1835896,"SPASTIC PARAPLEGIA 30, AUTOSOMAL RECESSIVE (disorder)",disease
16006,C1835897,Retinal Cone Dystrophy 3B,disease
16007,C1835905,"Epilepsy, Nocturnal Frontal Lobe, Type 4",disease
16008,C1835912,AICARDI-GOUTIERES SYNDROME 4,disease
16009,C1835916,AICARDI-GOUTIERES SYNDROME 3,disease
16010,C1835922,Aminoacylase 1 deficiency,disease
16011,C1835923,Retinitis Pigmentosa 31,disease
16012,C1835928,"CARDIOMYOPATHY, DILATED, 1P",disease
16013,C1835931,"ALPHA/BETA T-CELL LYMPHOPENIA WITH GAMMA/DELTA T-CELL EXPANSION, SEVERE CYTOMEGALOVIRUS INFECTION, AND AUTOIMMUNITY",disease
16014,C1835933,"Glaucoma 1, Open Angle, G",disease
16017,C1836003,Facial diplegia,phenotype
16019,C1836010,"Spastic Paraplegia, Optic Atrophy, and Neuropathy",disease
16022,C1836027,"Deafness, Autosomal Recessive 23",disease
16024,C1836033,"Cerebral dysgenesis, neuropathy, ichthyosis, and palmoplantar keratoderma syndrome",disease
16025,C1836038,Poor head control,phenotype
16026,C1836047,Long face,phenotype
16027,C1836050,"Filaminopathy, autosomal dominant",disease
16028,C1836057,Muscle fiber splitting,phenotype
16029,C1836076,"Amyotrophic Lateral Sclerosis, Chmp2B-Related",disease
16030,C1836080,"Stickler Syndrome, Type I, Nonsyndromic Ocular",disease
16031,C1836081,"RHEGMATOGENOUS RETINAL DETACHMENT, AUTOSOMAL DOMINANT",disease
16032,C1836118,LEFT VENTRICULAR NONCOMPACTION 2,disease
16035,C1836123,Goldberg-Shprintzen megacolon syndrome,disease
16037,C1836150,Gait imbalance,phenotype
16040,C1836156,Progressive proximal muscle weakness,phenotype
16043,C1836184,Short femoral neck,phenotype
16044,C1836186,Fibular aplasia,phenotype
16046,C1836189,Radial deviation of finger,phenotype
16048,C1836193,Synostosis of carpal bones,phenotype
16049,C1836195,Short toe,phenotype
16053,C1836213,Aplasia/Hypoplasia of the hallux,phenotype
16056,C1836219,Carpal bone aplasia,phenotype
16057,C1836230,"HUMAN IMMUNODEFICIENCY VIRUS TYPE 1, SUSCEPTIBILITY TO",disease
16058,C1836231,"HIV-1, RESISTANCE TO",phenotype
16059,C1836232,"ACQUIRED IMMUNODEFICIENCY SYNDROME, PROGRESSION TO",phenotype
16060,C1836233,"AIDS, PROGRESSION TO",phenotype
16064,C1836295,"SPASTIC PARAPLEGIA 28, AUTOSOMAL RECESSIVE (disorder)",disease
16065,C1836296,Muscle Weakness Lower Limb,phenotype
16067,C1836308,Generalized joint laxity,phenotype
16068,C1836320,Proximal femoral metaphyseal irregularity,phenotype
16072,C1836336,"CHARCOT-MARIE-TOOTH DISEASE, TYPE 4H",disease
16073,C1836373,"MUSCULAR DYSTROPHY, LIMB-GIRDLE, TYPE 2K",disease
16074,C1836383,SPINOCEREBELLAR ATAXIA 27,disease
16075,C1836392,Dysmetric saccades,phenotype
16077,C1836395,SPINOCEREBELLAR ATAXIA 26,disease
16080,C1836439,"Progressive External Ophthalmoplegia with Mitochondrial DNA Deletions, Autosomal Dominant, 3",disease
16081,C1836440,Increased serum lactate,phenotype
16082,C1836447,Nemaline myopathy 4,disease
16083,C1836448,Nemaline myopathy 1,disease
16084,C1836450,Distal lower limb muscle weakness,phenotype
16085,C1836451,Distal lower limb amyotrophy,disease
16086,C1836460,"Progressive External Ophthalmoplegia with Mitochondrial DNA Deletions, Autosomal Dominant, 2",disease
16087,C1836472,Nemaline myopathy 6,disease
16088,C1836474,"SPINOCEREBELLAR ATAXIA, AUTOSOMAL RECESSIVE 7",disease
16089,C1836479,Saccadic smooth pursuit,phenotype
16090,C1836482,Li-Fraumeni Syndrome 2,disease
16094,C1836522,"Schindler Disease, Type II",disease
16096,C1836527,Distal sensory impairment of all modalities,phenotype
16098,C1836542,Depressed nasal bridge,phenotype
16099,C1836543,Thick vermilion border,phenotype
16102,C1836573,"GRISCELLI SYNDROME, TYPE 3",disease
16105,C1836599,Macrocephaly at birth,phenotype
16106,C1836602,Bruck syndrome 2,disease
16108,C1836609,Progressive distal muscle weakness,phenotype
16109,C1836623,Decreased circulating cortisol level,phenotype
16110,C1836632,"SPASTIC PARAPLEGIA 26, AUTOSOMAL RECESSIVE (disorder)",disease
16111,C1836635,Loeys-Dietz Aortic Aneurysm Syndrome,disease
16112,C1836646,Dermal translucency,phenotype
16115,C1836669,"CONGENITAL DISORDER OF GLYCOSYLATION, TYPE If",disease
16120,C1836683,"Czech dysplasia, metatarsal type",disease
16123,C1836696,Lower limb hyperreflexia,phenotype
16125,C1836706,"Hyperthyroidism, Nonautoimmune",disease
16129,C1836727,"Peripheral Demyelinating Neuropathy, Central Dysmyelination, Waardenburg Syndrome, and Hirschsprung Disease",disease
16130,C1836735,hypopigmented skin patch,phenotype
16138,C1836767,Proximal lower limb amyotrophy,phenotype
16143,C1836791,Tortuous cerebral arteries,phenotype
16144,C1836797,Combined Oxidative Phosphorylation Deficiency 1,disease
16145,C1836806,Mild microcephaly,phenotype
16147,C1836824,Amish Infantile Epilepsy Syndrome,disease
16149,C1836830,Developmental regression,disease
16152,C1836843,Progressive inability to walk,phenotype
16156,C1836860,"FANCONI ANEMIA, COMPLEMENTATION GROUP J",disease
16157,C1836861,"FANCONI ANEMIA, COMPLEMENTATION GROUP I",disease
16159,C1836876,Pierson syndrome,disease
16161,C1836892,"MELANOMA, CUTANEOUS MALIGNANT, SUSCEPTIBILITY TO, 3",disease
16164,C1836906,"Arrhythmogenic Right Ventricular Dysplasia, Familial, 9",disease
16165,C1836916,POSTERIOR COLUMN ATAXIA WITH RETINITIS PIGMENTOSA,disease
16166,C1836923,Gastrointestinal dysmotility,phenotype
16167,C1836926,Bone spicule pigmentation of the retina,phenotype
16170,C1836940,Thickened nuchal skin fold,phenotype
16172,C1836996,Disproportionate tall stature,phenotype
16173,C1837007,"DEAFNESS, AUTOSOMAL RECESSIVE 36, WITH OR WITHOUT VESTIBULAR INVOLVEMENT",disease
16176,C1837015,"ATAXIA, SENSORY, AUTOSOMAL DOMINANT",disease
16179,C1837026,MEACHAM SYNDROME (disorder),disease
16180,C1837028,"Severe Combined Immunodeficiency, Autosomal Recessive, T Cell Negative, B Cell Positive, NK Cell Positive",disease
16182,C1837065,"CD8 Deficiency, Familial",disease
16183,C1837066,Recurrent viral infection,phenotype
16184,C1837073,Spondylometaphyseal Dysplasia with Cone-Rod Dystrophy,disease
16186,C1837081,Tibial bowing,phenotype
16187,C1837082,Metaphyseal cupping,phenotype
16188,C1837084,Short metacarpal,phenotype
16189,C1837091,"MYASTHENIC SYNDROME, CONGENITAL, ASSOCIATED WITH ACETYLCHOLINE RECEPTOR DEFICIENCY",disease
16191,C1837098,Easy fatigability,phenotype
16192,C1837108,Decreased muscle mass,phenotype
16194,C1837142,Poor suck,phenotype
16198,C1837174,"HEMOPHAGOCYTIC LYMPHOHISTIOCYTOSIS, FAMILIAL, 3",disease
16199,C1837187,"MACULAR DEGENERATION, AGE-RELATED, 3",disease
16200,C1837203,"WAARDENBURG SYNDROME, TYPE IID",disease
16201,C1837206,"Cryohydrocytosis, Stomatin-Deficient, with Mental Retardation, Seizures, Cataracts, and Massive Hepatosplenomegaly",disease
16202,C1837210,OROFACIAL CLEFT 5,disease
16203,C1837213,"OROFACIAL CLEFT 6, SUSCEPTIBILITY TO",disease
16205,C1837218,"Cleft palate, isolated",disease
16206,C1837229,"Muscular Dystrophy, Congenital, Type 1D",disease
16210,C1837249,"Malformations of Cortical Development, Group II",disease
16212,C1837256,Macrovesicular hepatic steatosis,phenotype
16214,C1837260,Prominent forehead,phenotype
16215,C1837262,Increased muscle lipid content,phenotype
16216,C1837273,Long-chain dicarboxylic aciduria,disease
16217,C1837279,Hypoplastic toenails,phenotype
16218,C1837315,"COLORECTAL CANCER, SUSCEPTIBILITY TO, 1",disease
16219,C1837317,Alpha-B Crystallinopathy,disease
16220,C1837323,Decreased Achilles reflex,phenotype
16221,C1837341,"Transposition of the Great Arteries, Dextro-Looped 1",disease
16222,C1837342,"MUSCULAR DYSTROPHY, LIMB-GIRDLE, TYPE 2J",disease
16223,C1837352,Childhood onset,phenotype
16224,C1837355,"Leukodystrophy, Hypomyelinating, 2",disease
16229,C1837396,"CONGENITAL DISORDER OF GLYCOSYLATION, TYPE Ie",disease
16230,C1837397,Severe global developmental delay,phenotype
16232,C1837404,"High, narrow palate",phenotype
16236,C1837429,Pyruvate dehydrogenase phosphatase deficiency,disease
16238,C1837458,Impaired smooth pursuit,phenotype
16239,C1837461,"SCOLIOSIS, ISOLATED, SUSCEPTIBILITY TO, 3",disease
16240,C1837463,Narrow face,phenotype
16243,C1837471,"CARDIOMYOPATHY, FAMILIAL HYPERTROPHIC, 8",disease
16245,C1837481,"Spondyloepimetaphyseal Dysplasia, Matrilin-3 Related",disease
16246,C1837482,Thoracic hypoplasia,disease
16248,C1837485,Flat acetabular roof,phenotype
16250,C1837496,Axonal degeneration,phenotype
16251,C1837501,"Microcephaly, Primary Autosomal Recessive, 5",disease
16254,C1837512,Decreased serum complement C3,phenotype
16257,C1837522,Impaired pain sensation,phenotype
16261,C1837549,"SPONDYLOCOSTAL DYSOSTOSIS, AUTOSOMAL RECESSIVE 2",disease
16265,C1837608,"DEAFNESS, AUTOSOMAL RECESSIVE 32",disease
16266,C1837610,ICHTHYOSIS PREMATURITY SYNDROME,disease
16267,C1837615,"Ciliary Dyskinesia, Primary, 5",disease
16268,C1837618,"CILIARY DYSKINESIA, PRIMARY, 3",disease
16270,C1837640,"Deafness, Autosomal Dominant 28",disease
16274,C1837657,"Spondyloepiphyseal dysplasia, Omani type",disease
16275,C1837658,Gross motor development delay,disease
16277,C1837713,JOUBERT SYNDROME 3,disease
16278,C1837728,AMYOTROPHIC LATERAL SCLEROSIS 8 (disorder),disease
16280,C1837732,Thickened helices,phenotype
16281,C1837733,Broad lateral eyebrow,phenotype
16283,C1837750,Oligodontia-Colorectal Cancer Syndrome,disease
16284,C1837756,MANDIBULOACRAL DYSPLASIA WITH TYPE B LIPODYSTROPHY,disease
16291,C1837770,Sparse hair,phenotype
16294,C1837792,Insulin-resistant diabetes mellitus at puberty,phenotype
16302,C1837826,Coloboma of inferior eyelid,phenotype
16304,C1837835,Bilateral talipes equinovarus,phenotype
16307,C1837845,"SICK SINUS SYNDROME 1, AUTOSOMAL RECESSIVE",disease
16308,C1837857,"DEAFNESS, AUTOSOMAL RECESSIVE 35",disease
16310,C1837873,LEBER CONGENITAL AMAUROSIS 9 (disorder),disease
16315,C1837915,"ERYTHROCYTOSIS, FAMILIAL, 2",disease
16316,C1837974,"Corneal Dystrophy, Lattice Type IIIA",disease
16317,C1837991,"Colorectal Adenomatous Polyposis, Autosomal Recessive",disease
16319,C1838027,Incomprehensible speech,phenotype
16325,C1838100,"MATURITY-ONSET DIABETES OF THE YOUNG, TYPE 3 (disorder)",disease
16329,C1838163,OSLER-RENDU-WEBER SYNDROME 2,disease
16331,C1838180,CODAS syndrome,disease
16333,C1838192,"SPASTIC PARAPLEGIA 6, AUTOSOMAL DOMINANT (disorder)",disease
16334,C1838230,"SPINAL MUSCULAR ATROPHY, TYPE IV",disease
16336,C1838244,"TIBIAL MUSCULAR DYSTROPHY, TARDIVE",disease
16343,C1838263,"Deafness, Autosomal Recessive 3",disease
16344,C1838280,"Epiphyseal dysplasia, multiple, 1",disease
16346,C1838319,"Primitive reflexes (palmomental, snout, glabellar)",phenotype
16348,C1838327,"Polycystic kidneys, severe infantile with tuberous sclerosis",disease
16351,C1838333,"COLORECTAL CANCER, HEREDITARY NONPOLYPOSIS, TYPE 4",disease
16352,C1838348,Oculomaxillofacial dysostosis,disease
16353,C1838359,"Diffuse palmoplantar keratoderma, Bothnian type",disease
16354,C1838391,Limb hypertonia,phenotype
16355,C1838416,"CLEIDOCRANIAL DYSPLASIA, FORME FRUSTE, DENTAL ANOMALIES ONLY",disease
16357,C1838437,"VENOUS MALFORMATIONS, MULTIPLE CUTANEOUS AND MUCOSAL",disease
16359,C1838457,"FANCONI ANEMIA, COMPLEMENTATION GROUP D1",disease
16363,C1838539,"CARDIOMYOPATHY, FAMILIAL, WITH CONDUCTION DISTURBANCE",disease
16364,C1838547,MELANOMA-PANCREATIC CANCER SYNDROME,disease
16365,C1838564,"HIRSCHSPRUNG DISEASE, SUSCEPTIBILITY TO, 2",disease
16366,C1838568,Sacral defect and anterior sacral meningocele,disease
16367,C1838569,Caudal Dysgenesis Syndrome,phenotype
16368,C1838570,"CEROID LIPOFUSCINOSIS, NEURONAL, 8",disease
16369,C1838571,"Ceroid Lipofuscinosis, Neuronal, 7",disease
16370,C1838577,Cerebral Autosomal Recessive Arteriopathy with Subcortical Infarcts and Leukoencephalopathy,disease
16371,C1838578,Progressive encephalopathy,phenotype
16373,C1838601,Retinitis Pigmentosa 11,disease
16374,C1838603,Retinitis Pigmentosa 14,disease
16375,C1838604,"EPILEPSY, CHILDHOOD ABSENCE, 1",disease
16379,C1838625,Warburg Sjo Fledelius syndrome,disease
16380,C1838644,Stargardt disease 3,disease
16381,C1838647,RETINITIS PIGMENTOSA 12 (disorder),disease
16387,C1838662,Metaphyseal irregularity,phenotype
16391,C1838681,Rapidly progressive,phenotype
16392,C1838701,"DEAFNESS, AUTOSOMAL RECESSIVE 2",disease
16393,C1838702,Retinitis Pigmentosa 13,disease
16395,C1838705,Anteriorly placed anus,phenotype
16404,C1838951,LEIGH SYNDROME DUE TO MITOCHONDRIAL COMPLEX I DEFICIENCY,disease
16406,C1838979,MITOCHONDRIAL COMPLEX I DEFICIENCY,disease
16408,C1838993,Episodic vomiting,phenotype
16411,C1839025,Decreased light- and dark-adapted electroretinogram amplitude,phenotype
16415,C1839042,Upper motor neuron dysfunction,phenotype
16422,C1839161,"Thrombocytopenia, Platelet Dysfunction, Hemolysis, and Imbalanced Globin Synthesis",disease
16423,C1839163,THROMBOCYTOPENIA 1 (disorder),disease
16424,C1839164,"Thrombocytopenia, X-Linked, Intermittent",disease
16427,C1839254,Hypoplasia of the capital femoral epiphysis,phenotype
16429,C1839259,"Bulbo-Spinal Atrophy, X-Linked",disease
16430,C1839264,"SPASTIC PARAPLEGIA 2, X-LINKED (disorder)",disease
16432,C1839271,Birth length greater than 97th percentile,phenotype
16437,C1839304,Decreased proportion of CD4-positive T cells,phenotype
16439,C1839326,Abnormal form of the vertebral bodies,phenotype
16441,C1839333,"EPILEPTIC ENCEPHALOPATHY, EARLY INFANTILE, 2",disease
16442,C1839341,Abnormal T-wave,phenotype
16444,C1839364,Progressive visual loss,phenotype
16445,C1839413,Pyruvate Dehydrogenase E1 Alpha Deficiency,disease
16446,C1839436,Severe lactic acidosis,phenotype
16448,C1839454,"PROPERDIN DEFICIENCY, X-LINKED",disease
16452,C1839463,TARP syndrome,disease
16456,C1839532,Low plasma citrulline,phenotype
16459,C1839546,Microretrognathia,phenotype
16464,C1839580,"Nystagmus 1, congenital, X- linked",disease
16465,C1839603,Proximal tubulopathy,phenotype
16469,C1839630,Severe muscular hypotonia,phenotype
16470,C1839653,Decreased cervical spine flexion due to contractures of posterior cervical muscles,phenotype
16471,C1839666,Calf muscle pseudohypertrophy,phenotype
16476,C1839731,11 pairs of ribs,phenotype
16477,C1839735,MILES-CARPENTER X-LINKED MENTAL RETARDATION SYNDROME,disease
16478,C1839736,WILSON-TURNER X-LINKED MENTAL RETARDATION SYNDROME,disease
16480,C1839749,Paroxysmal bursts of laughter,phenotype
16481,C1839758,Narrow forehead,phenotype
16483,C1839767,Tented upper lip vermilion,phenotype
16486,C1839783,Large forehead,phenotype
16488,C1839797,Deep philtrum,phenotype
16489,C1839798,Long nose,phenotype
16491,C1839822,Anterior concavity of thoracic vertebrae,phenotype
16492,C1839829,Short distal phalanx of finger,phenotype
16495,C1839839,MAJOR AFFECTIVE DISORDER 2,disease
16496,C1839840,"MALE PSEUDOHERMAPHRODITISM: DEFICIENCY OF TESTICULAR 17,20-DESMOLASE",disease
16502,C1839874,Low Molecular Weight Proteinuria with Hypercalciuria and Nephrocalcinosis,disease
16504,C1839888,Decreased activity of the pyruvate dehydrogenase complex,phenotype
16512,C1840006,Mild intrauterine growth retardation,phenotype
16515,C1840061,SMALL PATELLA SYNDROME,disease
16518,C1840069,Sandal gap,phenotype
16519,C1840077,Anteverted nostril,phenotype
16525,C1840169,"CORONARY ARTERY DISEASE, SUSCEPTIBILITY TO",disease
16526,C1840235,SOLITARY MEDIAN MAXILLARY CENTRAL INCISOR,disease
16532,C1840284,LEBER CONGENITAL AMAUROSIS 11,disease
16534,C1840299,Hypotrichosis Simplex of Scalp,disease
16535,C1840307,Distal shortening of limbs,phenotype
16542,C1840333,Barakat syndrome,disease
16545,C1840348,"Hypocalciuric Hypercalcemia, Acquired",disease
16552,C1840376,Elevated mean arterial pressure,phenotype
16553,C1840379,Cerebellar vermis hypoplasia,phenotype
16555,C1840382,Abnormality of the ureter,phenotype
16557,C1840390,"Pseudohypoaldosteronism, Type IIb",disease
16558,C1840391,"Pseudohypoaldosteronism, Type IIc",disease
16559,C1840392,"HYPERPIGMENTATION, FAMILIAL PROGRESSIVE",disease
16561,C1840402,HYPERPARATHYROIDISM 1,disease
16564,C1840418,Thickened cortex of long bones,phenotype
16572,C1840452,Hyaloideoretinal degeneration of Wagner,disease
16574,C1840457,Retinal pigment epithelial atrophy,phenotype
16576,C1840529,HOLOPROSENCEPHALY 3,disease
16577,C1840535,Abnormality of the carpal bones,phenotype
16580,C1840572,"HIP DYSPLASIA, BEUKES TYPE",disease
16582,C1840646,"Hepatic Adenomas, Familial",disease
16583,C1841621,FETAL HEMOGLOBIN QUANTITATIVE TRAIT LOCUS 1,phenotype
16587,C1841679,Hand foot uterus syndrome,disease
16593,C1841721,ACHROMATOPSIA 4,disease
16595,C1841972,Glucocorticoid Receptor Deficiency,disease
16598,C1841984,GLOMUVENOUS MALFORMATIONS,disease
16601,C1842028,"GLAUCOMA 1, OPEN ANGLE, A",disease
16602,C1842031,"IRIDOGONIODYSGENESIS, TYPE 2",disease
16603,C1842035,Giant Platelet Syndrome with Thrombocytopenia,disease
16604,C1842036,GIANT PIGMENTED HAIRY NEVUS,disease
16605,C1842060,Prominent supraorbital ridges,phenotype
16608,C1842083,Abnormality of the ribs,disease
16610,C1842090,Platelet Glycoprotein IV Deficiency,disease
16611,C1842109,"Microcephaly, Primary Autosomal Recessive, 6",disease
16612,C1842124,BRANCHIOOTIC SYNDROME 3 (disorder),disease
16613,C1842127,Retinitis Pigmentosa 26,disease
16615,C1842138,Progressive hearing impairment,phenotype
16617,C1842153,Irregular vertebral endplates,phenotype
16620,C1842160,"MYOPATHY, MYOSIN STORAGE (disorder)",disease
16624,C1842180,CAPILLARY MALFORMATION-ARTERIOVENOUS MALFORMATION (disorder),disease
16625,C1842197,"Charcot-Marie-Tooth Disease, Recessive Intermediate A",disease
16629,C1842247,"CORONARY ARTERY DISEASE, AUTOSOMAL DOMINANT, 1",disease
16633,C1842364,Central hypotonia,phenotype
16634,C1842366,Low anterior hairline,phenotype
16637,C1842398,Neutrophil Immunodeficiency Syndrome,disease
16639,C1842404,Insulin-dependent but ketosis-resistant diabetes,phenotype
16641,C1842408,increased risk of pancreatic cancer,phenotype
16646,C1842466,"Uniparental disomy, paternal, chromosome 14",disease
16647,C1842475,Retinitis Pigmentosa 7,disease
16651,C1842534,DYSTONIA 18 (disorder),disease
16652,C1842552,Limb-girdle muscle atrophy,disease
16655,C1842577,JOUBERT SYNDROME 2,disease
16656,C1842581,Abnormal corpus callosum morphology,phenotype
16657,C1842587,Sensory axonal neuropathy,phenotype
16659,C1842675,AMYOTROPHIC LATERAL SCLEROSIS 6 (disorder),disease
16661,C1842680,Small earlobe,phenotype
16664,C1842688,Hypoplasia of the brainstem,phenotype
16669,C1842704,"GAUCHER DISEASE, PERINATAL LETHAL",disease
16672,C1842774,Hypermelanotic macule,phenotype
16674,C1842778,Atrial septal defect 2,disease
16677,C1842820,Cardiac conduction abnormality,phenotype
16679,C1842839,HYPOTRICHOSIS 6,disease
16682,C1842876,Depressed nasal ridge,phenotype
16683,C1842878,Short 5th finger,disease
16686,C1842898,"Muscular Dystrophy, Congenital, due to Partial LAMA2 Deficiency",disease
16687,C1842914,Adult-Onset Vitelliform Macular Dystrophy,disease
16689,C1842937,"AURAL ATRESIA, CONGENITAL",disease
16694,C1842983,"CHARCOT-MARIE-TOOTH DISEASE, AXONAL, TYPE 2K",disease
16697,C1843004,HYPOTRICHOSIS-LYMPHEDEMA-TELANGIECTASIA SYNDROME,disease
16699,C1843013,"Alzheimer disease, familial, type 3",disease
16701,C1843015,"Alzheimer Disease, Familial, 3, with Spastic Paraparesis and Apraxia",disease
16703,C1843042,Craniolenticulosutural Dysplasia,disease
16704,C1843057,Calf muscle hypertrophy,phenotype
16705,C1843075,"Charcot-Marie-Tooth Disease, Dominant Intermediate D",disease
16707,C1843096,Acrocapitofemoral Dysplasia,disease
16709,C1843108,Short palm,phenotype
16710,C1843112,Broad nail,phenotype
16711,C1843116,"Bile acid synthesis defect, congenital, 1",disease
16712,C1843139,"Hypercholanemia, Familial",disease
16713,C1843140,"SEIZURES, BENIGN FAMILIAL INFANTILE, 3",disease
16715,C1843153,"Charcot-Marie-Tooth disease, Type 2J",disease
16716,C1843156,Progressive sensorineural hearing impairment,disease
16717,C1843164,"Charcot-Marie-Tooth disease, demyelinating, Type 1F",disease
16720,C1843175,Hyperreflexia in upper limbs,phenotype
16721,C1843181,Noonan syndrome-like disorder with loose anagen hair,disease
16722,C1843183,"Charcot-Marie-Tooth disease, Type 4A, axonal form",disease
16723,C1843225,"CHARCOT-MARIE-TOOTH DISEASE, AXONAL, TYPE 2E (disorder)",disease
16724,C1843228,Hypotrophy of the small hand muscles,disease
16726,C1843247,"Charcot-Marie-Tooth disease, Type 1D (disorder)",disease
16734,C1843315,"Neuronopathy, Distal Hereditary Motor, Type Viib",disease
16740,C1843366,"NIEMANN-PICK DISEASE, TYPE C2",disease
16741,C1843367,Poor school performance,phenotype
16742,C1843369,Vertical supranuclear gaze palsy,disease
16747,C1843392,Death in childhood,phenotype
16753,C1843496,Bilateral microphthalmos,disease
16754,C1843504,Pontocerebellar Hypoplasia Type 1,disease
16755,C1843505,Degeneration of anterior horn cells,phenotype
16758,C1843517,Retinal arteriolar tortuosity,phenotype
16763,C1843637,Neck flexor weakness,phenotype
16764,C1843643,Nocturnal hypoventilation,phenotype
16766,C1843663,Urinary bladder sphincter dysfunction,phenotype
16769,C1843697,Axial muscle weakness,phenotype
16770,C1843700,Increased variability in muscle fiber diameter,phenotype
16771,C1843738,"LONG QT SYNDROME 1, ACQUIRED, SUSCEPTIBILITY TO",disease
16773,C1843761,"TOENAIL DYSTROPHY, ISOLATED",disease
16775,C1843792,"FRONTOTEMPORAL LOBAR DEGENERATION WITH TDP43 INCLUSIONS, GRN-RELATED",disease
16777,C1843807,"Basal ganglia disease, biotin-responsive",disease
16778,C1843808,"CARDIOMYOPATHY, DILATED, 1M",disease
16782,C1843851,"Sensory ataxic neuropathy, dysarthria, and ophthalmoparesis",disease
16785,C1843859,Sensory ataxic neuropathy,phenotype
16786,C1843865,Vestibular dysfunction,phenotype
16788,C1843885,Progressive gait ataxia,phenotype
16790,C1843891,SPINOCEREBELLAR ATAXIA 21,disease
16793,C1843896,"Arrhythmogenic Right Ventricular Dysplasia, Familial, 8",disease
16796,C1843921,Postural instability,phenotype
16805,C1844020,"HETEROTAXY, VISCERAL, 1, X-LINKED",disease
16806,C1844374,Persistent bleeding after trauma,phenotype
16807,C1844376,"Granulomatous Disease, Chronic, X-Linked",disease
16808,C1844383,Recurrent bacterial infection,phenotype
16809,C1844384,Recurrent fungal infections,phenotype
16810,C1844385,Absence of bactericidal oxidative respiratory burst in phagocytes,phenotype
16813,C1844505,Pointed chin,phenotype
16814,C1844508,Large foramen magnum,phenotype
16825,C1844548,Hypoplastic finger,phenotype
16826,C1844554,Absent fingernail,phenotype
16831,C1844573,Large earlobe,phenotype
16832,C1844577,Hyperextensibility of the finger joints,phenotype
16833,C1844579,"Exudative Vitreoretinopathy, Familial, X-Linked Recessive",disease
16834,C1844592,Soft skin,phenotype
16835,C1844597,Molluscoid pseudotumors,disease
16836,C1844605,Periorbital wrinkles,phenotype
16837,C1844606,Periorbital hyperpigmentation,phenotype
16843,C1844662,Unexplained fevers,phenotype
16845,C1844666,Immune dysregulation,phenotype
16847,C1844677,"DEAFNESS, X-LINKED 1 (disorder)",disease
16848,C1844678,Progressive hearing loss stapes fixation,disease
16851,C1844690,Limited knee extension,phenotype
16852,C1844696,"OTOPALATODIGITAL SYNDROME, TYPE II",disease
16854,C1844704,Platyspondyly,phenotype
16855,C1844706,Rudimentary fibula,phenotype
16864,C1844776,"CONE-ROD DYSTROPHY, X-LINKED, 1",disease
16866,C1844806,Weight less than 3rd percentile,phenotype
16869,C1844813,Widely spaced teeth,phenotype
16871,C1844820,Range of joint movement increased,phenotype
16873,C1844825,Hyperconvex fingernails,phenotype
16881,C1844862,Abruzzo Erickson syndrome,disease
16883,C1844887,Catel Manzke syndrome,disease
16886,C1844909,Recurrent infections in infancy and early childhood,phenotype
16889,C1844925,Cervical spinal canal stenosis,phenotype
16892,C1844945,Episodic respiratory distress,phenotype
16895,C1845026,Neural tube defects X-linked,disease
16897,C1845028,"ANEMIA, SIDEROBLASTIC, AND SPINOCEREBELLAR ATAXIA",disease
16901,C1845053,"Amelogenesis Imperfecta, Hypomaturation Type, with Snow-Capped Teeth",disease
16902,C1845055,"ALPHA-THALASSEMIA/MENTAL RETARDATION SYNDROME, NONDELETION TYPE, X-LINKED",disease
16906,C1845076,"Lymphoproliferative Syndrome, X-Linked, 2",disease
16907,C1845095,"DEAFNESS, X-LINKED 5 (disorder)",disease
16908,C1845102,Hyperekplexia and Epilepsy,disease
16910,C1845108,Prominent median palatal raphe,phenotype
16913,C1845117,Immunodeficiency without anhidrotic ectodermal dysplasia,disease
16915,C1845123,Generalized neonatal hypotonia,phenotype
16918,C1845146,"Holoprosencephaly, Ectrodactyly, and Bilateral Cleft Lip-Palate",disease
16920,C1845151,"Glycogen Storage Disease, Type IXD",disease
16924,C1845168,"Hypophosphatemic Rickets, X-Linked Recessive",disease
16927,C1845202,Nephrogenic Syndrome of Inappropriate Antidiuresis,disease
16928,C1845206,Decreased circulating renin level,phenotype
16930,C1845243,"MENTAL RETARDATION, X-LINKED, SYNDROMIC, CLAES-JENSEN TYPE",disease
16931,C1845245,Lower limb hypertonia,phenotype
16934,C1845250,Small forehead,phenotype
16935,C1845251,Facial hypotonia,phenotype
16937,C1845274,Abnormal conjugate eye movement,phenotype
16942,C1845294,Ovarian Dysgenesis 2,disease
16947,C1845336,"AUTISM, X-LINKED, SUSCEPTIBILITY TO, 3 (finding)",disease
16950,C1845343,"Epilepsy, X-Linked, with Variable Learning Disabilities and Behavior Disorders",disease
16951,C1845359,"Spinal Muscular Atrophy, Distal, X-Linked 3",disease
16957,C1845446,"Corpus Callosum, Agenesis of, with Mental Retardation, Ocular Coloboma, and Micrognathia",disease
16963,C1845539,"AUTISM, X-LINKED, SUSCEPTIBILITY TO, 2 (finding)",disease
16966,C1845546,FG SYNDROME 4 (disorder),disease
16971,C1845667,RETINITIS PIGMENTOSA 3,disease
16973,C1845672,"Mental Retardation, X-Linked 63",disease
16975,C1845837,Dyserythropoietic Anemia with Thrombocytopenia,disease
16977,C1845847,Coarse facial features,phenotype
16979,C1845861,"MENTAL RETARDATION, X-LINKED, WITH SHORT STATURE, HYPOGONADISM, AND ABNORMAL GAIT",disease
16980,C1845862,"Creatine deficiency, X-linked",disease
16988,C1845977,X- linked recessive,phenotype
16989,C1845987,"Neutropenia, Severe Congenital, X-Linked",disease
16990,C1846006,"Ectodermal dysplasia, hypohidrotic, with immune deficiency",disease
16991,C1846008,"HYPER-IgM IMMUNODEFICIENCY, X-LINKED, WITH ECTODERMAL DYSPLASIA, HYPOHIDROTIC",disease
16992,C1846009,"Intrauterine Growth Retardation, Metaphyseal Dysplasia, Adrenal Hypoplasia Congenita, And Genital Anomalies",disease
17000,C1846055,Siderius X-linked mental retardation syndrome,disease
17001,C1846058,Lubs X-linked mental retardation syndrome,disease
17002,C1846059,Roifman syndrome,disease
17004,C1846129,Terminal Osseous Dysplasia and Pigmentary Defects,disease
17005,C1846130,"Mental retardation X-linked, South African type",disease
17009,C1846142,HOYERAAL-HREIDARSSON SYNDROME,disease
17010,C1846145,"MENTAL RETARDATION, X-LINKED, SYNDROMIC 11",disease
17011,C1846149,"Intellectual disability, progressive",phenotype
17012,C1846151,Widened subarachnoid space,phenotype
17016,C1846171,"Lissencephaly, X-Linked, 2",disease
17020,C1846176,Hyperactive deep tendon reflexes,phenotype
17021,C1846223,Adrenal hypoplasia,phenotype
17024,C1846265,"Microphthalmia, syndromic 2",disease
17027,C1846288,Recurrent hypoglycemia,phenotype
17030,C1846343,"Bartter syndrome, type 3",disease
17034,C1846348,Renal potassium wasting,phenotype
17037,C1846352,Hyperchloriduria,phenotype
17038,C1846357,Meckel syndrome type 3,disease
17039,C1846367,Spinocerebellar ataxia 19,disease
17040,C1846385,FOCAL CORTICAL DYSPLASIA OF TAYLOR,disease
17045,C1846423,Thick upper lip vermilion,phenotype
17050,C1846437,Deformed sella turcica,phenotype
17052,C1846439,Hypoplasia of the odontoid process,phenotype
17057,C1846460,Abnormality of the outer ear,disease
17058,C1846462,Impaired ocular abduction,phenotype
17063,C1846474,Small thenar eminence,phenotype
17068,C1846529,CONE-ROD DYSTROPHY 10,disease
17071,C1846546,Recurrent sinopulmonary infections,phenotype
17074,C1846564,"SPASTIC PARAPLEGIA 7, AUTOSOMAL RECESSIVE",disease
17075,C1846566,Degeneration of the lateral corticospinal tracts,phenotype
17079,C1846632,Thyroid Dyshormonogenesis 6,disease
17081,C1846648,"MICROCEPHALY, AMISH TYPE (disorder)",disease
17082,C1846672,"MUSCULAR DYSTROPHY, LIMB-GIRDLE, TYPE 2I",disease
17084,C1846685,"SPASTIC PARAPLEGIA 19, AUTOSOMAL DOMINANT (disorder)",disease
17085,C1846689,MOYAMOYA DISEASE 2,disease
17086,C1846707,SPINOCEREBELLAR ATAXIA 17,disease
17089,C1846790,JOUBERT SYNDROME 4 (disorder),disease
17090,C1846796,Anauxetic dysplasia,disease
17092,C1846803,Small epiphyses,phenotype
17093,C1846821,Abnormality of coagulation,phenotype
17094,C1846837,"Aortic Aneurysm, Familial Thoracic 2",disease
17096,C1846843,"EPIPHYSEAL DYSPLASIA, MULTIPLE, 5",disease
17098,C1846862,PARKINSON DISEASE 8 (disorder),disease
17101,C1846896,"Deafness, Autosomal Recessive 22",disease
17102,C1846911,Compensatory chin elevation,phenotype
17103,C1846950,Short middle phalanx of finger,phenotype
17104,C1846979,SENIOR-LOKEN SYNDROME 4,disease
17105,C1846980,Senior-Loken Syndrome 3,disease
17106,C1847013,NEPHRONOPHTHISIS 4,disease
17107,C1847024,"ALBINISM, OCULOCUTANEOUS, TYPE IB (disorder)",disease
17108,C1847089,"USHER SYNDROME, TYPE IG",disease
17109,C1847114,"SPINOCEREBELLAR ATAXIA, AUTOSOMAL RECESSIVE 5",disease
17110,C1847117,Dilated fourth ventricle,phenotype
17116,C1847200,ALZHEIMER DISEASE 4,disease
17117,C1847319,PARAGANGLIOMA AND GASTRIC STROMAL SARCOMA,disease
17119,C1847352,"POLYMICROGYRIA, BILATERAL FRONTOPARIETAL",disease
17123,C1847406,"Digital Arthropathy-Brachydactyly, Familial",disease
17125,C1847425,Abnormal oral glucose tolerance,phenotype
17126,C1847501,Glut1 Deficiency Syndrome,disease
17129,C1847515,Paroxysmal involuntary eye movements,phenotype
17131,C1847529,"ADIPONECTIN, SERUM LEVEL OF, QUANTITATIVE TRAIT LOCUS 3",phenotype
17133,C1847532,"MYOPATHY, DISTAL, WITH ANTERIOR TIBIAL ONSET",disease
17136,C1847555,"Hyperinsulinemic hypoglycemia, familial, 6",disease
17137,C1847572,SECKEL SYNDROME 2,disease
17138,C1847584,Distal sensory impairment,phenotype
17139,C1847593,"EPIPHYSEAL DYSPLASIA, MULTIPLE, 4",disease
17142,C1847626,"Deafness, Autosomal Dominant 36",disease
17144,C1847640,KUFOR-RAKEB SYNDROME,disease
17147,C1847667,"CARDIOMYOPATHY, DILATED, 1L",disease
17149,C1847720,Hypermethioninemia due to deficiency of glycine N-methyltransferase,disease
17153,C1847762,Cerebellar cyst,phenotype
17155,C1847800,Waardenburg Syndrome Type 1,disease
17156,C1847823,"CHARCOT-MARIE-TOOTH DISEASE, AXONAL, TYPE 2F",disease
17157,C1847827,LIG4 Syndrome,disease
17159,C1847836,"Oculocutaneous Albinism, Type IV",disease
17161,C1847868,Generalized aminoaciduria,phenotype
17163,C1847879,X-linked dominant inheritance,phenotype
17166,C1847902,"CHARCOT-MARIE-TOOTH DISEASE, DOMINANT INTERMEDIATE B (disorder)",disease
17171,C1848029,Ehlers-Danlos syndrome caused by tenascin-X deficiency,disease
17172,C1848030,Hypotonia-Cystinuria Syndrome,disease
17174,C1848070,Lissencephaly and agenesis of corpus callosum,disease
17177,C1848103,Narrow pelvis bone,phenotype
17180,C1848137,"EPILEPSY, FEMALE-RESTRICTED, WITH MENTAL RETARDATION (disorder)",disease
17182,C1848172,"NIGHT BLINDNESS, CONGENITAL STATIONARY, TYPE 2A",disease
17186,C1848199,X-Linked Lissencephaly,disease
17190,C1848207,Poor speech,phenotype
17191,C1848213,"Periventricular Heterotopia, X-Linked",disease
17193,C1848336,Dent disease 1,disease
17195,C1848392,Zunich neuroectodermal syndrome,disease
17196,C1848395,Large for gestational age,phenotype
17197,C1848410,"Xeroderma pigmentosum, variant type",disease
17198,C1848411,"XERODERMA PIGMENTOSUM, COMPLEMENTATION GROUP E",disease
17207,C1848488,Pierre Robin syndrome with fetal chondrodysplasia,disease
17208,C1848514,Short fourth metatarsal,phenotype
17211,C1848526,Pontocerebellar Hypoplasia Type 2A,disease
17212,C1848528,Extrapyramidal dyskinesia,disease
17213,C1848529,Hypoplasia of the pons,phenotype
17214,C1848533,Ataxia with vitamin E deficiency,disease
17215,C1848534,"VITAMIN K-DEPENDENT CLOTTING FACTORS, COMBINED DEFICIENCY OF, 1",disease
17217,C1848552,"Methylmalonic Aciduria and Homocystinuria, CblD Type",disease
17218,C1848553,"Homocystinuria, CblD Type, Variant 1",disease
17220,C1848555,Hypomethioninemia,phenotype
17222,C1848561,Methylmalonic acidemia with homocystinuria,disease
17225,C1848580,Decreased methionine synthase activity,phenotype
17228,C1848595,Mesoaxial polydactyly,disease
17230,C1848599,VACTERL Association With Hydrocephalus,disease
17232,C1848604,"USHER SYNDROME, TYPE IC",disease
17234,C1848634,"USHER SYNDROME, TYPE IIA",disease
17235,C1848638,"USHER SYNDROME, TYPE IB (disorder)",disease
17237,C1848640,"USHER SYNDROME, TYPE I, FRENCH VARIETY, FORMERLY",disease
17239,C1848651,Al Awadi syndrome,disease
17241,C1848654,Broad ribs,phenotype
17244,C1848670,Aplasia/Hypoplasia of the phalanges of the hand,phenotype
17246,C1848673,Hypoplastic feet,phenotype
17250,C1848701,Elevated hepatic transaminase,phenotype
17251,C1848702,Elevated urinary delta-aminolevulinic acid,phenotype
17253,C1848736,Distal amyotrophy,disease
17254,C1848745,Oliver-McFarlane syndrome,disease
17255,C1848760,Increased anterioposterior diameter of thorax,phenotype
17257,C1848771,Prominent superficial blood vessels,phenotype
17262,C1848805,Thyroid Dyshormonogenesis 1,disease
17266,C1848862,Miller-McKusick-Malvaux-Syndrome (3M Syndrome),disease
17268,C1848873,Abnormality of the diaphragm,phenotype
17273,C1848916,"Tay-Sachs Disease, Variant B1",disease
17276,C1848934,SPONDYLOCARPOTARSAL SYNOSTOSIS SYNDROME,disease
17277,C1848947,COLD-INDUCED SWEATING SYNDROME 1,disease
17279,C1848957,Increased urinary sulfite,phenotype
17282,C1848977,Short upper lip,phenotype
17283,C1848980,Developmental stagnation,phenotype
17284,C1849011,"SPONDYLOMETAEPIPHYSEAL DYSPLASIA, SHORT LIMB-HAND TYPE",disease
17286,C1849020,Short metatarsal,phenotype
17287,C1849025,Oval face,phenotype
17289,C1849039,Metaphyseal widening,phenotype
17291,C1849063,Short iliac bones,phenotype
17293,C1849075,Relative macrocephaly,disease
17296,C1849089,Broad forehead,phenotype
17297,C1849094,"SPINOCEREBELLAR ATAXIA, AUTOSOMAL RECESSIVE 3",disease
17300,C1849097,Loss of ability to walk,phenotype
17301,C1849115,"SPASTIC PARAPLEGIA 5A, AUTOSOMAL RECESSIVE (disorder)",disease
17303,C1849128,"Spastic paraplegia 15, autosomal recessive",disease
17304,C1849134,Impaired vibration sensation in the lower limbs,phenotype
17305,C1849140,"SPASTIC ATAXIA, CHARLEVOIX-SAGUENAY TYPE",disease
17314,C1849172,Frontal lobe hypoplasia,phenotype
17318,C1849193,PEELING SKIN SYNDROME,disease
17320,C1849211,Generalized hirsutism,phenotype
17323,C1849236,"Severe combined immunodeficiency, atypical",disease
17327,C1849265,Overgrowth,phenotype
17330,C1849292,Advanced ossification of carpal bones,phenotype
17332,C1849295,Hypoplastic labia minora,phenotype
17333,C1849300,Widely patent fontanelles and sutures,phenotype
17335,C1849307,Increased density of long bones,phenotype
17337,C1849311,Short 1st metacarpal,phenotype
17340,C1849321,"Sandhoff Disease, Juvenile Type",disease
17343,C1849334,"Robinow syndrome, autosomal recessive",disease
17344,C1849340,Long palpebral fissure,phenotype
17345,C1849341,Triangular mouth,phenotype
17347,C1849348,Richieri Costa Pereira syndrome,disease
17352,C1849367,Nasal bridge wide,phenotype
17356,C1849386,"Myoglobinuria, Acute Recurrent, Autosomal Recessive",disease
17357,C1849387,"Rh-Null, Regulator Type",disease
17359,C1849394,Enhanced S-Cone Syndrome,disease
17364,C1849435,"Renal tubular acidosis, distal, type 3",disease
17365,C1849437,Mainzer-Saldino Disease,disease
17368,C1849478,Increased red cell osmotic fragility,phenotype
17370,C1849488,Increased serum pyruvate,phenotype
17372,C1849507,"Uridine 5-Prime Monophosphate Hydrolase Deficiency, Hemolytic Anemia due to",disease
17373,C1849508,"EPILEPSY, PYRIDOXINE-DEPENDENT",disease
17376,C1849537,Persistent open anterior fontanelle,phenotype
17377,C1849538,Delayed eruption of primary teeth,phenotype
17381,C1849570,Progressive pulmonary function impairment,phenotype
17383,C1849577,Neck pterygia,phenotype
17389,C1849678,Peroxisomal ACYL-COA oxidase deficiency,disease
17393,C1849700,Hyperphenylalaninemia with primapterinuria,disease
17397,C1849722,"Polyglucosan Body Disease, Adult Form",disease
17400,C1849762,"Polycystic Kidney Disease, Potter Type I, with Microbrachycephaly, Hypertelorism, and Brachymelia",disease
17402,C1849766,Periportal fibrosis,phenotype
17403,C1849779,Kowarski syndrome,disease
17404,C1849792,Achromatopsia 3,disease
17406,C1849813,"Glycogen Storage Disease of Heart, Lethal Congenital",disease
17408,C1849923,Generalized hypopigmentation,phenotype
17410,C1849930,Persistent Mullerian duct syndrome,disease
17413,C1849953,Square pelvis bone,disease
17414,C1849955,Limited elbow movement,phenotype
17421,C1850044,Prominent protruding coccyx,phenotype
17423,C1850049,Clinodactyly of the 5th finger,disease
17427,C1850069,Undetectable visual evoked potentials,phenotype
17428,C1850077,"Supranuclear Palsy, Progressive, 1, Atypical",disease
17435,C1850127,"Osteopetrosis, Autosomal Recessive 1",disease
17437,C1850135,Flared metaphysis,phenotype
17438,C1850155,TORG-WINCHESTER SYNDROME,disease
17445,C1850171,Neonatal short-limb short stature,phenotype
17446,C1850178,Bowing of limbs due to multiple fractures,phenotype
17448,C1850191,Posterior polar cataract,phenotype
17451,C1850259,Short tibia,phenotype
17453,C1850293,Severe platyspondyly,phenotype
17454,C1850303,"PROGRESSIVE EXTERNAL OPHTHALMOPLEGIA WITH MITOCHONDRIAL DNA DELETIONS, AUTOSOMAL RECESSIVE",disease
17457,C1850325,Labial hypoplasia,phenotype
17459,C1850336,Single interphalangeal crease of fifth finger,phenotype
17460,C1850343,Mosaic variegated aneuploidy syndrome 1,disease
17463,C1850362,"NIGHT BLINDNESS, CONGENITAL STATIONARY, TYPE 1B",disease
17467,C1850386,GIANT AXONAL NEUROPATHY 1,disease
17468,C1850395,"Neuropathy, Hereditary Sensory, with Spastic Paraplegia, Autosomal Recessive",disease
17469,C1850406,NAVAJO NEUROHEPATOPATHY,disease
17472,C1850415,Microvesicular hepatic steatosis,phenotype
17474,C1850442,"CEROID LIPOFUSCINOSIS, NEURONAL, 5",disease
17476,C1850451,"CEROID LIPOFUSCINOSIS, NEURONAL, 1",disease
17477,C1850456,Progressive microcephaly,phenotype
17478,C1850496,Neuronal loss in central nervous system,phenotype
17482,C1850554,Atelosteogenesis type 2,disease
17486,C1850569,Nemaline Myopathy 2,disease
17488,C1850597,Leigh Syndrome Due To Mitochondrial Complex II Deficiency,disease
17489,C1850598,Leigh Syndrome due to Mitochondrial Complex III Deficiency,disease
17490,C1850599,Leigh Syndrome due to Mitochondrial Complex IV Deficiency,disease
17491,C1850600,Leigh Syndrome due to Mitochondrial Complex V Deficiency,disease
17492,C1850601,Abnormality of brainstem morphology,phenotype
17494,C1850627,Nasodigitoacoustic syndrome,disease
17495,C1850629,Exaggerated cupid's bow,phenotype
17496,C1850630,Broad distal phalanx of finger,phenotype
17499,C1850640,Long eyelashes in irregular rows,phenotype
17500,C1850644,Anterior bowing of long bones,phenotype
17502,C1850658,Irregular femoral epiphysis,phenotype
17504,C1850671,"Myosclerosis, Autosomal Recessive",disease
17505,C1850674,MINICORE MYOPATHY WITH EXTERNAL OPHTHALMOPLEGIA (disorder),disease
17506,C1850709,"Myopathy, Hyaline Body, Autosomal Recessive",disease
17512,C1850765,Visual auras,disease
17513,C1850780,Reduced leukocyte alkaline phosphatase,phenotype
17514,C1850792,Congenital myasthenic syndrome ib,disease
17515,C1850794,Proximal amyotrophy,disease
17518,C1850830,Exercise-induced myalgia,phenotype
17525,C1850889,"MUSCULAR DYSTROPHY, LIMB-GIRDLE, TYPE 2B",disease
17527,C1850938,"FUNDUS DYSTROPHY, PSEUDOINFLAMMATORY, OF SORSBY",disease
17528,C1850959,"Corneal dystrophy, Fuchs' endothelial, 1",disease
17533,C1851057,Normal motor development,phenotype
17540,C1851102,"Fibrosis Of Extraocular Muscles, Congenital, 1",disease
17547,C1851130,Small cervical vertebral bodies,phenotype
17552,C1851310,Aplasia/hypoplasia of the femur,phenotype
17554,C1851316,"Iron Overload, Autosomal Dominant",disease
17555,C1851347,"Familial Mediterranean Fever, Autosomal Dominant",disease
17556,C1851400,Facial Hypertrichosis,phenotype
17557,C1851402,Exudative vitreoretinopathy 1,disease
17559,C1851413,"EXOSTOSES, MULTIPLE, TYPE II",disease
17564,C1851430,Subcortical white matter calcifications,phenotype
17567,C1851480,Greither Disease,disease
17568,C1851481,Erythrokeratodermia with ataxia,disease
17569,C1851504,"Aortic aneurysm, familial thoracic 4",disease
17571,C1851536,"Epiphyseal Dysplasia, Multiple, with Myopia and Conductive Deafness",disease
17572,C1851542,Limited hip movement,phenotype
17577,C1851573,Transient bullous dermolysis of the newborn,disease
17583,C1851710,LATERAL MENINGOCELE SYNDROME,disease
17584,C1851712,Dural ectasia,phenotype
17585,C1851714,Sclerosis of skull base,phenotype
17588,C1851733,Pancreatic hyperplasia,phenotype
17589,C1851734,Metopic ridge,phenotype
17590,C1851741,ELLIPTOCYTOSIS 2 (disorder),disease
17591,C1851789,Poor wound healing,phenotype
17592,C1851792,Aplasia/Hypoplasia of the earlobes,disease
17602,C1851853,Midline notch of upper alveolar ridge,phenotype
17603,C1851878,OROFACIAL CLEFT 8,disease
17606,C1851897,Anterior creases of earlobe,phenotype
17607,C1851920,Dopa-Responsive Dystonia,disease
17608,C1851936,Paroxysmal choreoathetosis,phenotype
17609,C1851943,"DYSTONIA 4, TORSION, AUTOSOMAL DOMINANT (disorder)",disease
17610,C1851945,"DYSTONIA 1, TORSION, AUTOSOMAL DOMINANT",disease
17621,C1852085,Digitotalar Dysmorphism,disease
17622,C1852091,"INSULIN RESISTANCE, SUSCEPTIBILITY TO",disease
17624,C1852093,"Maturity-Onset Diabetes of the Young, Type 1",disease
17629,C1852150,"Fingerprints, Absence of",phenotype
17631,C1852197,MAJOR AFFECTIVE DISORDER 1,disease
17632,C1852222,"Failure of Tooth Eruption, Primary",disease
17636,C1852282,"DEAFNESS, AUTOSOMAL DOMINANT 1 (disorder)",disease
17638,C1852296,"Darier Disease, Acral Hemorrhagic Type",disease
17645,C1852406,Cutis Gyrata Syndrome of Beare And Stevenson,disease
17649,C1852438,"CATARACT, COPPOCK-LIKE",disease
17652,C1852464,Abnormality of the cervical spine,phenotype
17653,C1852467,"Creutzfeldt-Jakob Disease, Sporadic",disease
17656,C1852502,"CRANIOMETAPHYSEAL DYSPLASIA, AUTOSOMAL DOMINANT",disease
17657,C1852504,Misalignment of teeth,phenotype
17659,C1852529,Corticosteroid-Binding Globulin Deficiency,disease
17662,C1852548,Absent retinal pigment epithelium,phenotype
17666,C1852581,"EPILEPSY, BENIGN NEONATAL, 2",disease
17669,C1852759,Papillorenal syndrome,disease
17670,C1852767,Hereditary macular coloboma,disease
17676,C1853099,Cornelia de Lange Syndrome 3,disease
17677,C1853100,CEREBROOCULOFACIOSKELETAL SYNDROME 4,disease
17678,C1853102,Cerebrooculofacioskeletal Syndrome 2,disease
17680,C1853116,"SPINOCEREBELLAR ATAXIA, AUTOSOMAL RECESSIVE 8 (disorder)",disease
17682,C1853120,Noonan Syndrome 4,disease
17683,C1853124,"NEPHROTIC SYNDROME, TYPE 3",disease
17684,C1853136,Neutral Lipid Storage Disease with Myopathy,disease
17686,C1853139,OPTIC ATROPHY 5 (disorder),disease
17687,C1853141,Slow decrease in visual acuity,phenotype
17688,C1853144,"Deafness, Congenital, with Inner Ear Agenesis, Microtia, and Microdontia",disease
17689,C1853147,"MACULAR DEGENERATION, AGE-RELATED, 4 (disorder)",disease
17690,C1853153,JOUBERT SYNDROME 6,disease
17691,C1853154,Nemaline Myopathy 7,disease
17692,C1853162,Osteogenesis Imperfecta Type VII,disease
17693,C1853171,Multiple prenatal fractures,phenotype
17695,C1853193,Recurrent skin infections,phenotype
17699,C1853205,Glycosylphosphatidylinositol deficiency,disease
17702,C1853223,"Deafness, Autosomal Recessive 67",disease
17704,C1853234,Anterior segment of eye aplasia,phenotype
17705,C1853235,Sclerocornea,disease
17706,C1853237,Isolated cases,phenotype
17707,C1853238,Conotruncal defect,disease
17708,C1853241,Flat face,phenotype
17709,C1853242,Midface retrusion,phenotype
17710,C1853246,Eversion of lower lip,phenotype
17711,C1853247,"SPASTIC PARAPLEGIA 31, AUTOSOMAL DOMINANT",disease
17712,C1853249,SPINOCEREBELLAR ATAXIA 28,disease
17718,C1853271,"HYPOPHOSPHATEMIC RICKETS WITH HYPERCALCIURIA, HEREDITARY",disease
17719,C1853276,"Deafness, Autosomal Recessive 28",disease
17721,C1853286,"Erythrocytosis, Familial, 3",disease
17723,C1853296,"SPONDYLOCOSTAL DYSOSTOSIS, AUTOSOMAL RECESSIVE 3",disease
17725,C1853354,"Peeling skin syndrome, acral type",disease
17728,C1853377,Enlarged cisterna magna,phenotype
17729,C1853392,"Interleukin 2 Receptor, Alpha, Deficiency of",disease
17730,C1853394,Gaze-evoked horizontal nystagmus,phenotype
17737,C1853445,"PARKINSON DISEASE 7, AUTOSOMAL RECESSIVE EARLY-ONSET",disease
17740,C1853487,Thick eyebrow,phenotype
17742,C1853490,22q13.3 Deletion Syndrome,disease
17749,C1853564,"Developmental Delay, Epilepsy, and Neonatal Diabetes",disease
17750,C1853566,Genitopatellar Syndrome,disease
17753,C1853618,Perivascular spaces,phenotype
17755,C1853638,Broad neck,phenotype
17757,C1853698,Rippling muscle disease,disease
17759,C1853702,Muscle mounding,phenotype
17760,C1853710,"HEREDITARY MOTOR AND SENSORY NEUROPATHY, TYPE IIC (disorder)",disease
17762,C1853733,"HEMOCHROMATOSIS, TYPE 4",disease
17764,C1853737,Prominent occiput,phenotype
17765,C1853738,Long eyelashes,phenotype
17766,C1853743,Muscular hypotonia of the trunk,phenotype
17767,C1853755,INTELLECTUAL DEVELOPMENTAL DISORDER WITH AUTISM AND SPEECH DELAY,disease
17768,C1853761,"SPINOCEREBELLAR ATAXIA, AUTOSOMAL RECESSIVE 1",disease
17770,C1853767,Impaired distal vibration sensation,phenotype
17771,C1853800,Familial Wilms tumor 2,disease
17774,C1853833,"Parkinson Disease 6, Autosomal Recessive Early-Onset",disease
17775,C1853892,Dimethylglycine Dehydrogenase Deficiency,disease
17778,C1853926,NONAKA MYOPATHY,disease
17779,C1853932,Rimmed vacuoles on biopsy,phenotype
17781,C1853942,"CITRULLINEMIA, TYPE II, NEONATAL-ONSET",disease
17787,C1853995,"SEIZURES, BENIGN FAMILIAL INFANTILE, 2",disease
17790,C1854021,"Cataract, Central Saccular, With Sutural Opacities",disease
17793,C1854058,"SPINAL MUSCULAR ATROPHY, LATE-ONSET, FINKEL TYPE",disease
17796,C1854063,Cardiomyopathy dilated with Woolly hair and keratoderma,disease
17797,C1854065,LATE-ONSET RETINAL DEGENERATION (disorder),disease
17798,C1854106,"INCLUSION BODY MYOPATHY 3, AUTOSOMAL DOMINANT",disease
17799,C1854107,"Hyperaldosteronism, Familial, Type II",disease
17800,C1854111,Broad philtrum,phenotype
17801,C1854113,Prominent nasal bridge,phenotype
17802,C1854114,Short nose,phenotype
17804,C1854146,"Deafness, Autosomal Dominant 39, with Dentinogenesis Imperfecta 1",disease
17806,C1854154,"Charcot-Marie-Tooth disease, Type 2B1",disease
17812,C1854260,LEBER CONGENITAL AMAUROSIS 6 (disorder),disease
17813,C1854273,Radioulnar Synostosis with Amegakaryocytic Thrombocytopenia,disease
17815,C1854275,"DEAFNESS, AUTOSOMAL RECESSIVE 26",disease
17816,C1854301,Motor delay,phenotype
17817,C1854310,Hypotrichosis simplex,disease
17820,C1854336,PARAGANGLIOMAS 3,disease
17823,C1854369,Spinocerebellar ataxia 14,disease
17825,C1854380,NEMALINE MYOPATHY 5,disease
17826,C1854387,Type 1 muscle fiber predominance,phenotype
17830,C1854416,MACROCEPHALY/AUTISM SYNDROME,disease
17832,C1854418,Biparietal narrowing,phenotype
17834,C1854442,SPLIT-HAND/FOOT MALFORMATION 4,disease
17836,C1854449,"Neuropathy, hereditary motor and sensory, Russe type",disease
17838,C1854465,TUBEROUS SCLEROSIS 1 (disorder),disease
17840,C1854467,"Spastic paraplegia 13, autosomal dominant",disease
17841,C1854469,Noonan Syndrome 2,disease
17842,C1854488,Spinocerebellar ataxia 13,disease
17843,C1854489,Limb dysmetria,phenotype
17844,C1854494,Slow progression,phenotype
17845,C1854495,Recurrent infection of the gastrointestinal tract,phenotype
17846,C1854510,Abnormality of the cranial nerves,disease
17847,C1854520,SEBASTIAN SYNDROME,disease
17849,C1854568,"SPASTIC PARAPLEGIA 14, AUTOSOMAL RECESSIVE (disorder)",disease
17850,C1854594,"DEAFNESS, AUTOSOMAL DOMINANT 23",disease
17853,C1854630,Growth Deficiency and Mental Retardation with Facial Dysmorphism,disease
17854,C1854631,"Hypertension, Early-Onset, Autosomal Dominant, with Severe Exacerbation in Pregnancy",disease
17856,C1854664,LETHAL CONGENITAL CONTRACTURE SYNDROME 1,disease
17857,C1854678,"MULTIPLE PTERYGIUM SYNDROME, LETHAL TYPE",disease
17860,C1854686,Uncontrolled eye movements,phenotype
17862,C1854699,Diffuse cerebellar atrophy,phenotype
17864,C1854718,J-shaped sella turcica,phenotype
17868,C1854780,Flaring of rib cage,phenotype
17875,C1854838,Progressive neurologic deterioration,phenotype
17876,C1854882,Absent speech,phenotype
17878,C1854896,Mucolipidosis III Gamma,disease
17880,C1854912,Short long bone,phenotype
17890,C1854988,"Molybdenum Cofactor Deficiency, Complementation Group A",disease
17891,C1854989,"Molybdenum Cofactor Deficiency, Complementation Group B",disease
17895,C1855008,Mitochondrial Complex II Deficiency,disease
17901,C1855067,B lymphocytopenia,phenotype
17903,C1855081,"MICROCEPHALY, PRIMARY AUTOSOMAL RECESSIVE, 1",disease
17905,C1855100,Methylmalonyl-CoA Epimerase Deficiency,disease
17906,C1855102,Methylmalonic aciduria cblB type,disease
17907,C1855106,Neonatal onset,phenotype
17908,C1855109,Methylmalonic aciduria cblA type,disease
17909,C1855114,Methylmalonic Aciduria due to Methylmalonyl-CoA Mutase Deficiency,disease
17910,C1855115,"Methylmalonic Aciduria, mut(0) Type",disease
17912,C1855119,Methylmalonic aciduria,disease
17917,C1855179,"CATARACT, ANTERIOR POLAR",disease
17918,C1855185,Broad phalanx,phenotype
17922,C1855204,Cellular immunodeficiency,phenotype
17936,C1855285,Protruding ear,phenotype
17939,C1855304,"MENTAL RETARDATION, AUTOSOMAL RECESSIVE 1",disease
17940,C1855305,Ter Haar syndrome,disease
17942,C1855311,Megacystis,phenotype
17945,C1855333,External genital hypoplasia,phenotype
17947,C1855340,Bowing of the long bones,phenotype
17953,C1855391,Tortuosity of conjunctival vessels,phenotype
17955,C1855425,Marles Greenberg Persaud syndrome,disease
17959,C1855465,STARGARDT DISEASE 1 (disorder),disease
17961,C1855472,Acute lymphoblastic leukemia with lymphomatous features,disease
17964,C1855483,Progressive spastic paraplegia,phenotype
17966,C1855498,Lipase deficiency combined,disease
17968,C1855514,Severe failure to thrive,phenotype
17969,C1855520,"Hyperglycemia, Postprandial",phenotype
17971,C1855544,Enlarged metaphyses,phenotype
17973,C1855552,Lactic Aciduria due to D-Lactic Acid,disease
17976,C1855568,Jerky head movements,phenotype
17977,C1855577,Erythrocyte Lactate Transporter Defect,disease
17978,C1855578,Exercise-induced muscle cramps,phenotype
17984,C1855620,Premature fusion of phalangeal epiphyses,phenotype
17986,C1855627,HAIM-MUNK SYNDROME,disease
17995,C1855663,Kaufman oculocerebrofacial syndrome,disease
17997,C1855669,Absent frontal sinuses,phenotype
17999,C1855672,Immotile cilia,phenotype
18000,C1855675,Arima syndrome,disease
18001,C1855676,Aplasia/Hypoplasia of the cerebellar vermis,phenotype
18004,C1855685,Undetectable electroretinogram,phenotype
18006,C1855694,Hypoplasia of the primary teeth,phenotype
18009,C1855710,Bone marrow hypocellularity,phenotype
18010,C1855722,"Iris Coloboma with Ptosis, Hypertelorism, and Mental Retardation",disease
18011,C1855728,Low posterior hairline,phenotype
18012,C1855733,Neuronal intestinal pseudoobstruction,disease
18019,C1855772,Absent corpus callosum cataract immunodeficiency,disease
18028,C1855828,Vertebral clefting,phenotype
18029,C1855840,HYPOPARATHYROIDISM-RETARDATION-DYSMORPHISM SYNDROME,disease
18032,C1855845,Patchy osteosclerosis,phenotype
18033,C1855849,"Bartter syndrome, antenatal , type 2",disease
18035,C1855853,Impaired platelet aggregation,phenotype
18036,C1855861,"Glycogen Storage Disease 0, Liver",disease
18038,C1855869,"Autoimmune Polyendocrinopathy Syndrome, Type I, Autosomal Dominant",disease
18041,C1855899,Broad first metatarsal,phenotype
18045,C1855923,Hyperphosphatasia with Mental Retardation,disease
18046,C1855925,"Hyperopia, High",phenotype
18048,C1855995,L-2-HYDROXYGLUTARIC ACIDURIA,disease
18051,C1856016,HYDROLETHALUS SYNDROME 1,disease
18052,C1856017,Adrenal gland dysgenesis,phenotype
18053,C1856019,Abnormal cortical gyration,phenotype
18058,C1856057,"Homocystinuria-Megaloblastic Anemia due to Defect in Cobalamin Metabolism, CblE Complementation Type",disease
18059,C1856058,"HOMOCYSTINURIA DUE TO DEFICIENCY OF N(5,10)-METHYLENETETRAHYDROFOLATE REDUCTASE ACTIVITY",disease
18062,C1856087,Biconcave vertebral bodies,phenotype
18063,C1856089,Methioninuria,phenotype
18064,C1856113,Mowat-Wilson syndrome,disease
18066,C1856117,Uplifted earlobe,disease
18067,C1856118,Prominent nasal tip,phenotype
18068,C1856119,Low hanging columella,phenotype
18069,C1856121,Broad eyebrow,phenotype
18070,C1856127,"Bile acid synthesis defect, congenital, 2",disease
18071,C1856128,Hepatic venoocclusive disease with immunodeficiency,disease
18077,C1856170,"ALZHEIMER DISEASE, SUSCEPTIBILITY TO",phenotype
18081,C1856202,U-Shaped upper lip vermilion,phenotype
18084,C1856245,"Granulomatous Disease, Chronic, Autosomal Recessive, Cytochrome B-Positive, Type II",disease
18086,C1856255,"Granulomatous Disease, Chronic, Autosomal Recessive, Cytochrome B-Negative",disease
18092,C1856301,"GSD IV, Classic Hepatic",disease
18102,C1856408,Infantile encephalopathy,phenotype
18103,C1856409,Dilation of lateral ventricles,phenotype
18105,C1856438,Hypoketotic hypoglycemia,phenotype
18106,C1856439,"GLAUCOMA 3, PRIMARY CONGENITAL, A",disease
18111,C1856465,Ghosal Hematodiaphyseal Dysplasia,disease
18113,C1856476,"Gaucher Disease, Type Iiic",disease
18116,C1856507,Bulbar signs,phenotype
18131,C1856660,Abnormality of the helix,phenotype
18132,C1856689,FRIEDREICH ATAXIA 1,disease
18133,C1856691,Impaired proprioception,phenotype
18134,C1856694,Areflexia of lower limbs,phenotype
18136,C1856714,Palmoplantar cutis laxa,phenotype
18137,C1856716,"Follicle-stimulating hormone deficiency, isolated",disease
18140,C1856728,Fuhrmann syndrome,disease
18143,C1856738,Fibular hypoplasia and complex brachydactyly,disease
18146,C1856749,Aplastic/hypoplastic toenail,phenotype
18149,C1856779,Widely patent sagittal suture,phenotype
18151,C1856786,Hypoplastic fingernail,phenotype
18152,C1856789,Femur bifid with monodactylous ectrodactyly,disease
18153,C1856796,Estren-Dameshek Variant of Fanconi Anemia,disease
18154,C1856797,Estren-Dameshek Variant of Fanconi Pancytopenia,disease
18157,C1856872,Down-sloping shoulders,phenotype
18158,C1856877,Hyperextensible hand joints,phenotype
18159,C1856883,"FACTOR V AND FACTOR VIII, COMBINED DEFICIENCY OF",disease
18165,C1856895,"SKIN/HAIR/EYE PIGMENTATION, VARIATION IN, 1",phenotype
18174,C1856934,Epidermolysis bullosa with pyloric atresia,disease
18176,C1856954,Plantar hyperkeratosis,phenotype
18177,C1856963,Fragile nails,phenotype
18178,C1856972,Encephaloclastic Proliferative Vasculopathy,disease
18179,C1856974,PONTOCEREBELLAR HYPOPLASIA TYPE 4 (disorder),disease
18181,C1856983,Increased CSF interferon alpha,phenotype
18191,C1857042,Sparse scalp hair,phenotype
18195,C1857069,SCHOPF-SCHULZ-PASSARGE SYNDROME (disorder),disease
18197,C1857093,"DYSTONIA 2, TORSION, AUTOSOMAL RECESSIVE (disorder)",disease
18198,C1857100,Dyssegmental dysplasia,disease
18200,C1857108,Limitation of joint mobility,phenotype
18201,C1857126,Parietal bossing,phenotype
18205,C1857171,Episodic hyperhidrosis,phenotype
18209,C1857190,Wide pubic symphysis,phenotype
18212,C1857206,Sparse lateral eyebrow,phenotype
18213,C1857231,LACTASE PERSISTENCE,phenotype
18214,C1857242,"Rhizomelic chondrodysplasia punctata, type 2",disease
18216,C1857252,"2,4-Dienoyl-CoA Reductase Deficiency",disease
18222,C1857278,Partial or complete agenesis of corpus callosum,disease
18223,C1857280,Infra-orbital crease,phenotype
18224,C1857287,Stroke-like episode,phenotype
18227,C1857304,Flexion contracture of finger,phenotype
18231,C1857344,Split-Hand-Foot Malformation With Sensorineural Hearing Loss,disease
18232,C1857353,Posterior fossa cyst,phenotype
18233,C1857355,"Leigh syndrome , French Canadian type",disease
18237,C1857423,Cystic Kidney Disease with Ventriculomegaly,disease
18239,C1857453,Renal hypoplasia/aplasia,phenotype
18241,C1857456,Morphological abnormality of the middle ear,phenotype
18243,C1857482,Slender finger,phenotype
18245,C1857484,Brachyturricephaly,phenotype
18247,C1857486,"Low-set, posteriorly rotated ears",phenotype
18248,C1857499,Bony paranasal bossing,phenotype
18250,C1857501,Facial hyperostosis,phenotype
18255,C1857527,Flattened epiphysis,phenotype
18257,C1857539,Deep palmar crease,phenotype
18258,C1857569,CORNEAL ENDOTHELIAL DYSTROPHY 2,disease
18259,C1857572,CORNEAL DYSTROPHY AND PERCEPTIVE DEAFNESS,disease
18260,C1857574,CORNEA PLANA 2,disease
18261,C1857586,CONOTRUNCAL HEART MALFORMATIONS (disorder),disease
18263,C1857588,Amaurosis hypertrichosis,disease
18264,C1857618,Achromatopsia 2,disease
18267,C1857632,Narrow palm,phenotype
18269,C1857640,Decreased nerve conduction velocity,phenotype
18271,C1857644,Retinal pigment epithelial mottling,phenotype
18275,C1857656,Prematurely aged appearance,phenotype
18276,C1857657,Reduced subcutaneous adipose tissue,phenotype
18277,C1857662,COACH syndrome,disease
18278,C1857663,Yunis Varon syndrome,disease
18279,C1857665,Aplastic clavicle,phenotype
18280,C1857679,Sloping forehead,phenotype
18281,C1857682,Combined Oxidative Phosphorylation Deficiency 4,disease
18286,C1857699,Palate telangiectasia,phenotype
18287,C1857704,Abnormal myelination,phenotype
18289,C1857710,Progeroid facial appearance,phenotype
18291,C1857728,Hereditary Angioedema Type III,disease
18292,C1857743,LEBER CONGENITAL AMAUROSIS 12 (disorder),disease
18294,C1857747,NEURODEGENERATION WITH BRAIN IRON ACCUMULATION 2 (disorder),disease
18295,C1857750,"DEAFNESS, AUTOSOMAL RECESSIVE 66",disease
18296,C1857761,Alagille Syndrome 2,disease
18299,C1857775,"Diabetes Mellitus, Neonatal, with Congenital Hypothyroidism",disease
18300,C1857776,"3-@METHYLGLUTACONIC ACIDURIA, TYPE V",disease
18301,C1857777,"Arrhythmogenic Right Ventricular Dysplasia, Familial, 10",disease
18302,C1857779,SENIOR-LOKEN SYNDROME 6,disease
18303,C1857780,JOUBERT SYNDROME 5,disease
18307,C1857790,Thoracic scoliosis,phenotype
18308,C1857798,Immunodeficiency due to Defect in CD3-Zeta,disease
18313,C1857811,"DEAFNESS, AUTOSOMAL RECESSIVE 49",disease
18314,C1857813,"Macular Degeneration, Age-Related, 7",disease
18316,C1857821,LEBER CONGENITAL AMAUROSIS 10 (disorder),disease
18320,C1857853,"Cataract, Congenital Nuclear, Autosomal Recessive 2",disease
18321,C1857854,Proopiomelanocortin Deficiency,disease
18323,C1857941,Brooke-Spiegler syndrome,disease
18326,C1857949,Prominent metopic ridge,phenotype
18330,C1858025,Spinal rigidity,phenotype
18331,C1858028,WOLFRAM SYNDROME 2,disease
18332,C1858033,Asymmetry of the thorax,phenotype
18333,C1858036,Periorbital fullness,phenotype
18337,C1858054,BARDET-BIEDL SYNDROME 6,disease
18339,C1858080,"Retinal Dystrophy, Early Onset Severe",disease
18340,C1858084,"STICKLER SYNDROME, TYPE II (disorder)",disease
18341,C1858085,Malar flattening,disease
18342,C1858091,Long fingers,phenotype
18347,C1858120,Generalized hypotonia,phenotype
18348,C1858127,Limb-girdle muscle weakness,phenotype
18349,C1858133,"Ichthyosis, Nonlamellar and Nonerythrodermic, Congenital, Autosomal Recessive",disease
18351,C1858154,"CARDIOMYOPATHY, DILATED, 1I",disease
18352,C1858160,"CRANIOSYNOSTOSIS, TYPE 2",disease
18353,C1858172,"Deafness, Autosomal Dominant 20",disease
18356,C1858266,"Bare Lymphocyte Syndrome, Type I",disease
18358,C1858279,"Charcot-Marie-Tooth disease, Type 4B2, with early-onset glaucoma",disease
18361,C1858301,LEBER CONGENITAL AMAUROSIS 5,disease
18365,C1858328,"Bile acid synthesis defect, congenital, 4",disease
18366,C1858338,"Neuropathy, hereditary motor and sensory, Okinawa type",disease
18368,C1858361,"Pyogenic Arthritis, Pyoderma Gangrenosum and Acne",disease
18370,C1858380,"COLORECTAL CANCER, HEREDITARY NONPOLYPOSIS, TYPE 7 (disorder)",disease
18371,C1858386,Leber Congenital Amaurosis 4,disease
18372,C1858391,ATAXIA-TELANGIECTASIA-LIKE DISORDER,disease
18373,C1858392,NEPHRONOPHTHISIS 3,disease
18374,C1858395,Tubular atrophy,phenotype
18375,C1858424,"Cardioencephalomyopathy, Fatal Infantile, due to Cytochrome C Oxidase Deficiency",disease
18377,C1858430,Death in infancy,phenotype
18378,C1858433,"BREAST AND COLORECTAL CANCER, SUSCEPTIBILITY TO",phenotype
18379,C1858438,"COLORECTAL CANCER, SUSCEPTIBILITY TO",phenotype
18381,C1858452,Thickened calvaria,phenotype
18382,C1858477,"Epilepsy, Partial, with Variable Foci",disease
18383,C1858479,"Spastic paraplegia 11, autosomal recessive",disease
18385,C1858496,"Advanced Sleep-Phase Syndrome, Familial",disease
18387,C1858516,"MICROCEPHALY 4, PRIMARY, AUTOSOMAL RECESSIVE",disease
18388,C1858517,SPINAL MUSCULAR ATROPHY WITH RESPIRATORY DISTRESS 1,disease
18390,C1858535,"MICROCEPHALY, PRIMARY AUTOSOMAL RECESSIVE, 2 (disorder)",disease
18391,C1858539,Shawl scrotum,phenotype
18393,C1858556,OVERLAP CONNECTIVE TISSUE DISEASE,disease
18394,C1858558,"Rheumatoid Arthritis, Systemic Juvenile",disease
18395,C1858562,"ECTRODACTYLY, ECTODERMAL DYSPLASIA, AND CLEFT LIP/PALATE SYNDROME 3",disease
18399,C1858573,Sparse pubic hair,phenotype
18400,C1858574,Sparse axillary hair,phenotype
18403,C1858593,"Limb-girdle muscular dystrophy, type 2E",disease
18406,C1858656,"Short Stature, Idiopathic, Autosomal",disease
18408,C1858672,"GENERALIZED EPILEPSY WITH FEBRILE SEIZURES PLUS, TYPE 1",disease
18409,C1858673,"GENERALIZED EPILEPSY WITH FEBRILE SEIZURES PLUS, TYPE 2",disease
18412,C1858679,"CATARACT, AUTOSOMAL DOMINANT",disease
18413,C1858680,Familial encephalopathy with neuroserpin inclusion bodies,disease
18414,C1858695,Chudley-Mccullough syndrome,disease
18415,C1858712,"Spastic paraplegia 10, autosomal dominant",disease
18417,C1858719,Facial muscle weakness of muscles innervated by CN VII,phenotype
18418,C1858723,Poikiloderma with Neutropenia,disease
18420,C1858726,"Congenital Cataracts, Facial Dysmorphism, And Neuropathy",disease
18421,C1858729,Decreased motor nerve conduction velocity,phenotype
18422,C1858732,Malar prominence,phenotype
18423,C1858763,"Cardiomyopathy, Dilated, 1g",disease
18426,C1858806,CONE-ROD DYSTROPHY 3 (disorder),disease
18427,C1858854,MEGALENCEPHALIC LEUKOENCEPHALOPATHY WITH SUBCORTICAL CYSTS,disease
18428,C1858855,Diffuse swelling of cerebral white matter,phenotype
18430,C1858891,PARAMYOTONIA CONGENITA/HYPERKALEMIC PERIODIC PARALYSIS,phenotype
18431,C1858915,FOCAL SEGMENTAL GLOMERULOSCLEROSIS 2,disease
18436,C1858972,Increased B cell count,phenotype
18437,C1858973,"Elevated proportion of CD4-negative, CD8-negative, alpha-beta regulatory T cells",phenotype
18439,C1858980,Platelet antibody positive,phenotype
18440,C1858981,Antineutrophil antibody positivity,phenotype
18441,C1858990,"Beta Thalassemia, Dominant Inclusion Body Type",disease
18442,C1858991,Childhood Ataxia with Central Nervous System Hypomyelinization,disease
18444,C1859014,Primary gonadal insufficiency,phenotype
18445,C1859040,Medullary Cystic Kidney Disease Type 2,disease
18448,C1859062,LONG QT SYNDROME 3,disease
18450,C1859077,Aplasia/Hypoplasia of the nails,phenotype
18452,C1859093,"Chorioretinal Dystrophy, Spinocerebellar Ataxia, and Hypogonadotropic Hypogonadism",disease
18460,C1859126,Stippled epiphyses,phenotype
18461,C1859133,"RHIZOMELIC CHONDRODYSPLASIA PUNCTATA, TYPE 1",disease
18468,C1859198,"CHARCOT-MARIE-TOOTH DISEASE, TYPE 4A (disorder)",disease
18474,C1859231,Hypoplastic olfactory lobes,phenotype
18476,C1859236,Prolonged neonatal jaundice,phenotype
18477,C1859252,Cerebrofaciothoracic Dysplasia,disease
18480,C1859298,"SPINOCEREBELLAR ATAXIA, AUTOSOMAL RECESSIVE 2",disease
18482,C1859305,Cerebellar Ataxia and Hypogonadotropic Hypogonadism,disease
18487,C1859317,Cataract and cardiomyopathy,disease
18488,C1859330,"Cardiac Valvular Defect, Developmental",disease
18492,C1859347,Abnormal subcutaneous fat tissue distribution,phenotype
18493,C1859353,"Candidiasis, Familial, 2",disease
18494,C1859361,Twelfth rib hypoplasia,phenotype
18499,C1859376,Fused sternal ossification centers,phenotype
18502,C1859392,Absent axillary hair,phenotype
18503,C1859399,Radial bowing,phenotype
18506,C1859408,BOMBAY PHENOTYPE,phenotype
18507,C1859411,PARA-BOMBAY PHENOTYPE,phenotype
18509,C1859438,Frontalis muscle weakness,phenotype
18510,C1859442,Minimal subcutaneous fat,phenotype
18514,C1859452,"MICROCEPHALIC OSTEODYSPLASTIC PRIMORDIAL DWARFISM, TYPE I",disease
18515,C1859455,Small anterior fontanelle,phenotype
18518,C1859461,Femoral bowing,phenotype
18520,C1859470,Large basal ganglia,phenotype
18524,C1859481,Abnormal finger flexion creases,phenotype
18525,C1859486,BIETTI CRYSTALLINE CORNEORETINAL DYSTROPHY,disease
18527,C1859499,3-methylcrotonyl CoA carboxylase 2 deficiency,disease
18531,C1859520,Progressive spasticity,phenotype
18532,C1859523,Contractures of the joints of the lower limbs,phenotype
18534,C1859534,"Bare Lymphocyte Syndrome, Type II, Complementation Group A",disease
18536,C1859536,"Bare Lymphocyte Syndrome, Type II, Complementation Group C",disease
18539,C1859564,Bardet-Biedl syndrome 3,disease
18540,C1859565,BARDET-BIEDL SYNDROME 7,disease
18542,C1859567,BARDET-BIEDL SYNDROME 9,disease
18543,C1859568,BARDET-BIEDL SYNDROME 10,disease
18545,C1859570,BARDET-BIEDL SYNDROME 12,disease
18546,C1859592,ATRICHIA WITH PAPULAR LESIONS,disease
18547,C1859598,"ATAXIA, EARLY-ONSET, WITH OCULOMOTOR APRAXIA AND HYPOALBUMINEMIA",disease
18548,C1859606,Decreased number of large peripheral myelinated nerve fibers,phenotype
18551,C1859680,Broad face,phenotype
18554,C1859692,Decreased cervical spine mobility,phenotype
18556,C1859697,Enlargement of the proximal femoral epiphysis,phenotype
18562,C1859721,"ARTHROGRYPOSIS MULTIPLEX CONGENITA, NEUROGENIC TYPE (disorder)",disease
18563,C1859722,"Arthrogryposis, renal dysfunction, and cholestasis 1",disease
18564,C1859726,ARTERIAL TORTUOSITY SYNDROME,disease
18565,C1859727,Arterial calcification of infancy,disease
18572,C1859778,Postnatal growth retardation,phenotype
18574,C1859817,2-AMINOADIPIC 2-OXOADIPIC ACIDURIA,disease
18578,C1859844,"LEBER CONGENITAL AMAUROSIS, TYPE II (disorder)",disease
18580,C1859860,Episodic ketoacidosis,phenotype
18585,C1859896,Progressive macrocephaly,phenotype
18587,C1859966,"Neutropenia, Severe Congenital, Autosomal Dominant 1",disease
18588,C1859970,"Hypodysfibrinogenemia, Congenital",disease
18592,C1859979,Precocious puberty in males,phenotype
18595,C1860042,Antley-Bixler Syndrome with Disordered Steroidogenesis,disease
18597,C1860050,Cloverleaf skull,phenotype
18599,C1860105,Severe short-limb dwarfism,disease
18606,C1860128,Recurrent candida infections,phenotype
18607,C1860130,Low alkaline phosphatase,phenotype
18611,C1860164,Duplication of phalanx of hallux,phenotype
18614,C1860182,Aplasia/Hypoplasia of metatarsal bones,phenotype
18621,C1860236,Irregular hyperpigmentation,phenotype
18622,C1860238,"WOOLLY HAIR, AUTOSOMAL DOMINANT",disease
18624,C1860244,Malrotation of small bowel,phenotype
18625,C1860245,Cranial asymmetry,phenotype
18626,C1860247,Prominent glabella,phenotype
18627,C1860253,Pseudoepiphyses of the metacarpals,phenotype
18631,C1860320,Bone marrow hypercellularity,phenotype
18634,C1860339,"WAARDENBURG SYNDROME, TYPE IIA",disease
18638,C1860405,Snowflake vitreoretinal degeneration,disease
18642,C1860475,Retinal vascular tortuosity,phenotype
18644,C1860493,Abnormality of the sternum,phenotype
18645,C1860518,"Vasculopathy, Retinal, With Cerebral Leukodystrophy",disease
18650,C1860614,ULNAR HYPOPLASIA,phenotype
18651,C1860707,TUBEROUS SCLEROSIS 2 (disorder),disease
18655,C1860752,"CARDIOMYOPATHY, FAMILIAL HYPERTROPHIC, 7",disease
18659,C1860808,Triosephosphate Isomerase Deficiency,disease
18660,C1860816,Preauricular skin tag,phenotype
18661,C1860819,Metopic synostosis,disease
18662,C1860823,"Trichorhinophalangeal Syndrome, Type III",disease
18666,C1860834,Infantile muscular hypotonia,phenotype
18671,C1860896,"COLORECTAL CANCER, HEREDITARY NONPOLYPOSIS, TYPE 6",disease
18673,C1860991,NOONAN SYNDROME 3,disease
18674,C1861028,Esophageal atresia with or without tracheoesophageal fistula,disease
18675,C1861063,"TOBACCO ADDICTION, SUSCEPTIBILITY TO (finding)",phenotype
18676,C1861065,"CARDIOMYOPATHY, FAMILIAL HYPERTROPHIC, 9",disease
18677,C1861098,"Tibia, Hypoplasia of, with Polydactyly",disease
18681,C1861141,Abnormality of the middle ear,phenotype
18682,C1861171,THROMBOPHILIA DUE TO ACTIVATED PROTEIN C RESISTANCE (disorder),disease
18683,C1861172,Venous Thromboembolism,phenotype
18684,C1861185,THROMBOCYTOPENIA 2 (disorder),disease
18685,C1861194,"Thrombasthenia-Thrombocytopenia, Hereditary",disease
18690,C1861226,Small abnormally formed scapulae,phenotype
18696,C1861303,"SYNOVITIS, GRANULOMATOUS, WITH UVEITIS AND CRANIAL NEUROPATHIES (disorder)",disease
18699,C1861313,"Synostosis, Carpal, with Dysplastic Elbow Joints and Brachydactyly",disease
18701,C1861324,Short philtrum,phenotype
18705,C1861329,Spinal canal stenosis,disease
18710,C1861348,"Syndactyly, type v",disease
18714,C1861357,1-5 finger complete cutaneous syndactyly,phenotype
18716,C1861366,"SYNDACTYLY, TYPE III",disease
18720,C1861385,"SYMPHALANGISM, PROXIMAL",disease
18721,C1861388,Short 5th metacarpal,phenotype
18722,C1861395,Small hypothenar eminence,phenotype
18723,C1861403,Variable expressivity,phenotype
18727,C1861453,Pseudohyperkalemia Cardiff,disease
18728,C1861455,STOMATOCYTOSIS I,disease
18729,C1861456,Stiff Skin Syndrome,disease
18731,C1861481,"Stickler syndrome, type 3",disease
18736,C1861519,Moderately short stature,phenotype
18748,C1861656,Retraction of lower eyelid,phenotype
18752,C1861689,"KLIPPEL-FEIL SYNDROME, AUTOSOMAL DOMINANT",disease
18758,C1861732,SPINOCEREBELLAR ATAXIA 29,disease
18760,C1861736,SPINOCEREBELLAR ATAXIA 31 (disorder),disease
18766,C1861825,"CATARACT, POSTERIOR POLAR, 1",disease
18768,C1861828,"Cataract, Zonular Pulverulent 1",disease
18769,C1861829,Cataract microcornea syndrome,disease
18770,C1861832,"CATARACT, CRYSTALLINE ACULEIFORM",phenotype
18771,C1861848,PARAGANGLIOMAS 4,disease
18772,C1861861,"CARDIOMYOPATHY, FAMILIAL RESTRICTIVE, 1 (disorder)",disease
18773,C1861862,Familial Hypertrophic Cardiomyopathy Type 4,disease
18774,C1861863,"CARDIOMYOPATHY, FAMILIAL HYPERTROPHIC, 3 (disorder)",disease
18775,C1861864,"Cardiomyopathy, Familial Hypertrophic, 2",disease
18776,C1861866,Aplasia/Hypoplasia of the corpus callosum,phenotype
18777,C1861869,Underdeveloped supraorbital ridges,phenotype
18780,C1861901,Subacute progressive viral hepatitis,phenotype
18782,C1861921,Cutaneous syndactyly,phenotype
18783,C1861922,CAMPOMELIC DYSPLASIA,disease
18786,C1861975,"Cafe au lait spots, multiple",disease
18788,C1861983,"Heart Block, Nonprogressive",disease
18790,C1862050,Cochlear malformation,phenotype
18798,C1862095,Bilateral single transverse palmar creases,phenotype
18799,C1862096,Aplasia of the middle phalanx of the hand,phenotype
18800,C1862102,"BRACHYDACTYLY, TYPE E1",phenotype
18803,C1862133,Decreased finger mobility,phenotype
18809,C1862151,"BRACHYDACTYLY, TYPE A1 (disorder)",disease
18816,C1862178,Cole Carpenter syndrome,disease
18826,C1862265,Increased circulating gonadotropin level,phenotype
18830,C1862322,"Ovalocytosis, Malaysian-Melanesian-Filipino Type",disease
18835,C1862382,SVEINSSON CHORIORETINAL ATROPHY,disease
18839,C1862393,ASD II,disease
18847,C1862472,Oculomelic amyoplasia,disease
18849,C1862475,Abnormality of retinal pigmentation,phenotype
18851,C1862481,Limited wrist extension,phenotype
18856,C1862591,"CORONARY ARTERY DISEASE, SEVERE, SUSCEPTIBILITY TO",disease
18863,C1862839,Anterior segment mesenchymal dysgenesis,disease
18865,C1862862,Patchy alopecia,phenotype
18866,C1862863,Sparse body hair,phenotype
18872,C1862939,AMYOTROPHIC LATERAL SCLEROSIS 1,disease
18874,C1862941,"Amyotrophic Lateral Sclerosis, Sporadic",disease
18875,C1862968,Generalized amyloid deposition,phenotype
18878,C1863051,ALZHEIMER DISEASE 2,disease
18882,C1863080,"ALPHA-FETOPROTEIN, HEREDITARY PERSISTENCE OF",phenotype
18887,C1863198,"ALBINISM, OCULAR, WITH SENSORINEURAL DEAFNESS (disorder)",disease
18889,C1863204,ADULT SYNDROME,disease
18890,C1863224,"Adenosine Triphosphate, Elevated, Of Erythrocytes",disease
18891,C1863236,"SCID Due to ADA Deficiency, Early-Onset",disease
18898,C1863317,Crowded carpal bones,phenotype
18900,C1863351,Calvarial hyperostosis,phenotype
18904,C1863382,Absent first metatarsal,phenotype
18905,C1863389,Apert-Crouzon Disease,disease
18908,C1863402,Broad distal phalanx of the thumb,phenotype
18912,C1863411,Retinal hamartoma,disease
18913,C1863416,Autosomal dominant compelling helio ophthalmic outburst syndrome,disease
18917,C1863512,"HYPERCHOLESTEROLEMIA, AUTOSOMAL RECESSIVE",disease
18919,C1863534,Stargardt disease 4,disease
18920,C1863551,"HYPERCHOLESTEROLEMIA, AUTOSOMAL DOMINANT, 3",disease
18921,C1863557,Young Simpson syndrome,disease
18922,C1863561,"Deafness, Autosomal Recessive 16",disease
18923,C1863599,Hereditary Myopathy with Early Respiratory Failure,disease
18925,C1863616,ACROMELIC FRONTONASAL DYSOSTOSIS,disease
18929,C1863659,"DEAFNESS, AUTOSOMAL DOMINANT 17",disease
18931,C1863688,"Xanthinuria, Type II",disease
18932,C1863704,"Spastic paraplegia 8, autosomal dominant",disease
18933,C1863715,Severe B lymphocytopenia,phenotype
18934,C1863727,"HEMOPHAGOCYTIC LYMPHOHISTIOCYTOSIS, FAMILIAL, 2",disease
18936,C1863732,Spondyloepimetaphyseal dysplasia with multiple dislocations,disease
18945,C1863844,Adult-onset citrullinemia type 2,disease
18948,C1863878,"Arhinia, choanal atresia, and microphthalmia",disease
18951,C1863926,"GLAUCOMA 1, OPEN ANGLE, F (disorder)",disease
18953,C1863960,"Thyroid Adenoma, Hyperfunctioning",disease
18956,C1864002,GRACILE SYNDROME (disorder),disease
18962,C1864112,HUNTINGTON DISEASE-LIKE 1,disease
18964,C1864148,"MECKEL SYNDROME, TYPE 2",disease
18969,C1864205,"Macular Degeneration, Age-Related, 1",disease
18970,C1864233,ENDPLATE ACETYLCHOLINESTERASE DEFICIENCY (disorder),disease
18976,C1864356,"ACROMESOMELIC DYSPLASIA, MAROTEAUX TYPE",disease
18980,C1864375,Long hallux,phenotype
18981,C1864389,PREMATURE CHROMATID SEPARATION TRAIT,disease
18982,C1864399,"Peroxisome Biogenesis Disorder, Complementation Group 7",disease
18984,C1864445,Histiocytosis with joint contractures and sensorineural deafness,disease
18985,C1864446,Retinitis Pigmentosa 25,disease
18987,C1864497,PSORIASIS 2,disease
18988,C1864498,"RENAL TUBULAR ACIDOSIS, DISTAL, AUTOSOMAL RECESSIVE",disease
18996,C1864621,RETINITIS PIGMENTOSA 36,disease
18997,C1864623,"DIABETES MELLITUS, TRANSIENT NEONATAL, 3 (disorder)",disease
18999,C1864652,"Growth and mental retardation, mandibulofacial dysostosis, microcephaly, and cleft palate",disease
19001,C1864663,HYPOMYELINATION AND CONGENITAL CATARACT,disease
19003,C1864669,NEURONAL CEROID LIPOFUSCINOSIS DUE TO CATHEPSIN D DEFICIENCY,disease
19006,C1864690,"Microphthalmia, Syndromic 5",disease
19007,C1864694,Complement Component 7 Deficiency,disease
19009,C1864715,Thenar muscle atrophy,phenotype
19012,C1864721,"Microphthalmia, Isolated, with Coloboma 3",disease
19014,C1864723,Pyridoxamine 5-Prime-Phosphate Oxidase Deficiency,disease
19017,C1864746,"Deafness, Autosomal Recessive 53",disease
19018,C1864761,"Thyroid Hormone Metabolism, Abnormal",disease
19022,C1864796,Pectus excavatum of inferior sternum,phenotype
19024,C1864818,"DEAFNESS, AUTOSOMAL RECESSIVE 42 (disorder)",disease
19026,C1864826,"Epidermolysis bullosa, lethal acantholytic",disease
19027,C1864827,HOLOPROSENCEPHALY 5,disease
19034,C1864850,"Arrhythmogenic Right Ventricular Dysplasia, Familial, 11",disease
19036,C1864852,CATSHL syndrome,disease
19039,C1864861,"Tumoral Calcinosis, Normophosphatemic, Familial",disease
19042,C1864870,"Night Blindness, Congenital Stationary, Autosomal Dominant 3",disease
19043,C1864871,Chromosome 17q21.31 Deletion Syndrome,disease
19050,C1864903,Hyperinsulinemic hypoglycemia,disease
19052,C1864908,"Cataract, autosomal recessive congenital 2",disease
19054,C1864912,2-Methylbutyryl-CoA Dehydrogenase Deficiency,disease
19055,C1864923,Northern epilepsy syndrome,disease
19060,C1864954,Fasting hyperinsulinemia,phenotype
19062,C1864987,"Migraine, Familial Hemiplegic, 3",disease
19065,C1865014,Long philtrum,phenotype
19066,C1865017,Thin upper lip vermilion,phenotype
19067,C1865018,Short QT Syndrome 3,disease
19068,C1865019,SHORT QT SYNDROME 2 (disorder),disease
19069,C1865020,Short QT Syndrome 1,disease
19070,C1865027,Hypoplastic iliac wing,disease
19071,C1865030,Hypoplastic pubic bone,phenotype
19072,C1865037,Cone-shaped epiphysis,phenotype
19073,C1865038,Broad toe,phenotype
19074,C1865039,Cupped ribs,phenotype
19075,C1865044,PARIETAL FORAMINA 2,disease
19077,C1865060,Molar tooth sign on MRI,phenotype
19078,C1865070,"SCAPHOCEPHALY, MAXILLARY RETRUSION, AND MENTAL RETARDATION",disease
19082,C1865145,Congenital disorder of glycosylation type 1B,disease
19086,C1865200,Delayed epiphyseal ossification,phenotype
19088,C1865234,"ICHTHYOSIS, HYSTRIX-LIKE, WITH DEAFNESS",disease
19090,C1865244,Shallow orbits,phenotype
19093,C1865270,"BARTTER SYNDROME, TYPE 4A",disease
19095,C1865279,Fetal polyuria,phenotype
19096,C1865285,Megalencephaly cutis marmorata telangiectatica congenita,disease
19098,C1865290,"Hyperinsulinemic hypoglycemia, familial, 3",disease
19099,C1865292,Nonketotic hypoglycemia,phenotype
19102,C1865304,Overfolding of the superior helices,phenotype
19106,C1865322,"MIGRAINE, FAMILIAL HEMIPLEGIC, 2",disease
19110,C1865349,Ethylmalonic encephalopathy,disease
19115,C1865366,"Deafness, Autosomal Dominant 15",disease
19121,C1865409,"Amyotrophic Lateral Sclerosis 4, Juvenile",disease
19122,C1865412,Abnormal lower motor neuron morphology,phenotype
19126,C1865433,"VAS DEFERENS, CONGENITAL BILATERAL ABSENCE OF",phenotype
19128,C1865571,Aplasia/Hypoplasia of the ulna,phenotype
19129,C1865572,Proximal placement of thumb,phenotype
19130,C1865596,Desmosterolosis,disease
19131,C1865597,Hypoplastic nasal bridge,phenotype
19133,C1865614,"HEMOCHROMATOSIS, TYPE 2A",disease
19136,C1865643,"Cholestasis, progressive familial intrahepatic 3",disease
19146,C1865832,"Spondyloepimetaphyseal Dysplasia, Missouri Type",disease
19148,C1865841,Flared iliac wings,phenotype
19151,C1865866,Congenital sensorineural hearing loss,disease
19154,C1865870,"Deafness, Autosomal Recessive 18",disease
19155,C1865871,"HEMANGIOMA, CAPILLARY INFANTILE",disease
19156,C1865872,NEPHRONOPHTHISIS 2,disease
19159,C1865885,"Usher Syndrome, Type IF",disease
19162,C1865916,Bilateral ptosis,phenotype
19164,C1865926,"Infantile convulsions and paroxysmal choreoathetosis, familial (disorder)",disease
19166,C1865974,"Hypomagnesemia 1, Intestinal",disease
19167,C1865992,Short hallux,phenotype
19170,C1866012,Proximal muscle weakness in upper limbs,phenotype
19175,C1866032,Honeycomb palmoplantar keratoderma,phenotype
19176,C1866039,"EPISODIC ATAXIA, TYPE 5",disease
19177,C1866040,"DIABETES MELLITUS, INSULIN-DEPENDENT, 10",disease
19179,C1866053,"Deafness, Congenital Heart Defects, and Posterior Embryotoxon",disease
19181,C1866075,GLOMERULOPATHY WITH FIBRONECTIN DEPOSITS 2 (disorder),disease
19182,C1866077,"MALIGNANT HYPERTHERMIA, SUSCEPTIBILITY TO, 5",phenotype
19183,C1866078,"Cataract, Zonular Pulverulent 3",disease
19184,C1866079,BONE MINERAL DENSITY QUANTITATIVE TRAIT LOCUS 1,phenotype
19187,C1866094,"DEAFNESS, AUTOSOMAL RECESSIVE 15",disease
19188,C1866095,"Deafness, Autosomal Dominant 13",disease
19189,C1866119,"Autoimmune Lymphoproliferative Syndrome, Type IA",disease
19191,C1866129,Abnormality of the cerebellum,group
19194,C1866134,Wide anterior fontanel,phenotype
19196,C1866173,"BILIRUBIN, SERUM LEVEL OF, QUANTITATIVE TRAIT LOCUS 1",phenotype
19197,C1866174,Phosphoglycerate Dehydrogenase Deficiency,disease
19198,C1866176,EXUDATIVE VITREORETINOPATHY 4 (disorder),disease
19201,C1866190,Atresia of the external auditory canal,disease
19202,C1866195,Downturned corners of mouth,phenotype
19203,C1866206,Dysplastic pulmonary valve,phenotype
19205,C1866231,Full cheeks,phenotype
19206,C1866239,Mesomelic/rhizomelic limb shortening,phenotype
19207,C1866241,Broad foot,phenotype
19208,C1866245,Hyperpigmented streaks,phenotype
19209,C1866246,Sparse anterior scalp hair,phenotype
19211,C1866282,"CEROID LIPOFUSCINOSIS, NEURONAL, 6",disease
19213,C1866293,Retinal cone dystrophy 2,disease
19214,C1866294,"EHLERS-DANLOS SYNDROME, MUSCULOCONTRACTURAL TYPE 1",disease
19216,C1866351,"Peroxisome Biogenesis Disorder, Complementation Group 11",disease
19217,C1866352,"Peroxisome Biogenesis Disorder, Complementation Group R",disease
19218,C1866376,Pten Hamartoma Tumor Syndrome With Granular Cell Tumor,disease
19219,C1866398,Proteus-Like Syndrome (disorder),disease
19220,C1866422,RETINITIS PIGMENTOSA 19,disease
19223,C1866426,"T-cell immunodeficiency, congenital alopecia and nail dystrophy",disease
19227,C1866495,"Bartter syndrome, antenatal type 1",disease
19231,C1866504,Photosensitive Trichothiodystrophy,disease
19235,C1866552,PARAGANGLIOMAS 2 (disorder),disease
19237,C1866558,"Neural tube defect, folate-sensitive",disease
19238,C1866559,"Spina Bifida, Folate-Sensitive",disease
19240,C1866636,"CHARCOT-MARIE-TOOTH DISEASE, TYPE 4C",disease
19251,C1866730,Rhizomelia,disease
19254,C1866751,Spinocerebellar tract degeneration,disease
19256,C1866772,Abnormal nerve conduction velocity,phenotype
19260,C1866785,Spheroid body myopathy,disease
19263,C1866810,ELLIPTOCYTOSIS 3,disease
19264,C1866855,"Spastic paraplegia 4, autosomal dominant",disease
19266,C1866934,Reduced tendon reflexes,phenotype
19270,C1866986,Social and occupational deterioration,phenotype
19271,C1866994,Ulnar-mammary syndrome,disease
19278,C1867030,Enlarged lacrimal glands,phenotype
19282,C1867114,Craniofacial disproportion,phenotype
19283,C1867131,Broad hallux,phenotype
19286,C1867146,Robinow Sorauf syndrome,disease
19287,C1867155,RING DERMOID OF CORNEA,disease
19289,C1867289,Retinal calcification,phenotype
19290,C1867299,Retinitis Pigmentosa 10,disease
19295,C1867362,"SEVERE COMBINED IMMUNODEFICIENCY, B CELL-NEGATIVE",disease
19303,C1867440,"Multiple Pterygium Syndrome, Autosomal Dominant",disease
19307,C1867450,"Pseudoxanthoma Elasticum, Incomplete",disease
19309,C1867453,Peau d'orange retinal changes,phenotype
19313,C1867494,"Fragmented, irregular epiphyses",phenotype
19320,C1867743,Premature coronary artery atherosclerosis,phenotype
19322,C1867774,Sacral Agenesis Syndrome,phenotype
19325,C1867864,Poor fine motor coordination,phenotype
19326,C1867873,Failure to thrive in infancy,phenotype
19327,C1867904,LONG QT SYNDROME 5,disease
19331,C1867971,Acute episodes of neuropathic symptoms,phenotype
19332,C1867981,"POROKERATOSIS, DISSEMINATED SUPERFICIAL ACTINIC, 1",disease
19335,C1868000,"Polyps, Multiple And Recurrent Inflammatory Fibroid, Gastrointestinal",disease
19338,C1868071,Adenomatous colonic polyposis,phenotype
19345,C1868114,"POLYDACTYLY, PREAXIAL II (disorder)",disease
19347,C1868118,Orofaciodigital syndrome 5,disease
19348,C1868120,"POSTAXIAL POLYDACTYLY, TYPE B",disease
19353,C1868193,"PNEUMOTHORAX, PRIMARY SPONTANEOUS",disease
19362,C1868433,"Normokalemic Periodic Paralysis, Potassium-Sensitive",disease
19370,C1868549,Marked delay in bone age,phenotype
19371,C1868554,Irregular sclerotic endplates,phenotype
19372,C1868556,Ovoid thoracolumbar vertebrae,phenotype
19373,C1868569,Patterned dystrophy of retinal pigment epithelium,disease
19374,C1868570,CHAR SYNDROME,disease
19375,C1868571,Highly arched eyebrow,phenotype
19377,C1868577,Patella aplasia-hypoplasia,phenotype
19380,C1868594,Perry Syndrome,disease
19381,C1868595,"PARKINSON DISEASE 1, AUTOSOMAL DOMINANT (disorder)",disease
19389,C1868633,Paragangliomas with Sensorineural Hearing Loss,disease
19392,C1868672,"NEPHROTIC SYNDROME, STEROID-RESISTANT, AUTOSOMAL RECESSIVE",disease
19393,C1868675,"PARKINSON DISEASE 2, AUTOSOMAL RECESSIVE JUVENILE",disease
19395,C1868678,"THANATOPHORIC DYSPLASIA, TYPE I (disorder)",disease
19396,C1868679,"GRISCELLI SYNDROME, TYPE 2",disease
19397,C1868681,DYSTONIA 12,disease
19398,C1868682,Paroxysmal kinesigenic choreoathetosis,disease
19399,C1868683,"B-CELL MALIGNANCY, LOW-GRADE",disease
19400,C1868684,"EAR, PATELLA, SHORT STATURE SYNDROME",disease
19405,C1868720,Periventricular Nodular Heterotopia,disease
19425,C1869115,"Weill-Marchesani Syndrome, Autosomal Dominant",disease
19429,C1869122,"EHLERS-DANLOS SYNDROME, PROGEROID FORM",disease
19430,C1869123,Limb-girdle muscular dystrophy type 2A,disease
19432,C1876161,"CEROID LIPOFUSCINOSIS, NEURONAL, 2",disease
19442,C1876187,"TUMORAL CALCINOSIS, HYPERPHOSPHATEMIC, FAMILIAL",disease
19443,C1876203,Frontonasal dysplasia,disease
19447,C1879286,Hereditary bundle branch system defect,disease
19448,C1879312,Agyria,disease
19449,C1879321,Acute Myeloid Leukemia (AML-M2),disease
19454,C1879526,Aberrant Crypt Foci,phenotype
19457,C1879645,Adverse Event by CTCAE Category,phenotype
19470,C1882620,Rat Cholangiofibrosis,disease
19473,C1883008,Serum Alanine Aminotransferase Measurement,phenotype
19477,C1883529,"Ventricular Arrhythmia, CTCAE 3.0",phenotype
19493,C1955869,Malformations of Cortical Development,disease
19496,C1955906,"Lymphoma, Extranodal NK-T-Cell",disease
19501,C1956125,Alagille Syndrome 1,disease
19502,C1956130,"Lymphoma, Follicular, Grade 1",disease
19505,C1956147,Microlissencephaly,disease
19506,C1956257,Pulmonary Stenosis,disease
19507,C1956258,Familial Thrombotic Thrombocytopenic Purpura,disease
19510,C1956346,Coronary Artery Disease,disease
19519,C1959582,PTEN Hamartoma Tumor Syndrome,disease
19520,C1959583,Myocardial Failure,disease
19526,C1959620,Dihydropyrimidine Dehydrogenase Deficiency,disease
19527,C1959626,Mevalonic Aciduria,disease
19548,C1960469,Left ventricular noncompaction,disease
19551,C1960546,Myxoma of heart,disease
19557,C1961099,Precursor T-Cell Lymphoblastic Leukemia-Lymphoma,disease
19558,C1961102,Precursor Cell Lymphoblastic Leukemia Lymphoma,disease
19559,C1961112,Heart Decompensation,phenotype
19561,C1961835,"Gaucher Disease, Type 1",disease
19563,C1962966,"Retinopathy, CTCAE",phenotype
19564,C1963060,"Agitation, CTCAE 3.0",phenotype
19565,C1963077,"Bone Pain, CTCAE 3.0",phenotype
19566,C1963094,"Dry Skin, CTCAE",phenotype
19567,C1963099,"Myelodysplasia, CTCAE",phenotype
19568,C1963101,"Encephalopathy, CTCAE 3.0",phenotype
19571,C1963165,"Malabsorption, CTCAE",phenotype
19572,C1963167,"Memory Impairment, CTCAE 3.0",phenotype
19573,C1963175,"Sinus Bradycardia, CTCAE",phenotype
19574,C1963184,"Nystagmus, CTCAE 3.0",phenotype
19575,C1963217,"Prolonged QTc Interval, CTCAE",phenotype
19576,C1963221,"Aspiration, CTCAE",phenotype
19580,C1963282,"Wolff-Parkinson-White Syndrome, CTCAE",phenotype
19581,C1963674,Spinocerebellar Ataxia 10,disease
19597,C1963933,Punding,disease
19599,C1963946,Laryngeal dystonia,disease
19601,C1968537,Severe speech delay,phenotype
19602,C1968550,"Mental Retardation, X-Linked, Syndromic 13",disease
19604,C1968556,"ENCEPHALOPATHY, NEONATAL SEVERE, DUE TO MECP2 MUTATIONS",disease
19605,C1968561,"Xeroderma Pigmentosum, Type G-Cockayne Syndrome",disease
19611,C1968602,"Surfactant Metabolism Dysfunction, Pulmonary, 1",disease
19619,C1968619,Renal corticomedullary cysts,disease
19621,C1968668,"LEPROSY, SUSCEPTIBILITY TO, 3",disease
19627,C1968740,Glycogen Storage Disease IIIB,disease
19628,C1968741,Glycogen Storage Disease IIIC,disease
19631,C1968790,Axonal degeneration/regeneration,phenotype
19632,C1968804,"Plasminogen Deficiency, Type I",disease
19635,C1968816,Broad fingertip,phenotype
19646,C1968949,Cakut,disease
19650,C1969001,Shoulder muscle hypoplasia,phenotype
19652,C1969029,Lissencephaly 3,disease
19656,C1969040,"MUSCULAR DYSTROPHY, LIMB-GIRDLE, TYPE 2M",disease
19658,C1969053,JOUBERT SYNDROME 7,disease
19659,C1969054,"Glycogen Storage Disease 0, Muscle",disease
19660,C1969056,LEOPARD SYNDROME 2,disease
19661,C1969057,Noonan Syndrome 5,disease
19666,C1969081,"Arrhythmogenic Right Ventricular Dysplasia, Familial, 12",disease
19667,C1969084,Pontocerebellar Hypoplasia Type 6,disease
19668,C1969086,Tyrosine Kinase 2 Deficiency,disease
19671,C1969106,"Osteopetrosis, Autosomal Recessive 4",disease
19674,C1969144,Renal cortical cysts,phenotype
19682,C1969236,Mitten deformity,phenotype
19684,C1969238,Widely spaced toes,phenotype
19692,C1969343,"Pulmonary Hypertension, Primary, Fenfluramine-Associated",disease
19699,C1969408,Prominent U wave,phenotype
19701,C1969419,"PANCREATITIS, CHRONIC, SUSCEPTIBILITY TO",phenotype
19702,C1969443,Trifunctional Protein Deficiency With Myopathy And Neuropathy,disease
19707,C1969562,"Mental Retardation, Autosomal Dominant 1",disease
19709,C1969621,"DEAFNESS, AUTOSOMAL RECESSIVE 63",disease
19710,C1969623,"NEUROFIBROMATOSIS, TYPE 1-LIKE SYNDROME",disease
19715,C1969651,"Macular Degeneration, Age-Related, 9",disease
19716,C1969652,"BRACHYDACTYLY, TYPE B2 (disorder)",disease
19717,C1969653,MUNGAN SYNDROME,disease
19718,C1969655,LETHAL CONGENITAL CONTRACTURAL SYNDROME 3,disease
19720,C1969657,Atrial Septal Defect 4,disease
19724,C1969697,Repetitive compulsive behavior,disease
19725,C1969722,Impaired pursuit initiation and maintenance,phenotype
19726,C1969738,Premature loss of permanent teeth,phenotype
19727,C1969783,"Persistent Hyperplastic Primary Vitreous, Autosomal Recessive",disease
19728,C1969785,"MUSCULAR DYSTROPHY, LIMB-GIRDLE, TYPE 2L (disorder)",disease
19730,C1969799,"Severe Combined Immunodeficiency with Microcephaly, Growth Retardation, and Sensitivity to Ionizing Radiation",disease
19732,C1969809,Isobutyryl-CoA dehydrogenase deficiency,disease
19733,C1969810,"FEBRILE CONVULSIONS, FAMILIAL, 8",disease
19740,C1970005,Asphyxiating Thoracic Dystrophy 2,disease
19743,C1970021,"Congenital Disorder Of Glycosylation, Type IIH",disease
19745,C1970028,"MALARIA, SUSCEPTIBILITY TO (finding)",disease
19751,C1970117,"Tooth Agenesis, Selective, With Orofacial Cleft",disease
19752,C1970118,Hypodontia Oligodontia with Orofacial Cleft,disease
19753,C1970119,"CARDIAC ARRHYTHMIA, ANKYRIN-B-RELATED",disease
19758,C1970173,"Acyl-CoA Dehydrogenase Family, Member 9, Deficiency of",disease
19760,C1970180,Leukoencephalopathy with Brainstem and Spinal Cord Involvement and Lactate Elevation,disease
19765,C1970197,"MENTAL RETARDATION, AUTOSOMAL RECESSIVE 7",disease
19767,C1970199,"MENTAL RETARDATION, AUTOSOMAL RECESSIVE 5",disease
19770,C1970207,Inflammatory Bowel Disease 10,disease
19772,C1970211,"Spinal Muscular Atrophy, Distal, Autosomal Recessive, 4",disease
19777,C1970239,"DEAFNESS, AUTOSOMAL RECESSIVE, 24",disease
19780,C1970257,Decreased serum complement factor I,phenotype
19782,C1970269,"Choreoathetosis, Hypothyroidism, And Neonatal Respiratory Distress",disease
19788,C1970298,"Progressive Familial Heart Block, Type Ib",disease
19789,C1970308,Selective tooth agenesis,phenotype
19790,C1970309,"Renal Tubular Acidosis, Proximal, With Ocular Abnormalities And Mental Retardation",disease
19791,C1970344,"Congenital Disorder Of Glycosylation, Type IIF",disease
19794,C1970431,PITT-HOPKINS SYNDROME,disease
19798,C1970458,"Osteogenesis imperfecta, type VIII",disease
19801,C1970470,"SURFACTANT METABOLISM DYSFUNCTION, PULMONARY, 2 (disorder)",disease
19813,C1970712,"Multiple Endocrine Neoplasia, Type IV",disease
19814,C1970757,"Tooth Agenesis, Selective, X-Linked, 1",disease
19819,C1970822,"Mental Retardation, X-Linked, Syndromic 14",disease
19820,C1970827,Phosphoribosylpyrophosphate Synthetase Superactivity,disease
19823,C1970848,Phosphoglycerate Kinase 1 Deficiency,disease
19824,C1970859,"Atypical Mycobacteriosis, Familial, X-Linked 2",disease
19825,C1970879,"ATYPICAL MYCOBACTERIOSIS, FAMILIAL, X-LINKED 1 (disorder)",disease
19827,C1970943,MAJOR AFFECTIVE DISORDER 4,disease
19828,C1970945,MAJOR AFFECTIVE DISORDER 6,disease
19842,C1997910,Citrin deficiency,disease
19863,C2020284,"Stickler syndrome, type 1",disease
19875,C2037047,Subretinal pigment epithelium hemorrhage,phenotype
19898,C2063866,"Depressive Disorder, Treatment-Resistant",disease
19904,C2076600,Influenza due to Influenza A virus subtype H1N1,disease
19913,C2108107,continuous electrocardiogram sinus bradycardia (finding),phenotype
19915,C2112129,Postaxial foot polydactyly,disease
19920,C2118097,Agonadism,disease
19926,C2132198,Abnormal blistering of the skin,phenotype
19944,C2213246,Non-Hodgkin's lymphoma of central nervous system,disease
19948,C2215995,electrocardiogram - left anterior hemiblock,phenotype
19950,C2216370,Cherry red spot of the macula,phenotype
19962,C2230441,Triceps weakness,phenotype
19965,C2237142,Moderate global developmental delay,phenotype
19966,C2237512,cephalohematoma,phenotype
19967,C2237660,exudative macular degeneration,disease
19970,C2239176,Liver carcinoma,disease
19971,C2239219,von Willebrand's factor (lab test),phenotype
19972,C2239222,Vascular Endothelial Growth Factor Measurement,phenotype
19977,C2242456,thyroid function,phenotype
19987,C2242579,Lingual dystonia,phenotype
20010,C2242776,Plexiform leiomyoma,disease
20015,C2242817,Homocysteine measurement,phenotype
20018,C2243051,Large head (disorder),phenotype
20022,C2265792,Skeletal muscle hypertrophy,phenotype
20028,C2267233,Neonatal Hypotonia,disease
20032,C2315100,Pediatric failure to thrive,disease
20041,C2316212,Cryopyrin-Associated Periodic Syndromes,disease
20046,C2316810,Chronic kidney disease stage 5,disease
20084,C2349952,Oropharyngeal Carcinoma,disease
20086,C2350037,"Clinically Isolated Syndrome, CNS Demyelinating",disease
20091,C2350233,Antley-Bixler Syndrome Phenotype,disease
20106,C2350879,Tropical Eosinophilic Pneumonia,disease
20110,C2362324,Pediatric Obesity,disease
20116,C2363142,T-Cell Prolymphocytic Leukemia,disease
20121,C2363741,HIV-1 infection,disease
20146,C2364082,Sense of smell impaired,phenotype
20154,C2584774,Congenital hypofibrinogenemia,disease
20163,C2585653,Persistent atrial fibrillation,phenotype
20174,C2607914,Allergic rhinitis (disorder),disease
20175,C2607929,"Carney Complex, Type 1",disease
20182,C2608083,"Cholestasis, benign recurrent intrahepatic 2",disease
20184,C2608086,"HANGOVER, SUSCEPTIBILITY TO (finding)",phenotype
20185,C2608087,"NEURONOPATHY, DISTAL HEREDITARY MOTOR, TYPE IIB",disease
20207,C2609268,Low phospholipid-associated cholelithiasis,disease
20214,C2609414,Acute kidney injury,disease
20217,C2673186,"Aortic Aneurysm, Familial Thoracic 6",disease
20218,C2673187,"Erythrocytosis, Familial, 4",disease
20219,C2673193,Brugada Syndrome 2,disease
20220,C2673195,"Angiopathy, Hereditary, With Nephropathy, Aneurysms, And Muscle Cramps",disease
20226,C2673257,"EPILEPSY, PROGRESSIVE MYOCLONIC 3",disease
20233,C2673375,"Mucolipidosis III Alpha Beta, Atypical",disease
20234,C2673377,MUCOLIPIDOSIS II ALPHA/BETA (disorder),disease
20239,C2673410,Small midface,phenotype
20241,C2673431,Abnormality of the periventricular white matter,disease
20244,C2673444,Hypocitraturia,phenotype
20246,C2673477,"Hypophosphatasia, Perinatal Lethal",disease
20252,C2673535,"DYSTONIA, DOPA-RESPONSIVE, WITH OR WITHOUT HYPERPHENYLALANINEMIA, AUTOSOMAL RECESSIVE (disorder)",disease
20253,C2673536,Combined Cellular And Humoral Immune Defects With Granulomas,disease
20259,C2673611,"Epidermolysis Bullosa Dystrophica, Autosomal Recessive, Localisata Variant",disease
20260,C2673612,"Epidermolysis Bullosa Dystrophica Inversa, Autosomal Recessive",disease
20262,C2673634,"Ectopia Lentis, Isolated, Autosomal Recessive",disease
20263,C2673635,Combined Saposin Deficiency,disease
20264,C2673642,Combined Oxidative Phosphorylation Deficiency 5,disease
20269,C2673670,Curly eyelashes,phenotype
20270,C2673677,"Myopathy, Early-Onset, with Fatal Cardiomyopathy",disease
20272,C2673700,Brisk reflexes,phenotype
20273,C2673759,"DEAFNESS, AUTOSOMAL RECESSIVE 1A (disorder)",disease
20277,C2673809,Infantile nystagmus,phenotype
20279,C2673873,BARDET-BIEDL SYNDROME 13,disease
20280,C2673874,BARDET-BIEDL SYNDROME 14 (disorder),disease
20281,C2673883,RENAL-HEPATIC-PANCREATIC DYSPLASIA,disease
20282,C2673885,Renal hepatic pancreatic dysplasia Dandy Walker cyst,disease
20288,C2673923,"Amelogenesis Imperfecta, Type Ic",disease
20296,C2674173,"Achondroplasia, Severe, With Developmental Delay And Acanthosis Nigricans",disease
20298,C2674218,"SPHEROCYTOSIS, TYPE 1 (disorder)",disease
20299,C2674219,"SPHEROCYTOSIS, HEREDITARY, 2",disease
20302,C2674321,"Thrombophilia, Hereditary, Due To Protein C Deficiency, Autosomal Dominant",disease
20307,C2674422,"Seizures, intractable",phenotype
20308,C2674432,Reduced bone mineral density,phenotype
20311,C2674512,Truncal titubation,phenotype
20312,C2674574,"Aortic aneurysm, familial thoracic 3",disease
20313,C2674608,Feeding difficulties in infancy,phenotype
20320,C2674705,"Osteolysis, Hereditary, Of Carpal Bones With Or Without Nephropathy",disease
20321,C2674723,RAS-ASSOCIATED AUTOIMMUNE LEUKOPROLIFERATIVE DISORDER,disease
20325,C2674766,Myokymia 1,disease
20330,C2675014,Mullerian Aplasia and Hyperandrogenism,disease
20331,C2675021,Narrow palpebral fissure,phenotype
20339,C2675111,Abnormal eyelash morphology,phenotype
20343,C2675179,Arginine:Glycine Amidinotransferase Deficiency,disease
20347,C2675186,LEBER CONGENITAL AMAUROSIS 13,disease
20348,C2675187,"MICROCEPHALY, PRIMARY AUTOSOMAL RECESSIVE, 7 (disorder)",disease
20349,C2675191,"Polymicrogyria, Bilateral Occipital",disease
20350,C2675192,"Spherocytosis, Type 5",disease
20351,C2675204,"Polyneuropathy, Hearing Loss, Ataxia, Retinitis Pigmentosa, And Cataract",disease
20355,C2675210,CONE-ROD DYSTROPHY 12 (disorder),disease
20357,C2675212,"Spherocytosis, Type 4",disease
20358,C2675227,Endocrine-Cerebroosteodysplasia,disease
20360,C2675229,"CILIARY DYSKINESIA, PRIMARY, 11",disease
20361,C2675235,"Deafness, Autosomal Recessive 1b",disease
20362,C2675236,"Deafness, Autosomal Dominant 2B",disease
20363,C2675237,"Deafness, Autosomal Dominant 3B",disease
20368,C2675383,"POLYOSTOTIC FIBROUS DYSPLASIA, SOMATIC, MOSAIC",disease
20371,C2675459,"Adenylate Kinase Deficiency, Hemolytic Anemia Due To",disease
20377,C2675473,"Mental Retardation, Autosomal Dominant 5",disease
20378,C2675481,"COLORECTAL CANCER, SUSCEPTIBILITY TO, 10",disease
20382,C2675491,AMYOTROPHIC LATERAL SCLEROSIS 11,disease
20391,C2675520,"BREAST-OVARIAN CANCER, FAMILIAL, SUSCEPTIBILITY TO, 2",disease
20394,C2675525,"FOCAL SEGMENTAL GLOMERULOSCLEROSIS 4, SUSCEPTIBILITY TO",disease
20395,C2675526,"Neutropenia, Severe Congenital, Autosomal Recessive 4",disease
20396,C2675527,"Myopathy, Congenital, Compton-North",disease
20397,C2675528,"Spastic Paraplegia 42, Autosomal Dominant",disease
20400,C2675556,"ENCEPHALOPATHY, ACUTE, INFECTION-INDUCED, SUSCEPTIBILITY TO, 3",phenotype
20401,C2675557,Lumbosacral meningocele,phenotype
20409,C2675664,"PARATHYROID ADENOMA, SOMATIC",disease
20410,C2675711,Dyschromatosis Universalis Hereditaria 1,disease
20414,C2675750,"DEAFNESS, AUTOSOMAL DOMINANT 3A (disorder)",disease
20415,C2675767,"EPIPHYSEAL DYSPLASIA, MULTIPLE, 6",disease
20419,C2675859,Diamond-Blackfan Anemia 5,disease
20420,C2675860,Diamond-Blackfan Anemia 4,disease
20423,C2675864,"DIABETES MELLITUS, INSULIN-DEPENDENT, 22 (disorder)",disease
20424,C2675866,"DIABETES MELLITUS, INSULIN-DEPENDENT, 20 (disorder)",disease
20430,C2675945,"SCHIZOPHRENIA, SUSCEPTIBILITY TO",phenotype
20431,C2675973,Open operculum,phenotype
20433,C2676021,"DEMENTIA, LEWY BODY, SUSCEPTIBILITY TO",phenotype
20437,C2676033,Hepatoblastoma Caused By Somatic Mutation,disease
20439,C2676078,WHITE BLOOD CELL COUNT QUANTITATIVE TRAIT LOCUS 1,phenotype
20441,C2676137,Diamond-Blackfan Anemia 1,disease
20448,C2676243,"Leukodystrophy, Hypomyelinating, with Hypodontia and Hypogonadotropic Hypogonadism",disease
20449,C2676244,"Leukodystrophy, Hypomyelinating, 6",disease
20451,C2676271,"CARDIOMYOPATHY, FAMILIAL RESTRICTIVE, 3 (disorder)",disease
20452,C2676272,"Alopecia, Androgenetic, 3",disease
20454,C2676285,"Bone Fragility with Contractures, Arterial Rupture, and Deafness",disease
20465,C2676676,"BREAST-OVARIAN CANCER, FAMILIAL, SUSCEPTIBILITY TO, 1",disease
20469,C2676723,JERVELL AND LANGE-NIELSEN SYNDROME 2 (disorder),disease
20474,C2676759,"THROMBOPHILIA DUE TO PROTEIN C DEFICIENCY, AUTOSOMAL RECESSIVE",disease
20475,C2676766,"Osteopetrosis, Autosomal Recessive 7",disease
20476,C2676767,CD59 Deficiency,disease
20479,C2676771,JOUBERT SYNDROME 8 (disorder),disease
20480,C2676772,"Microtia, Hearing Impairment, And Cleft Palate",disease
20484,C2676788,JOUBERT SYNDROME 9 (disorder),disease
20485,C2676790,"MECKEL SYNDROME, TYPE 6 (disorder)",disease
20487,C2676840,"LUMBAR DISC HERNIATION, SUSCEPTIBILITY TO",phenotype
20492,C2677086,"Skin-Hair-Eye Pigmentation, Variation In, 11",phenotype
20493,C2677087,"EPILEPSY, CHILDHOOD ABSENCE, SUSCEPTIBILITY TO, 5",phenotype
20496,C2677092,MYD88 Deficiency,disease
20500,C2677099,CROUZON SYNDROME WITH ACANTHOSIS NIGRICANS (disorder),disease
20502,C2677101,Inflammatory Bowel Disease 13,disease
20506,C2677109,"Leukodystrophy, Hypomyelinating, 4",disease
20508,C2677123,"COLORECTAL CANCER, SUSCEPTIBILITY TO, 3",phenotype
20511,C2677180,Congenital microcephaly,disease
20512,C2677190,"SKIN/HAIR/EYE PIGMENTATION, VARIATION IN, 3 (disorder)",phenotype
20518,C2677326,"Epileptic Encephalopathy, Early Infantile, 4",disease
20519,C2677328,Cerebral hypomyelination,phenotype
20521,C2677349,Epidermolysis Bullosa Simplex With Pyloric Atresia,disease
20523,C2677434,OROFACIAL CLEFT 11,disease
20524,C2677481,"Ectodermal Dysplasia, Anhidrotic, With T-Cell Immunodeficiency, Autosomal Dominant",disease
20526,C2677491,"CARDIOMYOPATHY, FAMILIAL HYPERTROPHIC, 12",disease
20529,C2677506,"Cardiomyopathy, Familial Hypertrophic, 11",disease
20533,C2677549,"Hypouricemia, Renal, 2",disease
20535,C2677565,AMYOTROPHIC LATERAL SCLEROSIS 10 (disorder),disease
20536,C2677567,DYSTONIA 16 (disorder),disease
20538,C2677586,"Spastic Paraplegia 39, Autosomal Recessive",disease
20540,C2677589,"SPINOCEREBELLAR ATAXIA, AUTOSOMAL RECESSIVE 9",disease
20545,C2677637,"Deafness, Autosomal Dominant 2A",disease
20556,C2677877,"Surfactant Metabolism Dysfunction, Pulmonary, 4",disease
20558,C2677889,"Protoporphyria, Erythropoietic, X-Linked Dominant",disease
20560,C2677903,Mental Retardation And Microcephaly With Pontine And Cerebellar Hypoplasia,disease
20564,C2678038,"Alopecia, Androgenetic, 2",disease
20565,C2678045,"TOE SYNDACTYLY, TELECANTHUS, AND ANOGENITAL AND RENAL MALFORMATIONS",disease
20566,C2678046,"Mental Retardation, X-Linked, Syndromic, Turner Type",disease
20567,C2678051,"MENTAL RETARDATION, X-LINKED 94 (disorder)",disease
20568,C2678055,"MYOPATHY, X-LINKED, WITH POSTURAL MUSCLE ATROPHY (disorder)",disease
20569,C2678061,"SCAPULOPERONEAL MYOPATHY, X-LINKED DOMINANT",disease
20570,C2678065,Myofibrillar Myopathy,disease
20574,C2678223,"Mental Retardation, X-Linked, With Panhypopituitarism",disease
20575,C2678248,Mood instability,phenotype
20576,C2678303,Hoarse cry,phenotype
20581,C2678338,"SPHEROCYTOSIS, TYPE 3 (disorder)",disease
20586,C2678408,"PITUITARY HORMONE DEFICIENCY, COMBINED, 4",disease
20589,C2678468,Amyotrophic Lateral Sclerosis 9,disease
20590,C2678471,Lethal Arthrogryposis With Anterior Horn Cell Disease,disease
20591,C2678473,"CILIARY DYSKINESIA, PRIMARY, 7 (disorder)",disease
20592,C2678474,"CARDIOMYOPATHY, DILATED, 2A (disorder)",disease
20601,C2678485,LONG QT SYNDROME 9 (disorder),disease
20602,C2678486,Temple-Baraitser Syndrome,disease
20604,C2678492,"Sex Reversal, Female, With Dysgenesis Of Kidneys, Adrenals, And Lungs",disease
20607,C2678503,"AXENFELD-RIEGER SYNDROME, TYPE 3",disease
20609,C2680446,"SPASTIC PARAPLEGIA 43, AUTOSOMAL RECESSIVE",disease
20611,C2681923,RETINITIS PIGMENTOSA 2 (disorder),disease
20612,C2684859,"APLASTIC ANEMIA, SUSCEPTIBILITY TO (finding)",disease
20619,C2697758,Interleukin 10 Measurement,phenotype
20620,C2697760,Interleukin 12 Measurement,phenotype
20622,C2697764,Interleukin 16 Measurement,phenotype
20624,C2697766,Interleukin 18 Measurement,phenotype
20625,C2697767,Interleukin 19 Measurement,phenotype
20630,C2697787,Interleukin 7 Measurement,phenotype
20633,C2697932,Loeys-Dietz Syndrome,disease
20646,C2698314,B lymphoblastic leukemia lymphoma with t(12;21)(p13;q22); TEL-AML1 (ETV6-RUNX1),disease
20647,C2698399,Myeloperoxidase Measurement,phenotype
20653,C2699063,Resistin Measurement,phenotype
20654,C2699419,Complement C3 Measurement,phenotype
20657,C2699541,Cytokine Measurement,phenotype
20659,C2699746,"Syndactyly, type 2",disease
20662,C2700366,Adiponectin Measurement,phenotype
20665,C2700406,"SCOLIOSIS, IDIOPATHIC, SUSCEPTIBILITY TO, 1 (finding)",phenotype
20666,C2700425,"EHLERS-DANLOS SYNDROME, DERMATOSPARAXIS TYPE",disease
20670,C2700440,MAJOR AFFECTIVE DISORDER 9,disease
20671,C2700553,Omenn Syndrome,disease
20673,C2700617,Irritation - emotion,phenotype
20678,C2711227,Steatohepatitis,disease
20688,C2712334,Actual Aspiration,phenotype
20699,C2713368,Hematopoetic Myelodysplasia,phenotype
20702,C2713442,"Polyposis, Adenomatous Intestinal",disease
20703,C2713443,Familial Intestinal Polyposis,disease
20705,C2713497,Saccular Aneurysm,disease
20707,C2713537,Deficiency of Platelet Glycoprotein 1b,disease
20711,C2717750,Platelet alpha-Granule Deficiency,disease
20715,C2717836,Steroid Sulfatase Deficiency Disease,disease
20720,C2717876,Propionicaciduria,disease
20723,C2717906,Hereditary Angioedema Type I,disease
20728,C2718067,Alcoholic Steatohepatitis,disease
20730,C2718076,Fetal Mummification,phenotype
20736,C2720289,"ANEMIA, NONSPHEROCYTIC HEMOLYTIC, DUE TO G6PD DEFICIENCY",disease
20763,C2732374,Edema of dorsum of hand,phenotype
20769,C2732838,Neoplasm of skeletal system,disease
20782,C2745948,"Hyalinosis, Systemic",disease
20783,C2745953,Spondylometaphyseal dysplasia with dentinogenesis imperfecta,disease
20784,C2745959,"Spondyloepiphyseal dysplasia, congenita",disease
20786,C2745997,OROFACIODIGITAL SYNDROME VI,disease
20787,C2746066,Combined D-2- and L-2-hydroxyglutaric aciduria,disease
20788,C2746068,Congenital idiopathic intestinal pseudoobstruction,disease
20790,C2746083,"DEAFNESS, AUTOSOMAL RECESSIVE 77 (disorder)",disease
20798,C2748055,Hypoinsulinaemia (disorder),disease
20806,C2748440,Sensorineural Deafness With Mild Renal Dysfunction,disease
20811,C2748515,"Spondyloepimetaphyseal Dysplasia, Pakistani Type",disease
20816,C2748536,"Leukocyte Adhesion Deficiency, Type III",disease
20817,C2748541,Brugada Syndrome 5,disease
20818,C2748542,"CARDIAC CONDUCTION DEFECT, NONSPECIFIC (disorder)",disease
20819,C2748544,"Spondyloepimetaphyseal Dysplasia, Aggrecan Type",disease
20822,C2748557,Immune dysfunction with T-cell inactivation due to calcium entry defect 2,disease
20825,C2748572,SeSAME syndrome,disease
20828,C2748610,Progressive extrapyramidal movement disorder,phenotype
20829,C2748652,Large face,phenotype
20830,C2748662,Mitchell-Riley Syndrome,disease
20834,C2748884,"CARDIOMYOPATHY, INFANTILE HYPERTROPHIC",disease
20836,C2748896,"46,Xy Gonadal Dysgenesis, Complete, Sry-Related",disease
20837,C2748897,"46,Xy True Hermaphroditism, Sry-Related",disease
20838,C2748910,"Rett Syndrome, Atypical",disease
20843,C2749016,"Thrombophilia, X-Linked, Due To Factor Ix Defect",disease
20844,C2749019,JOUBERT SYNDROME 10 (disorder),disease
20845,C2749020,"Mental Retardation, X-Linked, Znf711-Related",disease
20848,C2749137,"Retinitis Pigmentosa, X-Linked, And Sinorespiratory Infections, With Or Without Deafness",disease
20850,C2749190,Mild dysmorphic features,phenotype
20855,C2749346,"Refsum Disease, Adult, 2",disease
20856,C2749369,Prominence of the premaxilla,phenotype
20857,C2749463,Aplasia/Hypoplasia of the radius,phenotype
20858,C2749477,"Oculodentodigital Dysplasia, Autosomal Recessive",disease
20859,C2749484,"NEUROBLASTOMA, SUSCEPTIBILITY TO",phenotype
20862,C2749560,"Methemoglobinemia, Type Ii",disease
20865,C2749582,Dumbbell-shaped long bone,phenotype
20866,C2749602,"AUTOIMMUNE POLYENDOCRINOPATHY SYNDROME, TYPE I, WITH REVERSIBLE METAPHYSEAL DYSPLASIA",disease
20867,C2749604,"HEMOLYTIC UREMIC SYNDROME, ATYPICAL, SUSCEPTIBILITY TO, 1",disease
20868,C2749625,Motor axonal neuropathy,phenotype
20871,C2749659,AICARDI-GOUTIERES SYNDROME 5 (disorder),disease
20873,C2749675,Cortical gyral simplification,phenotype
20875,C2749688,Abnormal isoelectric focusing of serum transferrin,phenotype
20876,C2749757,BRONCHIECTASIS WITH OR WITHOUT ELEVATED SWEAT CHLORIDE 1,disease
20878,C2749861,MITOCHONDRIAL DNA DEPLETION SYNDROME 8A (ENCEPHALOMYOPATHIC TYPE WITH RENAL TUBULOPATHY),disease
20879,C2749864,MITOCHONDRIAL DNA DEPLETION SYNDROME 5 (ENCEPHALOMYOPATHIC WITH OR WITHOUT METHYLMALONIC ACIDURIA),disease
20880,C2749872,"EPILEPSY, CHILDHOOD ABSENCE, SUSCEPTIBILITY TO, 6",phenotype
20887,C2750061,"Hypokalemic Periodic Paralysis, Type 2",disease
20888,C2750063,Leber Congenital Amaurosis 14,disease
20890,C2750065,"RETINITIS PIGMENTOSA, JUVENILE, LRAT-RELATED",disease
20891,C2750066,Spondylo-Megaepiphyseal-Metaphyseal Dysplasia,disease
20892,C2750067,Plasminogen Activator Inhibitor-1 Deficiency,disease
20894,C2750069,"Lipodystrophy, Congenital Generalized, Type 4",disease
20897,C2750076,Miyoshi Muscular Dystrophy 3,disease
20898,C2750078,"Hypophosphatemic Rickets, Autosomal Recessive, 2",disease
20899,C2750079,Exudative Vitreoretinopathy 5,disease
20900,C2750080,Diamond-Blackfan Anemia 10,disease
20903,C2750087,"Bile Acid Malabsorption, Primary",disease
20905,C2750090,"Charcot-Marie-Tooth Disease, Axonal, Type 2n",disease
20906,C2750091,"Cardiomyopathy, Dilated, 1FF",disease
20911,C2750234,"Cerebellar Ataxia, Mental Retardation, And Dysequilibrium Syndrome 2",disease
20915,C2750325,Oculootodental syndrome,disease
20917,C2750331,Enamel defects,phenotype
20923,C2750433,Bifid Nose With Or Without Anorectal And Renal Anomalies,disease
20924,C2750440,"FATTY LIVER DISEASE, NONALCOHOLIC, SUSCEPTIBILITY TO, 1",disease
20925,C2750441,"LIVER DISEASE, ALCOHOLIC, SUSCEPTIBILITY TO, 1",phenotype
20926,C2750442,Hypermanganesemia with Dystonia Polycythemia and Cirrhosis,disease
20927,C2750448,"CORNEAL DYSTROPHY, FUCHS ENDOTHELIAL, 6",disease
20928,C2750450,"CORNEAL DYSTROPHY, FUCHS ENDOTHELIAL, 4",disease
20930,C2750452,"Waardenburg Syndrome, Type 4c",disease
20931,C2750457,"Waardenburg Syndrome, Type 4b",disease
20934,C2750466,"Cardiomyopathy, Dilated, 1EE",disease
20935,C2750467,"Cardiomyopathy, Familial Hypertrophic, 14",disease
20937,C2750472,"Cardiomyopathy, Familial Hypertrophic, 13",disease
20938,C2750473,"THYROTOXIC PERIODIC PARALYSIS, SUSCEPTIBILITY TO, 2",disease
20939,C2750475,Focal Segmental Glomerulosclerosis 5,disease
20940,C2750481,"Factor XIII, B Subunit, Deficiency Of",disease
20942,C2750514,"Factor Xiii, A Subunit, Deficiency Of",disease
20945,C2750604,Median cleft lip and palate,disease
20946,C2750720,Cone-Rod Dystrophy 13,disease
20949,C2750733,"LEPROSY, SUSCEPTIBILITY TO, 5",disease
20951,C2750747,"NIGHT BLINDNESS, CONGENITAL STATIONARY, TYPE 1C",disease
20953,C2750771,"Amelogenesis Imperfecta, Hypomaturation Type, Iia3",disease
20955,C2750785,"MUSCULAR DYSTROPHY, CONGENITAL, LMNA-RELATED (disorder)",disease
20956,C2750786,"Muscular Dystrophy, Congenital, Due To Integrin Alpha-7 Deficiency",disease
20958,C2750789,"RETINITIS PIGMENTOSA, CONCENTRIC (disorder)",disease
20959,C2750790,"CILIARY DYSKINESIA, PRIMARY, 13",disease
20961,C2750798,Polymicrogyria With Optic Nerve Hypoplasia,disease
20964,C2750815,Marie Unna Hereditary Hypotrichosis 1,disease
20967,C2750850,GLIOMA SUSCEPTIBILITY 1,phenotype
20975,C2750949,Iodide organification defect,phenotype
20976,C2750995,"Cardiomyopathy, Dilated, 1DD",disease
20978,C2751052,"MUSCULAR DYSTROPHY-DYSTROGLYCANOPATHY (CONGENITAL WITHOUT MENTAL RETARDATION), TYPE B, 4",disease
20982,C2751084,"Cardiomyopathy, Dilated, 1CC",disease
20984,C2751089,Brugada Syndrome 6,disease
20985,C2751090,Thrombophilia Due To Histidine-Rich Glycoprotein Deficiency,disease
20987,C2751092,"Neuropathy, Hereditary Sensory And Autonomic, Type IIB",disease
20990,C2751259,"Macrothrombocytopenia, Autosomal Dominant, Tubb1-Related",disease
20991,C2751260,Macrothrombocytopenia,disease
20993,C2751290,"CHOROIDAL DYSTROPHY, CENTRAL AREOLAR 2",disease
20994,C2751292,Hypotrichosis And Recurrent Skin Vesicles,disease
20995,C2751293,"HEMOPHAGOCYTIC LYMPHOHISTIOCYTOSIS, FAMILIAL, 5",disease
20997,C2751295,"MELANOMA, CUTANEOUS MALIGNANT, SUSCEPTIBILITY TO, 5",disease
21000,C2751306,"Polycystic kidney disease, type 2",disease
21002,C2751308,CONE DYSTROPHY 4 (disorder),disease
21003,C2751309,Achromatopsia 5,disease
21004,C2751310,"Hyperuricemic Nephropathy, Familial Juvenile 2",disease
21006,C2751313,CLAPO Syndrome,disease
21008,C2751316,"Glaucoma 3, Primary Congenital, D",disease
21009,C2751317,"46, XY Sex Reversal 5",disease
21010,C2751318,Nijmegen Breakage Syndrome-Like Disorder,disease
21011,C2751319,"Progressive External Ophthalmoplegia With Mitochondrial Dna Deletions, Autosomal Dominant, 5",disease
21014,C2751322,Metaphyseal Anadysplasia 2,disease
21017,C2751427,"CARDIOMYOPATHY, FAMILIAL HYPERTROPHIC, 4, SUSCEPTIBILITY TO",disease
21023,C2751492,"AMYLOIDOSIS, HEREDITARY, TRANSTHYRETIN-RELATED",disease
21026,C2751506,"NEURODEGENERATION WITH BRAIN IRON ACCUMULATION 1, ATYPICAL",disease
21027,C2751532,3-Hydroxy-3-Methylglutaryl-CoA Synthase 2 Deficiency,disease
21029,C2751536,"CEREBRAL AMYLOID ANGIOPATHY, APP-RELATED",disease
21030,C2751544,"BASAL CELL CARCINOMA, SUSCEPTIBILITY TO, 1",disease
21031,C2751582,Mitochondrial respiratory chain defects,phenotype
21033,C2751593,"LEUKEMIA, ACUTE LYMPHOBLASTIC, SUSCEPTIBILITY TO, 2",disease
21035,C2751608,"Pituitary Hormone Deficiency, Combined, 1",disease
21038,C2751642,GLIOMA SUSCEPTIBILITY 2,disease
21040,C2751666,BRONCHIECTASIS WITH OR WITHOUT ELEVATED SWEAT CHLORIDE 2,disease
21041,C2751681,"NEUROBLASTOMA, SUSCEPTIBILITY TO, 3",disease
21047,C2751756,"Febrile Convulsions, Familial, 3a",disease
21050,C2751778,"Generalized Epilepsy With Febrile Seizures Plus, 7",disease
21051,C2751780,"Retinitis Pigmentosa, Juvenile, SPATA7-Related",disease
21055,C2751807,Emery-Dreifuss Muscular Dystrophy 4,disease
21056,C2751811,Spermatogenic Failure 7,disease
21058,C2751822,"Cataract, Autosomal Recessive Congenital 3",disease
21061,C2751826,Multiple Synostoses Syndrome 3,disease
21064,C2751831,"Myopathy, Myofibrillar, Bag3-Related",disease
21065,C2751842,"PARKINSON DISEASE 14, AUTOSOMAL RECESSIVE",disease
21066,C2751843,"Leukoencephalopathy, Cystic, Without Megalencephaly",disease
21068,C2751898,"Ventricular Fibrillation, Paroxysmal Familial, 1",disease
21069,C2751938,"Cerebral Palsy, Spastic Quadriplegic, 1",disease
21070,C2751986,RETINITIS PIGMENTOSA 42,disease
21073,C2752007,"Congenital Disorder of Glycosylation, Type Io",disease
21074,C2752008,"Spastic Paraplegia-50, Autosomal Recessive",disease
21077,C2752036,"HEMOLYTIC UREMIC SYNDROME, ATYPICAL, SUSCEPTIBILITY TO, 6",disease
21078,C2752037,"HEMOLYTIC UREMIC SYNDROME, ATYPICAL, SUSCEPTIBILITY TO, 5",disease
21079,C2752038,"HEMOLYTIC UREMIC SYNDROME, ATYPICAL, SUSCEPTIBILITY TO, 4",disease
21080,C2752039,"HEMOLYTIC UREMIC SYNDROME, ATYPICAL, SUSCEPTIBILITY TO, 3",disease
21081,C2752040,"HEMOLYTIC UREMIC SYNDROME, ATYPICAL, SUSCEPTIBILITY TO, 2",disease
21086,C2752072,"Cardiomyopathy, Dilated, 1BB",disease
21087,C2752073,Erythrocyte Amp Deaminase Deficiency,disease
21090,C2752089,"Neuropathy, Hereditary Sensory And Autonomic, Type IIA",disease
21091,C2752147,"XERODERMA PIGMENTOSUM, COMPLEMENTATION GROUP C",disease
21101,C2825856,Factor VII measurement,phenotype
21102,C2825857,Factor VIII measurement,phenotype
21103,C2825864,Antithrombin Antigen Measurement,phenotype
21105,C2825877,Interferon Gamma Measurement,phenotype
21106,C2825895,Granulocyte Colony Stimulating Factor Measurement,phenotype
21120,C2827071,Unintentional Material Aspiration,phenotype
21135,C2830004,Somnolence,phenotype
21159,C2874188,Isolated deficiency of pituitary hormone,disease
21160,C2874189,Necrosis of pituitary gland (postpartum),phenotype
21161,C2874190,Pituitary short stature,disease
21169,C2875058,Familial torsion dystonia,disease
21170,C2875300,Peroneal muscular atrophy (axonal type) (hypertrophic type),disease
21173,C2875316,Myotubular (centronuclear) myopathy,disease
21179,C2881341,"Hypermetropia, bilateral",disease
21193,C2902887,Nephrotic syndrome with focal and segmental hyalinosis,disease
21200,C2910124,Isomerism of atrial appendages with asplenia or polysplenia,disease
21201,C2910126,Patent or persistent ostium secundum defect (type II),disease
21202,C2910127,Patent or persistent sinus venosus defect,disease
21206,C2910327,Hemivertebra fusion or failure of segmentation with scoliosis,phenotype
21211,C2919142,"Short Stature, CTCAE",phenotype
21224,C2919796,Glycogen storage disease type Ia,disease
21226,C2919945,Cavernous Hemangioma of Brain,disease
21232,C2930471,Bilateral Wilms Tumor,disease
21233,C2930617,Pulmonary Fibrosis - from Asbestos Exposure,disease
21235,C2930619,Sex Differentiation Disorders,group
21237,C2930745,Partial Monosomy,phenotype
21264,C2930900,Beta-sarcoglycanopathy,disease
21269,C2930927,"Kallmann syndrome, type 3, recessive",disease
21276,C2930975,Acute erythroleukemia - M6a subtype,disease
21279,C2930980,Malignant hyperthermia susceptibility type 1,disease
21282,C2930989,"Maple syrup urine disease, type 1A",disease
21285,C2930997,Congenital disorder of glycosylation type 1C,disease
21286,C2931001,Congenital disorder of glycosylation type 1G,disease
21287,C2931002,Congenital disorder of glycosylation type 1H,disease
21289,C2931005,Congenital disorder of glycosylation type 1K,disease
21290,C2931006,Congenital disorder of glycosylation type 1L,disease
21296,C2931013,"Cystinosis, benign, nonnephropathic",disease
21298,C2931019,Split hand foot deformity 1,disease
21304,C2931037,"Pancreatic cancer, adult",disease
21312,C2931067,"Cholestasis, progressive familial intrahepatic 4",disease
21315,C2931072,Epidermolysa bullosa simplex and limb girdle muscular dystrophy,disease
21319,C2931092,Maternally Inherited Leigh Syndrome,disease
21320,C2931093,"Osteogenesis imperfecta, type 5",disease
21321,C2931104,Hydrolethalus syndrome,disease
21329,C2931122,Keratosis palmoplantaris striata 1,disease
21331,C2931132,"Crigler Najjar syndrome, type 2",disease
21338,C2931163,Male sterility due to Y-chromosome deletions,phenotype
21339,C2931171,Juvenile pauciarticular chronic arthritis,disease
21343,C2931187,Nephropathic cystinosis,disease
21346,C2931196,Craniofacial dysostosis type 1,disease
21352,C2931208,"Usher syndrome, type 1D",disease
21354,C2931213,"Usher syndrome, type 2C",disease
21355,C2931216,Tetra-amelia autosomal recessive,disease
21360,C2931244,"Craniometaphyseal dysplasia, autosomal recessive type",disease
21364,C2931254,"Alport syndrome, recessive type",disease
21365,C2931257,Alzheimer disease type 1,disease
21366,C2931258,"Amaurosis congenita of Leber, type 1",disease
21370,C2931277,Pena Shokeir syndrome Type 2,disease
21372,C2931280,Perniola Krajewska Carnevale syndrome,disease
21377,C2931299,ZAP70 deficiency,disease
21380,C2931322,T-Lymphocytopenia,disease
21384,C2931355,"Spastic paraplegia 3, autosomal dominant",disease
21392,C2931384,Moyamoya disease 1,disease
21397,C2931418,Bare lymphocyte syndrome 2,disease
21401,C2931434,Paraquat lung,disease
21402,C2931441,"Hereditary spastic paralysis, infantile onset ascending",disease
21404,C2931456,"Prostate cancer, familial",disease
21406,C2931461,Forney Robinson Pascoe syndrome,phenotype
21407,C2931480,"Neurofibromatosis, Type 3, mixed central and peripheral",disease
21408,C2931482,Neurofibromatosis-Noonan syndrome,disease
21410,C2931498,"Mental Retardation, X-Linked 1",disease
21412,C2931501,Microphthalmia associated with colobomatous cyst,phenotype
21414,C2931507,Sternal cleft,disease
21425,C2931599,Oculocutaneous albinism type 3,disease
21426,C2931618,Gestational trophoblastic disease,disease
21430,C2931644,O'Donnell Pappas syndrome,disease
21431,C2931645,"Ochronosis, hereditary",disease
21437,C2931672,"Cerebral hemorrhage with amyloidosis, hereditary, Dutch type",disease
21440,C2931687,Dysferlinopathy,disease
21443,C2931713,Chromosome 17 deletion,disease
21447,C2931735,Epidermolytic palmoplantar keratoderma Vorner type,disease
21450,C2931753,"Achromatopsia incomplete, X-linked",disease
21453,C2931760,"Acrocallosal syndrome, Schinzel type",disease
21454,C2931767,"Deafness, autosomal dominant nonsyndromic sensorineural 22",disease
21456,C2931781,Adenosine monophosphate deaminase deficiency,disease
21458,C2931783,Amelogenesis imperfecta nephrocalcinosis,disease
21462,C2931788,Atypical Hemolytic Uremic Syndrome,disease
21468,C2931822,Nasopharyngeal carcinoma,disease
21469,C2931826,Potassium aggravated myotonia,disease
21472,C2931832,"Hyperinsulinemic hypoglycemia, familial, 1",disease
21473,C2931833,"Hyperinsulinemic hypoglycemia, familial, 2",disease
21479,C2931845,Neurodegeneration with brain iron accumulation (NBIA),disease
21481,C2931850,Aase Smith syndrome 2,disease
21482,C2931852,Clear-cell metastatic renal cell carcinoma,disease
21490,C2931868,Catalase deficiency,disease
21491,C2931870,Familial schizencephaly,disease
21498,C2931891,"Necrotizing encephalopathy, infantile subacute, of Leigh",disease
21510,C2932716,Pseudohypoparathyroidism Type 1C,disease
21511,C2936170,Patent Ductus Arteriosus Familial,disease
21517,C2936331,Sarcoglycanopathies,disease
21518,C2936332,Alpha-Sarcoglycanopathies,disease
21521,C2936350,"Plaque, Atherosclerotic",phenotype
21522,C2936351,Fibroatheroma,disease
21524,C2936381,Neointima Formation,phenotype
21537,C2936664,Acquired Hypogammaglobulinemia,disease
21539,C2936694,Swyer Syndrome,disease
21542,C2936719,Mechanical Allodynia,phenotype
21547,C2936781,Generalized Myotonia of Thomsen,disease
21548,C2936783,"Colorectal cancer, hereditary nonpolyposis, type 1",disease
21559,C2936846,Scarring alopecia,disease
21561,C2936848,Acatalasemia Swiss type,disease
21562,C2936858,Congenital adrenal hyperplasia due to 21 hydroxylase deficiency,disease
21564,C2936862,Bardet-Biedl syndrome 1 (disorder),disease
21565,C2936863,Bardet-Biedl syndrome 2 (disorder),disease
21569,C2936904,"Opitz GBBB Syndrome, X-Linked",disease
21570,C2936913,"Porphyria, South African type",disease
21578,C2937288,"THYROID HORMONE RESISTANCE, GENERALIZED, AUTOSOMAL DOMINANT",disease
21579,C2937300,Congenital hereditary muscular dystrophy,disease
21580,C2937358,Cerebral Hemorrhage,phenotype
21582,C2937365,Recurrent aphthous ulcer,disease
21583,C2937421,Prostatic Hyperplasia,disease
21588,C2938912,Hyperintensity of cerebral white matter on MRI,phenotype
21600,C2939175,Meconium ileus,disease
21609,C2939465,Deficiency of glucose-6-phosphate dehydrogenase,disease
21611,C2940786,Thyroid Hormone Resistance Syndrome,disease
21635,C2973527,Dentinogenesis imperfecta without osteogenesis imperfecta,disease
21637,C2973725,Pulmonary arterial hypertension,disease
21641,C2981140,Glaucoma of childhood,disease
21643,C2981150,Uranostaphyloschisis,disease
21655,C2985280,Blood Protein Measurement,phenotype
21667,C2986658,Diffuse Intrinsic Pontine Glioma,disease
21710,C3148751,"DEAFNESS, AUTOSOMAL DOMINANT, WITH PERIPHERAL NEUROPATHY",disease
21711,C3148763,"MUSCULAR DYSTROPHY, LIMB-GIRDLE, TYPE 1E",disease
21714,C3148866,"ALCOHOL DEPENDENCE, SUSCEPTIBILITY TO",phenotype
21715,C3148872,"FRONTOTEMPORAL DEMENTIA WITH TDP43 INCLUSIONS, TARDBP-RELATED",disease
21716,C3148929,"USHER SYNDROME, TYPE IIC, GPR98/PDZD7 DIGENIC",disease
21719,C3149074,"SEIZURES, BENIGN FAMILIAL NEONATAL, 1",disease
21722,C3149117,"GLUT1 DEFICIENCY SYNDROME 1, AUTOSOMAL RECESSIVE",disease
21729,C3149378,"IMMUNODEFICIENCY, COMMON VARIABLE, 1",disease
21739,C3149711,"PHEOCHROMOCYTOMA, SUSCEPTIBILITY TO",disease
21740,C3149750,MITOCHONDRIAL DNA DEPLETION SYNDROME 2 (MYOPATHIC TYPE),disease
21741,C3149841,POLYCYSTIC KIDNEY DISEASE 1,disease
21744,C3149931,"PALMOPLANTAR HYPERKERATOSIS WITH SQUAMOUS CELL CARCINOMA OF SKIN AND 46,XX SEX REVERSAL",disease
21745,C3150077,Mild short stature,phenotype
21746,C3150086,Aplasia/Hypoplasia of the nipples,phenotype
21747,C3150099,ANTLEY-BIXLER SYNDROME WITH GENITAL ANOMALIES AND DISORDERED STEROIDOGENESIS,disease
21750,C3150169,"FRONTOTEMPORAL LOBAR DEGENERATION WITH TDP43 INCLUSIONS, TARDBP-RELATED",disease
21756,C3150275,COMPLEMENT COMPONENT 2 DEFICIENCY,disease
21759,C3150344,"HYPERHOMOCYSTEINEMIA, THROMBOTIC, CBS-RELATED",disease
21761,C3150354,"IMMUNODEFICIENCY, COMMON VARIABLE, 2",disease
21763,C3150411,"MUSCULAR DYSTROPHY-DYSTROGLYCANOPATHY (CONGENITAL WITH BRAIN AND EYE ANOMALIES), TYPE A, 2",disease
21764,C3150412,"MUSCULAR DYSTROPHY-DYSTROGLYCANOPATHY (CONGENITAL WITH MENTAL RETARDATION), TYPE B, 3",disease
21765,C3150413,"MUSCULAR DYSTROPHY-DYSTROGLYCANOPATHY (CONGENITAL WITH BRAIN AND EYE ANOMALIES), TYPE A, 5",disease
21766,C3150414,"MUSCULAR DYSTROPHY-DYSTROGLYCANOPATHY (CONGENITAL WITH BRAIN AND EYE ANOMALIES), TYPE A, 6",disease
21767,C3150415,"MUSCULAR DYSTROPHY-DYSTROGLYCANOPATHY (CONGENITAL WITH MENTAL RETARDATION), TYPE B, 1",disease
21768,C3150416,"MUSCULAR DYSTROPHY-DYSTROGLYCANOPATHY (CONGENITAL WITH MENTAL RETARDATION), TYPE B, 2",disease
21769,C3150417,"MUSCULAR DYSTROPHY-DYSTROGLYCANOPATHY (LIMB-GIRDLE), TYPE C, 3",disease
21770,C3150418,"MUSCULAR DYSTROPHY-DYSTROGLYCANOPATHY (LIMB-GIRDLE), TYPE C, 2",disease
21771,C3150419,NEPHRONOPHTHISIS-LIKE NEPHROPATHY 1,disease
21772,C3150546,"PANCREATIC CANCER, SUSCEPTIBILITY TO, 2",disease
21776,C3150613,Long toe,phenotype
21777,C3150617,"Maturity-onset diabetes of the young, type 10",disease
21779,C3150619,"NEURONOPATHY, DISTAL HEREDITARY MOTOR, TYPE IIC",disease
21780,C3150620,Distal upper limb muscle weakness,phenotype
21782,C3150649,"AUTOIMMUNE DISEASE, MULTISYSTEM, WITH FACIAL DYSMORPHISM",disease
21783,C3150651,"FATTY LIVER DISEASE, NONALCOHOLIC, SUSCEPTIBILITY TO, 2",phenotype
21785,C3150653,"FANCONI ANEMIA, COMPLEMENTATION GROUP O",disease
21789,C3150659,"BREAST-OVARIAN CANCER, FAMILIAL, SUSCEPTIBILITY TO, 3",disease
21790,C3150667,"MICROCEPHALY, SEIZURES, AND DEVELOPMENTAL DELAY",disease
21793,C3150678,OGUCHI DISEASE 2,disease
21794,C3150680,BONE MINERAL DENSITY QUANTITATIVE TRAIT LOCUS 15,phenotype
21795,C3150681,"CARDIOMYOPATHY, DILATED, 1R",disease
21798,C3150691,RETINITIS PIGMENTOSA 54,disease
21799,C3150692,AMYOTROPHIC LATERAL SCLEROSIS 12,disease
21801,C3150700,"MENTAL RETARDATION, AUTOSOMAL DOMINANT 20",disease
21802,C3150701,"CHROMOSOME 16p11.2 DELETION SYNDROME, 220-KB",disease
21804,C3150703,FRONTONASAL DYSPLASIA 2,disease
21805,C3150704,"DEAFNESS, AUTOSOMAL RECESSIVE 91",disease
21806,C3150705,FOXG1 syndrome,disease
21809,C3150715,RETINITIS PIGMENTOSA 51,disease
21810,C3150730,"HEMOLYTIC ANEMIA, NONSPHEROCYTIC, DUE TO GLUCOSE PHOSPHATE ISOMERASE DEFICIENCY",disease
21811,C3150731,"EPILEPTIC ENCEPHALOPATHY, EARLY INFANTILE, 5",disease
21813,C3150736,"CONGENITAL DISORDER OF GLYCOSYLATION, TYPE IIj",disease
21823,C3150755,SODIUM SERUM LEVEL QUANTITATIVE TRAIT LOCUS 1,phenotype
21824,C3150757,"MICROPHTHALMIA, ISOLATED 6",disease
21826,C3150796,NEPHRONOPHTHISIS 11,disease
21827,C3150797,"AUTOIMMUNE DISEASE, SUSCEPTIBILITY TO, 6",disease
21828,C3150801,COMBINED OXIDATIVE PHOSPHORYLATION DEFICIENCY 7,disease
21829,C3150802,"MYOPATHY, LACTIC ACIDOSIS, AND SIDEROBLASTIC ANEMIA 2",disease
21830,C3150803,NOONAN SYNDROME-LIKE DISORDER WITH OR WITHOUT JUVENILE MYELOMONOCYTIC LEUKEMIA,disease
21831,C3150805,FETAL HEMOGLOBIN QUANTITATIVE TRAIT LOCUS 6,phenotype
21832,C3150807,ECTODERMAL DYSPLASIA-SYNDACTYLY SYNDROME 1,disease
21836,C3150833,OCCULT MACULAR DYSTROPHY,disease
21841,C3150874,CRANIOECTODERMAL DYSPLASIA 2,disease
21845,C3150878,Primary hyperoxaluria type III,disease
21848,C3150889,"FACTOR V AND FACTOR VIII, COMBINED DEFICIENCY OF, 2",disease
21850,C3150896,"NEUROPATHY, HEREDITARY SENSORY AND AUTONOMIC, TYPE IC",disease
21851,C3150897,"CHARCOT-MARIE-TOOTH DISEASE, RECESSIVE INTERMEDIATE B",disease
21853,C3150899,"PARKINSON DISEASE 5, AUTOSOMAL DOMINANT",disease
21855,C3150901,"SPASTIC PARAPLEGIA 48, AUTOSOMAL RECESSIVE",disease
21858,C3150909,D-2-HYDROXYGLUTARIC ACIDURIA 2,disease
21859,C3150910,Brain calcification Rajab type,disease
21863,C3150914,MITOCHONDRIAL DNA DEPLETION SYNDROME 4B (MNGIE TYPE),disease
21864,C3150921,"MICROCEPHALY, POSTNATAL PROGRESSIVE, WITH SEIZURES AND BRAIN ATROPHY",disease
21865,C3150923,MENTAL RETARDATION WITH LANGUAGE IMPAIRMENT AND AUTISTIC FEATURES,disease
21868,C3150926,Congenital dyserythropoietic anemia type IV,disease
21873,C3150939,THOC6-related developmental delay-microcephaly-facial dysmorphism syndrome,disease
21874,C3150941,RUBINSTEIN-TAYBI SYNDROME 2,disease
21875,C3150942,"SPONDYLOCOSTAL DYSOSTOSIS 4, AUTOSOMAL RECESSIVE",disease
21876,C3150943,Long Qt Syndrome 2,disease
21878,C3150956,"LONG QT SYNDROME 5, ACQUIRED, SUSCEPTIBILITY TO",disease
21883,C3150969,"MICROPHTHALMIA, ISOLATED 7",disease
21884,C3150970,NOONAN SYNDROME 7,disease
21887,C3150973,Progressive polyneuropathy with bilateral striatal necrosis,disease
21888,C3150974,"HIRSCHSPRUNG DISEASE, SUSCEPTIBILITY TO, 3",disease
21889,C3150975,"HIRSCHSPRUNG DISEASE, SUSCEPTIBILITY TO, 4",disease
21890,C3150983,TREACHER COLLINS SYNDROME 2,disease
21891,C3150986,"EPILEPTIC ENCEPHALOPATHY, EARLY INFANTILE, 7",disease
21892,C3150987,"EPILEPTIC ENCEPHALOPATHY, EARLY INFANTILE, 11",disease
21893,C3150988,"EPILEPTIC ENCEPHALOPATHY, EARLY INFANTILE, 12",disease
21896,C3150998,"SPINOCEREBELLAR ATAXIA, AUTOSOMAL RECESSIVE 10",disease
21897,C3151000,"HEMORRHAGIC DESTRUCTION OF THE BRAIN, SUBEPENDYMAL CALCIFICATION, AND CATARACTS",disease
21898,C3151001,Retinitis Pigmentosa 4,disease
21901,C3151038,"ACNE INVERSA, FAMILIAL, 3",disease
21902,C3151055,"ADRENAL INSUFFICIENCY, CONGENITAL, WITH 46,XY SEX REVERSAL, PARTIAL OR COMPLETE",disease
21904,C3151057,"HETEROTAXY, VISCERAL, 4, AUTOSOMAL",disease
21905,C3151058,S-adenosylhomocysteine hydrolase deficiency,disease
21906,C3151059,RETINITIS PIGMENTOSA 49,disease
21911,C3151064,"46,XY SEX REVERSAL 6",disease
21917,C3151077,"AORTIC ANEURYSM, FAMILIAL THORACIC 7",disease
21925,C3151086,Retinitis Pigmentosa 20,disease
21926,C3151087,LOEYS-DIETZ SYNDROME 3,disease
21927,C3151088,IMMUNODEFICIENCY 31B,disease
21928,C3151097,MEIER-GORLIN SYNDROME 2,disease
21929,C3151107,RETINITIS PIGMENTOSA 40 (disorder),disease
21930,C3151111,Abnormal light- and dark-adapted electroretinogram,phenotype
21934,C3151136,"CILIARY DYSKINESIA, PRIMARY, 14",disease
21935,C3151137,"CILIARY DYSKINESIA, PRIMARY, 15",disease
21936,C3151138,RETINITIS PIGMENTOSA 39 (disorder),disease
21937,C3151139,RETINITIS PIGMENTOSA 43,disease
21938,C3151140,"PONTOCEREBELLAR HYPOPLASIA, TYPE 2D",disease
21939,C3151147,"Bile Acid Synthesis Defect, Congenital, 3",disease
21940,C3151153,"ADENOMA, CORTISOL-PRODUCING",disease
21941,C3151184,"MUSCULAR DYSTROPHY-DYSTROGLYCANOPATHY (LIMB-GIRDLE), TYPE C, 9",disease
21942,C3151185,SHORT-RIB THORACIC DYSPLASIA 4 WITH OR WITHOUT POLYDACTYLY,disease
21943,C3151186,NEPHRONOPHTHISIS 12,disease
21945,C3151188,NEPHRONOPHTHISIS 9,disease
21946,C3151189,C9 Deficiency,disease
21950,C3151201,MULTISYSTEMIC SMOOTH MUSCLE DYSFUNCTION SYNDROME,disease
21951,C3151202,LEBER CONGENITAL AMAUROSIS 8,disease
21954,C3151206,LEBER CONGENITAL AMAUROSIS 15,disease
21957,C3151218,"OSTEOGENESIS IMPERFECTA, TYPE XI",disease
21958,C3151221,"CONGENITAL HEART DEFECTS, MULTIPLE TYPES, 6",disease
21960,C3151227,RETINITIS PIGMENTOSA 59,disease
21961,C3151228,RETINITIS PIGMENTOSA 38 (disorder),disease
21966,C3151264,"CARDIOMYOPATHY, FAMILIAL HYPERTROPHIC, 17",disease
21968,C3151267,"CARDIOMYOPATHY, FAMILIAL HYPERTROPHIC, 20",disease
21970,C3151293,"CARDIOMYOPATHY, DILATED, 1HH",disease
21973,C3151303,"Obesity, Hyperphagia, and Developmental Delay",disease
21978,C3151356,"MEGALENCEPHALIC LEUKOENCEPHALOPATHY WITH SUBCORTICAL CYSTS 2B, REMITTING, WITH OR WITHOUT MENTAL RETARDATION",disease
21982,C3151403,AMYOTROPHIC LATERAL SCLEROSIS 14 WITH OR WITHOUT FRONTOTEMPORAL DEMENTIA,disease
21985,C3151406,SPERMATOGENIC FAILURE 8,disease
21986,C3151407,SPERMATOGENIC FAILURE 9,disease
21988,C3151411,"MENTAL RETARDATION, AUTOSOMAL DOMINANT 6",disease
21990,C3151421,"CYANOSIS, TRANSIENT NEONATAL",disease
21993,C3151433,"OSTEOGENESIS IMPERFECTA, TYPE XII",disease
21994,C3151434,RETINITIS PIGMENTOSA 60,disease
21998,C3151443,"DYSKERATOSIS CONGENITA, AUTOSOMAL DOMINANT 2",disease
22000,C3151445,"DYSKERATOSIS CONGENITA, AUTOSOMAL DOMINANT, 3",disease
22001,C3151446,Nestor Guillermo progeria syndrome,disease
22002,C3151460,"CILIARY DYSKINESIA, PRIMARY, 16",disease
22003,C3151461,LISSENCEPHALY 4,disease
22004,C3151462,"MENTAL RETARDATION, AUTOSOMAL RECESSIVE 14",disease
22006,C3151464,"ATRIAL FIBRILLATION, FAMILIAL, 10",disease
22009,C3151467,Apolipoprotein C-III Deficiency,disease
22010,C3151468,PALMOPLANTAR KERATODERMA AND CONGENITAL ALOPECIA 1,disease
22013,C3151476,MITOCHONDRIAL DNA DEPLETION SYNDROME 9 (ENCEPHALOMYOPATHIC TYPE WITH METHYLMALONIC ACIDURIA),disease
22015,C3151495,Long upper lip,phenotype
22016,C3151513,MITOCHONDRIAL DNA DEPLETION SYNDROME 3 (HEPATOCEREBRAL TYPE),disease
22017,C3151519,"MUSCULAR DYSTROPHY-DYSTROGLYCANOPATHY (CONGENITAL WITH BRAIN AND EYE ANOMALIES), TYPE A, 3",disease
22018,C3151520,Early severe fetal akinesia sequence,phenotype
22019,C3151523,Abnormal cervical curvature,phenotype
22030,C3151781,CK syndrome,disease
22034,C3151867,"CONGENITAL HEART DEFECTS, MULTIPLE TYPES, 1, X-LINKED",disease
22038,C3151970,MERRF/MELAS OVERLAP SYNDROME,disease
22040,C3152055,D-2-HYDROXYGLUTARIC ACIDURIA 1,disease
22043,C3152102,"USH1D/F, CDH23/PCDH15, DIGENIC",disease
22046,C3152182,Anterior chamber anomalies,phenotype
22047,C3152204,"MELANOMA, CUTANEOUS MALIGNANT, SUSCEPTIBILITY TO, 8",disease
22049,C3158111,response to SSRI,phenotype
22052,C3160712,"Palpitations, CTCAE",phenotype
22053,C3160718,"PARKINSON DISEASE, LATE-ONSET",disease
22055,C3160731,Pulmonary function (finding),phenotype
22056,C3160733,THROMBOPHILIA DUE TO THROMBIN DEFECT,phenotype
22058,C3160739,"FANCONI ANEMIA, COMPLEMENTATION GROUP E",disease
22062,C3160814,Cannabis use,disease
22098,C3161330,Profound intellectual disabilities,disease
22101,C3163622,Papillary Meningioma,disease
22104,C3163798,Recurrent lower respiratory tract infection,phenotype
22116,C3164374,Abnormality of pulmonary valve,disease
22118,C3164429,Indeterminate atrial arrangement,disease
22123,C3165091,Double outlet right ventricle with doubly committed ventricular septal defect and pulmonary stenosis,disease
22124,C3165106,Infiltrating duct carcinoma of female breast,disease
22126,C3165521,Primary malignant neoplasm of lateral wall of oropharynx,disease
22134,C3178805,Heterotaxy Syndrome,disease
22135,C3178806,Right Atrial Isomerism,disease
22144,C3179239,Osteopetrosis Autosomal Dominant Type 2,disease
22146,C3179349,Gastrointestinal Stromal Sarcoma,disease
22148,C3179455,"Niemann-Pick Disease, Type C1",disease
22150,C3179508,Aplasia/Hypoplasia of the thumb,phenotype
22152,C3203102,Idiopathic pulmonary arterial hypertension,disease
22153,C3203356,Factor II deficiency,disease
22155,C3203358,Hypoventilation,phenotype
22179,C3241937,Nonalcoholic Steatohepatitis,disease
22209,C3266731,2-methyl-3-hydroxybutyric aciduria,phenotype
22213,C3266898,Waardenburg Syndrome,disease
22242,C3272802,Hamartomatous polyposis,disease
22249,C3272841,MUTYH-Associate Polyposis,disease
22250,C3272931,Fibroblast Growth Factor 23 Measurement,phenotype
22276,C3275406,"MENTAL RETARDATION, X-LINKED, SYNDROMIC, RAYMOND TYPE",disease
22278,C3275417,Ragged-red muscle fibers,phenotype
22279,C3275438,"AUTISM, SUSCEPTIBILITY TO, X-LINKED 5",disease
22280,C3275443,"MENTAL RETARDATION, X-LINKED 90 (disorder)",disease
22283,C3275447,Ogden syndrome,disease
22285,C3275459,"AMYOTROPHIC LATERAL SCLEROSIS 15, WITH OR WITHOUT FRONTOTEMPORAL DEMENTIA",disease
22290,C3275508,MULTIPLE CONGENITAL ANOMALIES-HYPOTONIA-SEIZURES SYNDROME 2,disease
22296,C3275758,Choriocapillaris atrophy,phenotype
22297,C3275799,Spondylolisthesis at L5-S1,phenotype
22300,C3275899,Hyperechogenic kidneys,phenotype
22302,C3275959,"LEUKEMIA, ACUTE MYELOID, SUSCEPTIBILITY TO",phenotype
22304,C3275998,THROMBOCYTHEMIA 2,disease
22306,C3276036,High anterior hairline,phenotype
22308,C3276096,ATRIAL SEPTAL DEFECT 7 WITH OR WITHOUT ATRIOVENTRICULAR CONDUCTION DEFECTS,disease
22309,C3276161,"ARTERIAL CALCIFICATION, GENERALIZED, OF INFANCY, 2",disease
22311,C3276228,ACRODYSOSTOSIS 1 WITH OR WITHOUT HORMONE RESISTANCE,disease
22312,C3276239,LOW DENSITY LIPOPROTEIN CHOLESTEROL LEVEL QUANTITATIVE TRAIT LOCUS 1,phenotype
22318,C3276432,MULTIPLE MITOCHONDRIAL DYSFUNCTIONS SYNDROME 1,disease
22320,C3276549,"OPTIC ATROPHY WITH OR WITHOUT DEAFNESS, OPHTHALMOPLEGIA, MYOPATHY, ATAXIA, AND NEUROPATHY",disease
22322,C3276611,Absent or delayed speech development,phenotype
22327,C3276815,Stiff skin,phenotype
22328,C3276821,Thin glomerular basement membrane,phenotype
22329,C3277019,Horizontal eyebrow,phenotype
22341,C3277184,Decreased patellar reflex,phenotype
22344,C3277226,Restrictive ventilatory defect,phenotype
22349,C3277671,THROMBOCYTHEMIA 1,disease
22352,C3277688,Progressive forgetfulness,phenotype
22353,C3277693,Punctate vasculitis skin lesions,phenotype
22354,C3277700,"LONG QT SYNDROME 1/2, DIGENIC (disorder)",disease
22358,C3277753,Deep-set nails,phenotype
22361,C3277918,TRANSFERRIN SERUM LEVEL QUANTITATIVE TRAIT LOCUS 1,phenotype
22362,C3277940,Generalized hypertrichosis,phenotype
22366,C3278138,FIBROCHONDROGENESIS 1,disease
22367,C3278147,GELEOPHYSIC DYSPLASIA 1,disease
22372,C3278156,GLUTARIC ACIDEMIA IIC,disease
22373,C3278204,Dysmyelinating leukodystrophy,phenotype
22374,C3278211,"THROMBOPHILIA DUE TO PROTEIN S DEFICIENCY, AUTOSOMAL DOMINANT",disease
22377,C3278322,Cerebellar dysplasia,phenotype
22379,C3278384,HYPOINSULINEMIC HYPOGLYCEMIA WITH HEMIHYPERTROPHY,disease
22380,C3278401,Hypopigmentation of hair,phenotype
22381,C3278404,"MULTIPLE JOINT DISLOCATIONS, SHORT STATURE, AND CRANIOFACIAL DYSMORPHISM WITH OR WITHOUT CONGENITAL HEART DEFECTS",disease
22383,C3278481,"MICROCEPHALY AND CHORIORETINOPATHY, AUTOSOMAL RECESSIVE, 1",disease
22386,C3278636,Neonatal insulin-dependent diabetes mellitus,phenotype
22388,C3278664,"LIVER FAILURE, INFANTILE, TRANSIENT",disease
22389,C3278811,Thumb aplasia,disease
22390,C3278865,Pigment gallstones,phenotype
22391,C3278923,Dilated ventricles (finding),phenotype
22393,C3278975,Attenuation of retinal blood vessels,phenotype
22398,C3279222,Aplasia/Hypoplasia of the cerebellum,phenotype
22403,C3279397,Very long chain fatty acid accumulation,phenotype
22408,C3279470,HYPOTRICHOSIS 8,disease
22412,C3279564,"Osteogenesis Imperfecta, Type VI",disease
22413,C3279571,Ectopic posterior pituitary,phenotype
22421,C3279664,Emberger Syndrome,disease
22423,C3279675,Perisylvian polymicrogyria,phenotype
22424,C3279690,MOYAMOYA DISEASE 5,disease
22425,C3279693,"ATRIAL FIBRILLATION, FAMILIAL, 11",disease
22427,C3279699,"Encephalocardiomyopathy, Mitochondrial, Neonatal, Due To Atp Synthase Deficiency",disease
22428,C3279708,"MITOCHONDRIAL COMPLEX V (ATP SYNTHASE) DEFICIENCY, NUCLEAR TYPE 3",disease
22430,C3279722,"MYOPATHY, DISTAL, 4",disease
22431,C3279725,Hip flexor weakness,phenotype
22434,C3279748,IMMUNODEFICIENCY-CENTROMERIC INSTABILITY-FACIAL ANOMALIES SYNDROME 2,disease
22437,C3279757,"CHONDRODYSPLASIA WITH JOINT DISLOCATIONS, GPAPP TYPE",disease
22439,C3279775,MULTIPLE CONGENITAL ANOMALIES-HYPOTONIA-SEIZURES SYNDROME 1,disease
22442,C3279791,"SICK SINUS SYNDROME 3, SUSCEPTIBILITY TO",disease
22443,C3279792,SHORT-RIB THORACIC DYSPLASIA 7 WITH OR WITHOUT POLYDACTYLY,disease
22446,C3279807,CRANIOECTODERMAL DYSPLASIA 3,disease
22448,C3279839,"MENTAL RETARDATION, AUTOSOMAL DOMINANT 7",disease
22449,C3279840,Methylmalonate Semialdehyde Dehydrogenase Deficiency,disease
22450,C3279841,Pyruvate Dehydrogenase E1-Beta Deficiency,disease
22451,C3279843,MOSAIC VARIEGATED ANEUPLOIDY SYNDROME 2,disease
22452,C3279875,"CORTICAL MALFORMATIONS, OCCIPITAL",disease
22453,C3279885,Hereditary Sensory and Autonomic Neuropathy Type Ie,disease
22457,C3279904,Lactate Dehydrogenase B Deficiency,disease
22460,C3279947,"NAIL DISORDER, NONSYNDROMIC CONGENITAL, 9",disease
22463,C3279974,"NAIL DISORDER, NONSYNDROMIC CONGENITAL, 10",disease
22465,C3279990,"CANDIDIASIS, FAMILIAL, 7",disease
22467,C3279992,PARAGANGLIOMAS 5,disease
22468,C3279997,"MYOPIA 21, AUTOSOMAL DOMINANT",disease
22469,C3280011,BRITTLE CORNEA SYNDROME 2,disease
22470,C3280026,HERMANSKY-PUDLAK SYNDROME 9,disease
22471,C3280030,GATA2 Deficiency,disease
22473,C3280036,"MECKEL SYNDROME, TYPE 10",disease
22474,C3280041,RETINITIS PIGMENTOSA 61,disease
22475,C3280042,RETINITIS PIGMENTOSA 62,disease
22476,C3280054,GELEOPHYSIC DYSPLASIA 2,disease
22478,C3280073,CRANIOSYNOSTOSIS AND DENTAL ANOMALIES,disease
22481,C3280096,TRANSFERRIN SERUM LEVEL QUANTITATIVE TRAIT LOCUS 2,phenotype
22485,C3280112,"MYASTHENIC SYNDROME, CONGENITAL, 16",disease
22486,C3280113,"NEPHROTIC SYNDROME, TYPE 5, WITH OR WITHOUT OCULAR ABNORMALITIES",disease
22488,C3280120,Glycoprotein VI deficiency,disease
22495,C3280155,"MECKEL SYNDROME, TYPE 9",disease
22497,C3280168,"NEUROPATHY, HEREDITARY SENSORY, TYPE IIC",disease
22498,C3280182,ADAMS-OLIVER SYNDROME 2,disease
22502,C3280215,HOLOPROSENCEPHALY 11,disease
22504,C3280220,"CHARCOT-MARIE-TOOTH DISEASE, AXONAL, TYPE 2O",disease
22507,C3280265,"MENTAL RETARDATION, AUTOSOMAL RECESSIVE 18",disease
22510,C3280282,"NEURODEVELOPMENTAL DISORDER WITH OR WITHOUT HYPERKINETIC MOVEMENTS AND SEIZURES, AUTOSOMAL DOMINANT",disease
22511,C3280283,"MENTAL RETARDATION, AUTOSOMAL DOMINANT 9",disease
22514,C3280296,Microcephaly-capillary malformation syndrome,disease
22515,C3280303,Abnormal hair whorl,phenotype
22517,C3280314,Combined Malonic and Methylmalonic Aciduria,disease
22518,C3280315,Platelet-Activating Factor Acetylhydrolase Deficiency,disease
22520,C3280345,"BREAST-OVARIAN CANCER, FAMILIAL, SUSCEPTIBILITY TO, 4",disease
22523,C3280352,"HYDATIDIFORM MOLE, RECURRENT, 2",disease
22524,C3280358,"Wolfram-Like Syndrome, Autosomal Dominant",disease
22525,C3280371,NEURODEGENERATION WITH BRAIN IRON ACCUMULATION 4,disease
22526,C3280378,MULTIPLE MITOCHONDRIAL DYSFUNCTIONS SYNDROME 2 WITH HYPERGLYCINEMIA,disease
22527,C3280381,HYPERMETHIONINEMIA DUE TO ADENOSINE KINASE DEFICIENCY,disease
22531,C3280428,Alpha-Methylacyl-CoA Racemase Deficiency,disease
22532,C3280442,"PANCREATIC CANCER, SUSCEPTIBILITY TO, 4",disease
22534,C3280452,"SPINOCEREBELLAR ATAXIA, AUTOSOMAL RECESSIVE 12",disease
22535,C3280471,OVARIAN DYSGENESIS 3,disease
22536,C3280479,PITT-HOPKINS-LIKE SYNDROME 2,disease
22538,C3280492,TUMOR PREDISPOSITION SYNDROME,disease
22539,C3280501,"INFLAMMATORY SKIN AND BOWEL DISEASE, NEONATAL, 1",disease
22542,C3280526,"ARTHROGRYPOSIS, DISTAL, TYPE 1B",disease
22544,C3280538,"MENTAL RETARDATION, AUTOSOMAL RECESSIVE 27",disease
22555,C3280587,"AMYOTROPHIC LATERAL SCLEROSIS 16, JUVENILE",disease
22556,C3280598,SHORT-RIB THORACIC DYSPLASIA 5 WITH OR WITHOUT POLYDACTYLY,disease
22558,C3280616,CRANIOECTODERMAL DYSPLASIA 4,disease
22562,C3280644,"LEUKODYSTROPHY, HYPOMYELINATING, 8, WITH OR WITHOUT OLIGODONTIA AND/OR HYPOGONADOTROPIC HYPOGONADISM",disease
22564,C3280660,"ENCEPHALOPATHY, LETHAL, DUE TO DEFECTIVE MITOCHONDRIAL AND PEROXISOMAL FISSION",disease
22568,C3280679,"MYOPATHY, AREFLEXIA, RESPIRATORY DISTRESS, AND DYSPHAGIA, EARLY-ONSET",disease
22574,C3280729,RADIOHUMERAL FUSIONS WITH OTHER SKELETAL AND CRANIOFACIAL ANOMALIES,disease
22575,C3280730,"EPILEPSY, FAMILIAL TEMPORAL LOBE, 5",disease
22576,C3280734,"FEBRILE SEIZURES, FAMILIAL, 11",disease
22577,C3280742,SYSTEMIC LUPUS ERYTHEMATOSUS 16,disease
22579,C3280768,Abnormality of the posterior cranial fossa,phenotype
22581,C3280781,ATRIOVENTRICULAR SEPTAL DEFECT 4,disease
22583,C3280785,VENTRICULAR SEPTAL DEFECT 3,disease
22586,C3280797,"CHARCOT-MARIE-TOOTH DISEASE, AXONAL, TYPE 2P",disease
22587,C3280798,"CUTIS LAXA, AUTOSOMAL RECESSIVE, TYPE IB",disease
22588,C3280799,"CUTIS LAXA, AUTOSOMAL RECESSIVE, TYPE IIIB",disease
22589,C3280800,"HYPERTROPHIC OSTEOARTHROPATHY, PRIMARY, AUTOSOMAL RECESSIVE, 2",disease
22590,C3280817,"HYPOTHYROIDISM, CONGENITAL, NONGOITROUS, 6",disease
22591,C3280845,"CHARCOT-MARIE-TOOTH DISEASE, DOMINANT INTERMEDIATE E",disease
22592,C3280856,"ICHTHYOSIS, SPASTIC QUADRIPLEGIA, AND MENTAL RETARDATION",disease
22593,C3280866,THIAMINE METABOLISM DYSFUNCTION SYNDROME 5 (EPISODIC ENCEPHALOPATHY TYPE),disease
22594,C3280887,"HYPERGLYCINEMIA, LACTIC ACIDOSIS, AND SEIZURES",disease
22599,C3280914,FAMILIAL COLD AUTOINFLAMMATORY SYNDROME 3,disease
22607,C3280976,Thrombophilia due to Thrombomodulin Defect,disease
22608,C3280977,"SPASTIC ATAXIA 5, AUTOSOMAL RECESSIVE",disease
22611,C3281029,"RIGIDITY AND MULTIFOCAL SEIZURE SYNDROME, LETHAL NEONATAL",disease
22614,C3281045,CONE-ROD DYSTROPHY 16,disease
22616,C3281055,"PSYCHOMOTOR RETARDATION, EPILEPSY, AND CRANIOFACIAL DYSMORPHISM",disease
22619,C3281084,Congenital disorder of glycosylation type 1r,disease
22621,C3281092,"THROMBOPHILIA DUE TO PROTEIN S DEFICIENCY, AUTOSOMAL RECESSIVE",disease
22623,C3281125,THROMBOCYTHEMIA 3,disease
22627,C3281160,"EHLERS-DANLOS SYNDROME, KYPHOSCOLIOTIC TYPE, 2",disease
22628,C3281191,SCN8A-related epilepsy with encephalopathy,disease
22629,C3281192,INFANTILE CEREBELLAR-RETINAL DEGENERATION,disease
22631,C3281201,"MENTAL RETARDATION, AUTOSOMAL DOMINANT 12",disease
22632,C3281202,"MENTAL RETARDATION, AUTOSOMAL DOMINANT 13",disease
22634,C3281215,"NIGHT BLINDNESS, CONGENITAL STATIONARY, TYPE 1E",disease
22637,C3281235,BARAITSER-WINTER SYNDROME 2,disease
22639,C3281247,BENT BONE DYSPLASIA SYNDROME,disease
22642,C3281297,"DEAFNESS, AUTOSOMAL DOMINANT 4B",disease
22646,C3463824,MYELODYSPLASTIC SYNDROME,group
22647,C3463897,"HYDATIDIFORM MOLE, RECURRENT, 1",disease
22648,C3463916,Complement Factor I (C3 inactivator) deficiency,disease
22649,C3463917,Corticosterone Methyl Oxidase Type II Deficiency,disease
22651,C3463992,"EPILEPTIC ENCEPHALOPATHY, EARLY INFANTILE, 1",disease
22652,C3468041,"FANCONI ANEMIA, COMPLEMENTATION GROUP C",disease
22653,C3468114,Juvenile amyotrophic lateral sclerosis,disease
22655,C3468561,familial atrial fibrillation,phenotype
22656,C3469186,"HEMOCHROMATOSIS, TYPE 1",disease
22657,C3469521,"FANCONI ANEMIA, COMPLEMENTATION GROUP A (disorder)",disease
22658,C3469522,"BREAST CANCER, SUSCEPTIBILITY TO",phenotype
22659,C3469524,"PROSTATE CANCER, SUSCEPTIBILITY TO",phenotype
22661,C3469526,"FANCONI ANEMIA, COMPLEMENTATION GROUP F",disease
22666,C3469605,"PSEUDOHYPOALDOSTERONISM, TYPE IID",disease
22679,C3484357,HERMANSKY-PUDLAK SYNDROME 4,disease
22682,C3489396,"Hypogonadism, Isolated Hypogonadotropic",disease
22684,C3489413,"Lipomatosis, Multiple",disease
22686,C3489529,"Tooth Agenesis, Familial",disease
22687,C3489532,Cone-Rod Dystrophy 2,disease
22691,C3489627,"Stuttering, Familial Persistent 1",disease
22695,C3489724,Aicardi-Goutieres Syndrome 2,disease
22698,C3489728,Familial intrahepatic cholestasis of pregnancy,disease
22700,C3489733,Oculomotor apraxia,disease
22703,C3489787,"Pituitary Hormone Deficiency, Combined, 3",disease
22704,C3489789,"Cholestasis, Progressive Familial Intrahepatic, 2",disease
22706,C3489793,"46,XY Sex Reversal 3",disease
22712,C3493776,"HYPOTHYROIDISM, CONGENITAL, NONGOITROUS, 1",disease
22714,C3494186,Autosomal Hemophilia A,disease
22717,C3494248,Organothiophosphate Poisoning,disease
22723,C3494422,Retrognathia,disease
22729,C3494506,"Pseudohypoparathyroidism, Type Ia",disease
22741,C3495145,Dyslalia,disease
22747,C3495427,Fanconi-Bickel Syndrome,disease
22749,C3495438,"Macular Degeneration, Age-Related, 2",disease
22753,C3495489,Rieger eye malformation sequence,disease
22754,C3495498,"Cardiomyopathy, Familial Hypertrophic, 1 (disorder)",disease
22762,C3495559,Juvenile arthritis,disease
22764,C3495587,"Night Blindness, Congenital Stationary, Type 1A",disease
22766,C3495589,Jalili syndrome,disease
22768,C3495676,Anorectal Malformations,group
22772,C3495801,Granulomatosis with polyangiitis,disease
22776,C3495874,Nonepileptic Seizures,phenotype
22786,C3496069,cocaine use,disease
22788,C3496228,"Leukodystrophy, Dysmyelinating, And Spastic Paraparesis With Or Without Dystonia",disease
22789,C3496337,Idiopathic Nephrotic Syndrome,disease
22795,C3501611,"Mental Retardation, X-Linked Nonsyndromic",disease
22800,C3501843,Nonmedullary Thyroid Carcinoma,disease
22801,C3501844,Familial Nonmedullary Thyroid Cancer,disease
22802,C3501846,Noonan-Like Syndrome With Loose Anagen Hair,disease
22803,C3501847,"Night blindness, congenital stationary, type 1",disease
22804,C3501848,"Nephrosis, congenital",disease
22807,C3501891,"Mitochondrial DNA Depletion Syndrome, Myopathic Form",disease
22816,C3502105,"Dyskeratosis Congenita, Autosomal Recessive",disease
22818,C3502110,"Homocystinuria, Pyridoxine-Responsive",disease
22823,C3502353,Atrial Septal Defect with Atrioventricular Conduction Defects,disease
22829,C3502809,Generalized Epilepsy with Febrile Seizures Plus,disease
22837,C3532239,Mitochondrial cardiomyopathy,disease
22838,C3532243,Fatal infantile mitochondrial cardiomyopathy,disease
22847,C3532947,Severe receptive language delay,disease
22855,C3536714,Renal dysplasia,disease
22857,C3536734,Hypoplastic pelvis,disease
22861,C3536797,Ichthyosis Congenita II,disease
22864,C3536958,Surfactant protein D measurement,phenotype
22865,C3536983,Familial Hypophosphatemic Rickets,disease
22869,C3538946,"DEAFNESS, AUTOSOMAL RECESSIVE 4, WITH ENLARGED VESTIBULAR AQUEDUCT",disease
22870,C3538951,"MICROSPHEROPHAKIA AND/OR MEGALOCORNEA, WITH ECTOPIA LENTIS AND WITH OR WITHOUT SECONDARY GLAUCOMA",disease
22872,C3539003,"NEUROPATHY, HEREDITARY SENSORY AND AUTONOMIC, TYPE VI",disease
22874,C3539013,AICARDI-GOUTIERES SYNDROME 6,disease
22877,C3539120,"PROSTATE CANCER, HEREDITARY, 2",disease
22878,C3539123,"CEROID LIPOFUSCINOSIS, NEURONAL, 11",disease
22879,C3539168,"PEROXISOME BIOGENESIS DISORDER, COMPLEMENTATION GROUP A",disease
22880,C3539195,"TREMOR, HEREDITARY ESSENTIAL, 4",disease
22882,C3539495,"SPASTIC PARAPLEGIA 54, AUTOSOMAL RECESSIVE",disease
22886,C3539878,Triple Negative Breast Neoplasms,disease
22887,C3539888,"ICHTHYOSIS, CONGENITAL, AUTOSOMAL RECESSIVE 3",disease
22889,C3539920,"ECTODERMAL DYSPLASIA 11B, HYPOHIDROTIC/HAIR/TOOTH TYPE, AUTOSOMAL RECESSIVE",disease
22892,C3540453,"CHARCOT-MARIE-TOOTH DISEASE, DEMYELINATING, TYPE 4F",disease
22893,C3540662,Congenital Amaurosis of Retinal Origin,disease
22894,C3540764,Coloboma of the Retina,disease
22896,C3540844,"CILIARY DYSKINESIA, PRIMARY, 20",disease
22898,C3540850,"CATARACT 4, MULTIPLE TYPES",disease
22900,C3541318,Soluble Transferrin Receptor Measurement,phenotype
22903,C3541456,"Spondyloepiphyseal Dysplasia Tarda, X-Linked",disease
22905,C3541471,"MITOCHONDRIAL COMPLEX III DEFICIENCY, NUCLEAR TYPE 1",disease
22906,C3541474,"ECTOPIA LENTIS 2, ISOLATED, AUTOSOMAL RECESSIVE",disease
22908,C3541517,"ECTODERMAL DYSPLASIA 11A, HYPOHIDROTIC/HAIR/TOOTH TYPE, AUTOSOMAL DOMINANT",disease
22909,C3541518,"ECTOPIA LENTIS 1, ISOLATED, AUTOSOMAL DOMINANT",disease
22910,C3541853,NEPHRONOPHTHISIS 15,disease
22913,C3542021,Duchenne and Becker Muscular Dystrophy,disease
22914,C3542022,"SHORT STATURE, ONYCHODYSPLASIA, FACIAL DYSMORPHISM, AND HYPOTRICHOSIS SYNDROME",disease
22915,C3542024,AORTIC VALVE DISEASE 2,disease
22916,C3542025,"AMYOTROPHIC LATERAL SCLEROSIS 1, AUTOSOMAL RECESSIVE",disease
22917,C3542026,PEROXISOME BIOGENESIS DISORDER 5B,disease
22927,C3543826,"CILIARY DYSKINESIA, PRIMARY, 19",disease
22928,C3543867,Collodion Fetus,disease
22940,C3546688,response to temozolomide,phenotype
22942,C3547187,response to metformin,phenotype
22943,C3547188,response to fenofibrate,phenotype
22944,C3548479,response to bronchodilator,phenotype
22946,C3548532,response to alcohol,phenotype
22948,C3548805,response to aromatase inhibitor,phenotype
22950,C3549447,ALTERNATING HEMIPLEGIA OF CHILDHOOD 1,disease
22959,C3549862,"Renal cell carcinoma, solitary papillary type 2 (about 20% of patients)",phenotype
22962,C3550150,Recurrent thrombophlebitis,phenotype
22963,C3550234,PEROXISOME BIOGENESIS DISORDER 2B,disease
22968,C3550478,HYPOGONADOTROPIC HYPOGONADISM 3 WITH OR WITHOUT ANOSMIA,disease
22969,C3550693,PEROXISOME BIOGENESIS DISORDER 3B,disease
22971,C3550789,"THROMBOCYTOPENIA, X-LINKED, WITH OR WITHOUT DYSERYTHROPOIETIC ANEMIA",disease
22972,C3550856,"ANEMIA, X-LINKED, WITH OR WITHOUT NEUTROPENIA AND/OR PLATELET ABNORMALITIES",disease
22976,C3550903,CORNELIA DE LANGE SYNDROME 5,disease
22977,C3550904,"EPILEPTIC ENCEPHALOPATHY, EARLY INFANTILE, 36",disease
22979,C3550921,LINEAR SKIN DEFECTS WITH MULTIPLE CONGENITAL ANOMALIES 2,disease
22981,C3550973,NEURODEGENERATION WITH BRAIN IRON ACCUMULATION 5,disease
22984,C3551173,UV-SENSITIVE SYNDROME 1,disease
22986,C3551426,Dystrophic fingernails,phenotype
22991,C3551915,"MENINGIOMA, FAMILIAL, SUSCEPTIBILITY TO",phenotype
22992,C3551954,"COENZYME Q10 DEFICIENCY, PRIMARY, 1",disease
22997,C3552236,"CORTICAL DYSPLASIA, COMPLEX, WITH OTHER BRAIN MALFORMATIONS 7",disease
22999,C3552335,"MYASTHENIC SYNDROME, CONGENITAL, 12",disease
23000,C3552343,HYPOGONADOTROPIC HYPOGONADISM 4 WITH OR WITHOUT ANOSMIA,disease
23007,C3552553,HYPOGONADOTROPIC HYPOGONADISM 5 WITH OR WITHOUT ANOSMIA,disease
23008,C3552574,HYPOGONADOTROPIC HYPOGONADISM 6 WITH OR WITHOUT ANOSMIA,disease
23010,C3552821,EEG with photoparoxysmal response,phenotype
23019,C3553084,Bilateral cleft palate,phenotype
23022,C3553248,"MENTAL RETARDATION, AUTOSOMAL DOMINANT 15",disease
23023,C3553249,COFFIN-SIRIS SYNDROME 4,disease
23024,C3553250,ACRODYSOSTOSIS 2 WITH OR WITHOUT HORMONE RESISTANCE,disease
23025,C3553264,JOUBERT SYNDROME 17,disease
23027,C3553288,HYPEREKPLEXIA 3,disease
23028,C3553291,HYPEREKPLEXIA 2,disease
23031,C3553330,"MUSCULAR DYSTROPHY-DYSTROGLYCANOPATHY (CONGENITAL WITH BRAIN AND EYE ANOMALIES), TYPE A, 7",disease
23033,C3553349,"COENZYME Q10 DEFICIENCY, PRIMARY, 6",disease
23034,C3553354,"COENZYME Q10 DEFICIENCY, PRIMARY, 2",disease
23035,C3553358,"COENZYME Q10 DEFICIENCY, PRIMARY, 3",disease
23039,C3553404,AURICULOCONDYLAR SYNDROME 2,disease
23041,C3553414,"MICROCEPHALY 8, PRIMARY, AUTOSOMAL RECESSIVE",disease
23043,C3553449,"PONTOCEREBELLAR HYPOPLASIA, TYPE 1B",disease
23044,C3553450,Profound global developmental delay,disease
23048,C3553512,"IMMUNODEFICIENCY, COMMON VARIABLE, 8, WITH AUTOIMMUNITY",disease
23049,C3553517,CORNELIA DE LANGE SYNDROME 4,disease
23050,C3553529,COMBINED OXIDATIVE PHOSPHORYLATION DEFICIENCY 10,disease
23051,C3553538,BROWN-VIALETTO-VAN LAERE SYNDROME 2,disease
23052,C3553549,"POROKERATOSIS 7, MULTIPLE TYPES",disease
23053,C3553571,Carbohydrate deficient glycoprotein syndrome type 2k,disease
23055,C3553587,GLUCOCORTICOID DEFICIENCY 4 WITH OR WITHOUT MINERALOCORTICOID DEFICIENCY,disease
23056,C3553597,"3-METHYLGLUTACONIC ACIDURIA WITH DEAFNESS, ENCEPHALOPATHY, AND LEIGH-LIKE SYNDROME",disease
23058,C3553607,MITOCHONDRIAL PYRUVATE CARRIER DEFICIENCY,disease
23059,C3553617,"PULMONARY FIBROSIS AND/OR BONE MARROW FAILURE, TELOMERE-RELATED, 1",disease
23060,C3553622,"PULMONARY FIBROSIS AND/OR BONE MARROW FAILURE, TELOMERE-RELATED, 2",disease
23061,C3553625,"FACIAL PARESIS, HEREDITARY CONGENITAL, 3",disease
23062,C3553636,"INTERSTITIAL LUNG DISEASE, NEPHROTIC SYNDROME, AND EPIDERMOLYSIS BULLOSA, CONGENITAL",disease
23063,C3553637,HYPERPHOSPHATASIA WITH MENTAL RETARDATION SYNDROME 2,disease
23064,C3553645,"MYASTHENIC SYNDROME, CONGENITAL, 13",disease
23066,C3553660,Malan overgrowth syndrome,disease
23067,C3553661,"CEREBELLAR ATAXIA, NONPROGRESSIVE, WITH MENTAL RETARDATION",disease
23068,C3553676,"HETEROTAXY, VISCERAL, 6, AUTOSOMAL",disease
23071,C3553720,CFHR5 DEFICIENCY,disease
23073,C3553748,ADAMS-OLIVER SYNDROME 3,disease
23075,C3553758,JOUBERT SYNDROME 18,disease
23076,C3553762,LOEYS-DIETZ SYNDROME 4,disease
23077,C3553764,Joint hyperflexibility,phenotype
23080,C3553788,ALTERNATING HEMIPLEGIA OF CHILDHOOD 2,disease
23081,C3553793,SPERMATOGENIC FAILURE 10,disease
23084,C3553830,"AMELOGENESIS IMPERFECTA, HYPOMATURATION TYPE, IIA4",disease
23085,C3553831,"MICROCEPHALY, SHORT STATURE, AND POLYMICROGYRIA WITH OR WITHOUT SEIZURES",disease
23086,C3553841,HYPOGONADOTROPIC HYPOGONADISM 8 WITH OR WITHOUT ANOSMIA,disease
23087,C3553842,HYPOGONADOTROPIC HYPOGONADISM 9 WITH OR WITHOUT ANOSMIA,disease
23089,C3553844,HYPOGONADOTROPIC HYPOGONADISM 11 WITH OR WITHOUT ANOSMIA,disease
23091,C3553859,"EPILEPSY, IDIOPATHIC GENERALIZED, SUSCEPTIBILITY TO, 12",disease
23093,C3553869,"ENCEPHALOPATHY, ACUTE, INFECTION-INDUCED (HERPES-SPECIFIC), SUSCEPTIBILITY TO, 6",disease
23095,C3553886,"MICROCEPHALY 9, PRIMARY, AUTOSOMAL RECESSIVE",disease
23096,C3553887,"OSTEOGENESIS IMPERFECTA, TYPE XIII",disease
23098,C3553929,PEROXISOME BIOGENESIS DISORDER 3A (ZELLWEGER),disease
23100,C3553936,PEROXISOME BIOGENESIS DISORDER 4A (ZELLWEGER),disease
23101,C3553937,PEROXISOME BIOGENESIS DISORDER 4B,disease
23102,C3553940,PEROXISOME BIOGENESIS DISORDER 5A (ZELLWEGER),disease
23105,C3553947,PEROXISOME BIOGENESIS DISORDER 6A (ZELLWEGER),disease
23106,C3553948,PEROXISOME BIOGENESIS DISORDER 6B,disease
23110,C3553959,PEROXISOME BIOGENESIS DISORDER 8A (ZELLWEGER),disease
23111,C3553960,PEROXISOME BIOGENESIS DISORDER 8B,disease
23113,C3553977,HYPOGONADOTROPIC HYPOGONADISM 15 WITH OR WITHOUT ANOSMIA,disease
23114,C3553989,"SPINAL MUSCULAR ATROPHY, DISTAL, AUTOSOMAL RECESSIVE, 5",disease
23115,C3553999,PEROXISOME BIOGENESIS DISORDER 10A (ZELLWEGER),disease
23120,C3554018,SINOATRIAL NODE DYSFUNCTION AND DEAFNESS,disease
23121,C3554021,HYPOGONADOTROPIC HYPOGONADISM 16 WITH OR WITHOUT ANOSMIA,disease
23124,C3554047,"VENTRICULAR TACHYCARDIA, CATECHOLAMINERGIC POLYMORPHIC, 4",disease
23127,C3554078,BRANCHED-CHAIN KETO ACID DEHYDROGENASE KINASE DEFICIENCY,disease
23128,C3554079,COMBINED OXIDATIVE PHOSPHORYLATION DEFICIENCY 12,disease
23132,C3554127,"ECTODERMAL DYSPLASIA 9, HAIR/NAIL TYPE",disease
23133,C3554129,COMBINED OXIDATIVE PHOSPHORYLATION DEFICIENCY 13,disease
23136,C3554168,COMBINED OXIDATIVE PHOSPHORYLATION DEFICIENCY 14,disease
23137,C3554182,COMBINED OXIDATIVE PHOSPHORYLATION DEFICIENCY 15,disease
23138,C3554195,"EPILEPTIC ENCEPHALOPATHY, EARLY INFANTILE, 14",disease
23139,C3554209,Congenital pontocerebellar hypoplasia type 8,disease
23144,C3554241,"CHOLESTASIS, INTRAHEPATIC, OF PREGNANCY 3",disease
23147,C3554279,"CONGENITAL HEART DEFECTS, MULTIPLE TYPES, 2",disease
23148,C3554306,"EPILEPSY, NOCTURNAL FRONTAL LOBE, 5",disease
23151,C3554330,"NEPHROTIC SYNDROME, TYPE 7",disease
23153,C3554344,Phosphohydroxylysinuria,disease
23155,C3554355,"ICHTHYOSIS, CONGENITAL, AUTOSOMAL RECESSIVE 10",disease
23158,C3554373,"AUTISM, SUSCEPTIBILITY TO, 18",disease
23159,C3554374,DYSTONIA 24,disease
23160,C3554381,"MUSCULAR DYSTROPHY-DYSTROGLYCANOPATHY (CONGENITAL WITH BRAIN AND EYE ANOMALIES), TYPE A, 10",disease
23165,C3554415,Distal arthrogryposis type 5D,disease
23167,C3554439,Microcephalic primordial dwarfism Alazami type,disease
23170,C3554448,"MENTAL RETARDATION, AUTOSOMAL DOMINANT 18",disease
23174,C3554460,"COLORECTAL CANCER, SUSCEPTIBILITY TO, 12",disease
23180,C3554518,COWDEN SYNDROME 5,disease
23183,C3554524,"MICROPHTHALMIA, ISOLATED 8",disease
23196,C3554599,"PROGRESSIVE EXTERNAL OPHTHALMOPLEGIA WITH MITOCHONDRIAL DNA DELETIONS, AUTOSOMAL DOMINANT, 6",disease
23197,C3554605,"MITOCHONDRIAL COMPLEX III DEFICIENCY, NUCLEAR TYPE 2",disease
23199,C3554607,"MITOCHONDRIAL COMPLEX III DEFICIENCY, NUCLEAR TYPE 4",disease
23203,C3554617,Adducted thumb,phenotype
23206,C3554649,"CARDIOMYOPATHY, DILATED, 1II",disease
23208,C3554656,"DYSKERATOSIS CONGENITA, AUTOSOMAL RECESSIVE 5",disease
23209,C3554657,LISSENCEPHALY 5,disease
23210,C3554663,"BLEEDING DISORDER, PLATELET-TYPE, 15",disease
23211,C3554665,OSTEOSCLEROTIC METAPHYSEAL DYSPLASIA,disease
23219,C3554724,Complete duplication of thumb phalanx,phenotype
23232,C3645536,Autosomal Recessive Centronuclear Myopathy,disease
23240,C3658266,"Prostatic Cancer, Castration-Resistant",disease
23242,C3658290,Drug-Induced Acute Liver Injury,disease
23244,C3658299,Zellweger Spectrum,disease
23245,C3658301,Mycoplasma-Induced Stevens-Johnson Syndrome,disease
23246,C3658302,Stevens-Johnson Syndrome Toxic Epidermal Necrolysis Spectrum,disease
23252,C3661523,Congenital Intestinal Aganglionosis,disease
23253,C3661525,Autosomal Recessive Chronic Granulomatous Disease,disease
23257,C3662483,Allergic sensitization,disease
23262,C3665333,Keratitis-Ichthyosis-Deafness Syndrome,disease
23266,C3665346,Unspecified visual loss,phenotype
23267,C3665347,Visual Impairment,phenotype
23268,C3665349,Secondary hypothyroidism,disease
23272,C3665386,Abnormal vision,phenotype
23274,C3665425,Hemoglobin M Disease,disease
23278,C3665473,Bilateral Deafness,phenotype
23283,C3665596,Warts,disease
23284,C3665628,Hypomineralization of enamel of tooth,disease
23303,C3665983,Oral aversion,disease
23310,C3668940,Dmd-Associated Dilated Cardiomyopathy,disease
23311,C3668942,Atelosteogenesis Type 3,disease
23322,C3671015,Myofiber disarray,phenotype
23325,C3671887,Hypernatriuria,disease
23336,C3694531,GLYCOGEN STORAGE DISEASE IXa1,disease
23343,C3695272,Oculocutaneous albinism type 6,disease
23345,C3696376,3-Methylglutaconic Aciduria,disease
23351,C3697119,Pulmonary arterial hypertension associated with congenital heart disease,disease
23354,C3697248,Short lower third of face,phenotype
23383,C3711162,Metatropic Dysplasia Type 1,disease
23386,C3711370,Spastic Paraplegia Type 7,disease
23388,C3711374,Nonsyndromic Deafness,disease
23393,C3711381,Hereditary Diffuse Leukoencephalopathy with Spheroids,disease
23397,C3711385,Deoxyguanosine Kinase Deficiency,disease
23398,C3711387,Autosomal Recessive Primary Microcephaly,disease
23400,C3711389,Actin-Accumulation Myopathy,disease
23407,C3711645,Long chain 3-hydroxyacyl-CoA dehydrogenase deficiency,disease
23413,C3714043,Trisomy Xq28,disease
23419,C3714506,Meckel syndrome type 1,disease
23421,C3714514,Infection,group
23426,C3714580,Hypokalemic periodic paralysis type 1,disease
23427,C3714581,Multicystic Dysplastic Kidney,disease
23431,C3714625,Neuropathic pain,phenotype
23433,C3714636,Pneumonitis,disease
23434,C3714644,Thymus Neoplasms,group
23439,C3714739,Mesothelial Neoplasms,group
23441,C3714745,Malabsorption,phenotype
23442,C3714753,"RETINOSCHISIS 1, X-LINKED, JUVENILE",disease
23443,C3714756,Intellectual Disability,group
23445,C3714758,Juvenile psoriatic arthritis,disease
23447,C3714772,Recurrent fevers,phenotype
23448,C3714796,Isolated somatotropin deficiency,disease
23450,C3714873,"Axenfeld-Rieger Syndrome, Type 1",disease
23451,C3714896,SMITH-MCCORT DYSPLASIA 2,disease
23453,C3714899,"SYMPHALANGISM, PROXIMAL, 1A",disease
23455,C3714932,"MUSCULAR DYSTROPHY-DYSTROGLYCANOPATHY (LIMB-GIRDLE), TYPE C, 14",disease
23456,C3714933,MYOPATHY DUE TO MYOADENYLATE DEAMINASE DEFICIENCY,disease
23457,C3714934,"MYOPATHY, MYOFIBRILLAR, 3",disease
23462,C3714948,PACHYONYCHIA CONGENITA 3,disease
23465,C3714976,ACTIVATED PI3K-DELTA SYNDROME,disease
23466,C3714980,BARDET-BIEDL SYNDROME 17,disease
23467,C3714987,BONE MINERAL DENSITY QUANTITATIVE TRAIT LOCUS 17,phenotype
23470,C3714995,"CARDIOMYOPATHY, DILATED, 1KK",disease
23472,C3715049,"CEROID LIPOFUSCINOSIS, NEURONAL, 13",disease
23474,C3715082,"EPIDERMOLYSIS BULLOSA SIMPLEX, AUTOSOMAL RECESSIVE 1",disease
23475,C3715128,"HYPOCALCEMIA, AUTOSOMAL DOMINANT 1",disease
23478,C3715156,AMYOTROPHIC LATERAL SCLEROSIS 20,disease
23480,C3715165,LEFT VENTRICULAR NONCOMPACTION 10,disease
23512,C3805278,Extrahepatic Cholangiocarcinoma,disease
23516,C3805373,CATARACT 13 WITH ADULT i PHENOTYPE,disease
23518,C3805410,"CATARACT 20, MULTIPLE TYPES",disease
23522,C3805432,"COLOBOMA, OCULAR, WITH OR WITHOUT HEARING IMPAIRMENT, CLEFT LIP/PALATE, AND/OR MENTAL RETARDATION",disease
23525,C3805574,Increased fracture rate,phenotype
23528,C3805639,Generalized muscle hypertrophy,phenotype
23530,C3805715,Short stepped shuffling gait,phenotype
23532,C3805727,"MEGALENCEPHALY, AUTOSOMAL DOMINANT",disease
23546,C3805919,Recurrent intrapulmonary hemorrhage,phenotype
23547,C3805969,Scapular muscle atrophy,phenotype
23549,C3806153,"ANEMIA, HYPOCHROMIC MICROCYTIC, WITH IRON OVERLOAD 1",disease
23554,C3806218,Episodic tachypnea,phenotype
23555,C3806221,Giant melanosomes in melanocytes,phenotype
23559,C3806285,Recurrent infections due to aspiration,disease
23561,C3806301,Scarring alopecia of scalp,phenotype
23563,C3806347,Hyperhomocystinemia,phenotype
23564,C3806402,"EPILEPSY, FOCAL, WITH SPEECH DISORDER AND WITH OR WITHOUT MENTAL RETARDATION",disease
23565,C3806403,Continuous spike and waves during slow sleep,disease
23566,C3806412,"MACROCEPHALY/MEGALENCEPHALY SYNDROME, AUTOSOMAL RECESSIVE",disease
23570,C3806447,Increased urinary taurine,phenotype
23572,C3806467,Respiratory insufficiency due to muscle weakness,phenotype
23573,C3806482,Recurrent respiratory infections,phenotype
23574,C3806510,Horizontal ribs,phenotype
23581,C3806604,Infantile axial hypotonia,phenotype
23583,C3806634,"DEAFNESS, DYSTONIA, AND CEREBRAL HYPOMYELINATION",disease
23585,C3806670,PAROXYSMAL NOCTURNAL HEMOGLOBINURIA 1,disease
23586,C3806688,Solute carrier family 35 member A2 congenital disorder of glycosylation,disease
23587,C3806702,"CHARCOT-MARIE-TOOTH DISEASE, X-LINKED DOMINANT, 6",disease
23588,C3806711,"ANGIOEDEMA INDUCED BY ACE INHIBITORS, SUSCEPTIBILITY TO",phenotype
23590,C3806722,"PARKINSONISM WITH SPASTICITY, X-LINKED",disease
23591,C3806730,"MENTAL RETARDATION, X-LINKED 98",disease
23592,C3806737,"DEAFNESS, X-LINKED 6",disease
23595,C3806746,"MENTAL RETARDATION, X-LINKED 99",disease
23596,C3806917,CRANIOSYNOSTOSIS 4,disease
23599,C3807025,Intermittent episodes of respiratory insufficiency due to muscle weakness,phenotype
23603,C3807295,"CEREBELLAR ATAXIA, DEAFNESS, AND NARCOLEPSY, AUTOSOMAL DOMINANT",disease
23606,C3807521,AMYOTROPHIC LATERAL SCLEROSIS 21,disease
23608,C3807567,"PARTIAL LIPODYSTROPHY, CONGENITAL CATARACTS, AND NEURODEGENERATION SYNDROME",disease
23611,C3807873,FOVEAL HYPOPLASIA 2,disease
23612,C3807907,CAP MYOPATHY 2,disease
23613,C3807980,Apneic episodes in infancy,phenotype
23615,C3808022,Episodic abdominal pain,phenotype
23617,C3808046,Breathing dysregulation,phenotype
23623,C3808184,"MENTAL RETARDATION, AUTOSOMAL DOMINANT 22",disease
23624,C3808249,Abnormality of the optic disc,phenotype
23625,C3808250,Reduced forced vital capacity,phenotype
23628,C3808397,"CORTICAL DYSPLASIA, COMPLEX, WITH OTHER BRAIN MALFORMATIONS 1",disease
23629,C3808403,Large fleshy ears,phenotype
23631,C3808414,PERRAULT SYNDROME 3,disease
23634,C3808548,Poor respiratory effort,phenotype
23635,C3808553,Bone marrow failure syndrome 1,disease
23636,C3808589,IMMUNODEFICIENCY 32A,disease
23641,C3808800,"CATARACT 39, MULTIPLE TYPES",disease
23645,C3808844,"OSTEOGENESIS IMPERFECTA, TYPE XV",disease
23647,C3808876,"PALMOPLANTAR CARCINOMA, MULTIPLE SELF-HEALING",disease
23654,C3808940,"LIPODYSTROPHY, FAMILIAL PARTIAL, TYPE 5",disease
23657,C3808964,"MUSCULAR DYSTROPHY-DYSTROGLYCANOPATHY (CONGENITAL WITH BRAIN AND EYE ANOMALIES), TYPE A, 12",disease
23660,C3808977,"CEREBELLAR ATAXIA, MENTAL RETARDATION, AND DYSEQUILIBRIUM SYNDROME 4",disease
23661,C3808981,HYPOGONADOTROPIC HYPOGONADISM 19 WITH OR WITHOUT ANOSMIA,disease
23664,C3808988,"FANCONI ANEMIA, COMPLEMENTATION GROUP Q",disease
23665,C3808991,NGLY1 deficiency,disease
23666,C3809001,"CATARACT 15, MULTIPLE TYPES",disease
23670,C3809007,CARDIOFACIOCUTANEOUS SYNDROME 4,disease
23672,C3809013,"CORTICAL DYSPLASIA, COMPLEX, WITH OTHER BRAIN MALFORMATIONS 2",disease
23673,C3809031,"NEUTROPENIA, SEVERE CONGENITAL, 5, AUTOSOMAL RECESSIVE",disease
23678,C3809092,ADAMS-OLIVER SYNDROME 4,disease
23679,C3809104,"SYMPHALANGISM, PROXIMAL, 1B",disease
23681,C3809147,DOWLING-DEGOS DISEASE 2,disease
23685,C3809181,"Caused by mutation in the TBC1 domain family, member 24 gene (TBC1D24, 613577.0004)",phenotype
23686,C3809192,"PULMONARY HYPERTENSION, PRIMARY, 3",disease
23688,C3809199,"PRECOCIOUS PUBERTY, CENTRAL, 2",disease
23689,C3809209,NEMALINE MYOPATHY 8,disease
23690,C3809210,"EHLERS-DANLOS SYNDROME, SPONDYLODYSPLASTIC TYPE, 2",disease
23691,C3809216,"MUSCULAR DYSTROPHY-DYSTROGLYCANOPATHY (CONGENITAL WITH BRAIN AND EYE ANOMALIES), TYPE A, 14",disease
23692,C3809221,"MUSCULAR DYSTROPHY-DYSTROGLYCANOPATHY (CONGENITAL WITH MENTAL RETARDATION), TYPE B, 14",disease
23693,C3809233,NOONAN SYNDROME 8,disease
23694,C3809243,"HYPOCALCEMIA, AUTOSOMAL DOMINANT 2",disease
23697,C3809278,"EPILEPTIC ENCEPHALOPATHY, CHILDHOOD-ONSET",disease
23698,C3809288,LEFT VENTRICULAR NONCOMPACTION 8,disease
23700,C3809299,CONE-ROD DYSTROPHY 18,disease
23706,C3809327,"SPINOCEREBELLAR ATAXIA, AUTOSOMAL RECESSIVE 14",disease
23707,C3809332,T-CELL RECEPTOR-ALPHA/BETA DEFICIENCY,disease
23708,C3809339,COMBINED OXIDATIVE PHOSPHORYLATION DEFICIENCY 16,disease
23710,C3809352,"MECKEL SYNDROME, TYPE 11",disease
23711,C3809356,MULTIPLE CONGENITAL ANOMALIES-HYPOTONIA-SEIZURES SYNDROME 3,disease
23714,C3809383,IMMUNODEFICIENCY 8,disease
23715,C3809394,DYSCHROMATOSIS UNIVERSALIS HEREDITARIA 3,disease
23716,C3809414,"CORTICAL DYSPLASIA, COMPLEX, WITH OTHER BRAIN MALFORMATIONS 3",disease
23719,C3809431,"MICROCEPHALY 11, PRIMARY, AUTOSOMAL RECESSIVE",disease
23720,C3809434,RENAL-HEPATIC-PANCREATIC DYSPLASIA 2,disease
23721,C3809443,"MITOCHONDRIAL DNA DEPLETION SYNDROME 12B (CARDIOMYOPATHIC TYPE), AUTOSOMAL RECESSIVE",disease
23723,C3809464,"MYOPIA 22, AUTOSOMAL DOMINANT",disease
23725,C3809469,INCLUSION BODY MYOPATHY WITH EARLY-ONSET PAGET DISEASE WITH OR WITHOUT FRONTOTEMPORAL DEMENTIA 3,disease
23726,C3809470,"EPIDERMOLYSIS BULLOSA SIMPLEX, AUTOSOMAL RECESSIVE 2",disease
23727,C3809482,"MYOPIA 23, AUTOSOMAL RECESSIVE",disease
23728,C3809483,SPECIFIC LANGUAGE IMPAIRMENT 5,disease
23730,C3809522,INFANTILE LIVER FAILURE SYNDROME 1,disease
23735,C3809548,"CILIARY DYSKINESIA, PRIMARY, 23",disease
23737,C3809567,"MICROCORNEA, MYOPIC CHORIORETINAL ATROPHY, AND TELECANTHUS",disease
23739,C3809592,FBXL4-related encephalomyopathic mitochondrial DNA depletion syndrome,disease
23740,C3809606,"EPILEPTIC ENCEPHALOPATHY, EARLY INFANTILE, 17",disease
23742,C3809624,"EPILEPTIC ENCEPHALOPATHY, EARLY INFANTILE, 18",disease
23743,C3809634,"CILIARY DYSKINESIA, PRIMARY, 24",disease
23744,C3809641,"CILIARY DYSKINESIA, PRIMARY, 25",disease
23746,C3809650,BAINBRIDGE-ROPERS SYNDROME,disease
23747,C3809651,INFANTILE LIVER FAILURE SYNDROME 2,disease
23749,C3809655,"CHARCOT-MARIE-TOOTH DISEASE, AXONAL, TYPE 2R",disease
23750,C3809665,"SPASTIC PARAPLEGIA 79, AUTOSOMAL RECESSIVE",disease
23751,C3809672,"MENTAL RETARDATION, AUTOSOMAL RECESSIVE 37",disease
23753,C3809686,"MENTAL RETARDATION, AUTOSOMAL DOMINANT 21",disease
23756,C3809706,"CILIARY DYSKINESIA, PRIMARY, 28",disease
23757,C3809710,"TELANGIECTASIA, HEREDITARY HEMORRHAGIC, TYPE 5",disease
23758,C3809715,"Spontaneous, recurrent epistaxis",phenotype
23760,C3809738,"ALACRIMA, ACHALASIA, AND MENTAL RETARDATION SYNDROME",disease
23761,C3809753,"MENTAL RETARDATION, AUTOSOMAL RECESSIVE 38",disease
23762,C3809768,IMMUNODEFICIENCY 13,disease
23768,C3809819,"CRANIOSYNOSTOSIS 5, SUSCEPTIBILITY TO",disease
23769,C3809824,"PARKINSON DISEASE 20, EARLY-ONSET",disease
23776,C3809875,VAN MALDERGEM SYNDROME 2,disease
23777,C3809877,Prader-Willi-like syndrome,disease
23778,C3809882,"NEUROPATHY, HEREDITARY SENSORY AND AUTONOMIC, TYPE VII",disease
23781,C3809899,"EPISODIC PAIN SYNDROME, FAMILIAL, 3",disease
23787,C3809965,"NEPHROTIC SYNDROME, TYPE 9",disease
23788,C3809971,ASPARAGINE SYNTHETASE DEFICIENCY,disease
23789,C3809991,"IMMUNODEFICIENCY, COMMON VARIABLE, 10",disease
23790,C3810001,COMBINED OXIDATIVE PHOSPHORYLATION DEFICIENCY 18,disease
23793,C3810023,VERHEIJ SYNDROME,disease
23797,C3810055,COMBINED OXIDATIVE PHOSPHORYLATION DEFICIENCY 19,disease
23800,C3810080,"MENTAL RETARDATION, AUTOSOMAL RECESSIVE 40",disease
23801,C3810089,MEMORY QUANTITATIVE TRAIT LOCUS,phenotype
23802,C3810090,L-FERRITIN DEFICIENCY,disease
23805,C3810127,IMMUNODEFICIENCY 18,disease
23810,C3810160,"SPASTIC PARAPLEGIA 72, AUTOSOMAL RECESSIVE",disease
23813,C3810175,SHORT-RIB THORACIC DYSPLASIA 10 WITH OR WITHOUT POLYDACTYLY,disease
23814,C3810185,"ANEMIA, CONGENITAL DYSERYTHROPOIETIC, TYPE Ib",disease
23815,C3810194,"NEUROPATHY, HEREDITARY SENSORY, TYPE IF",disease
23816,C3810200,SHORT-RIB THORACIC DYSPLASIA 11 WITH OR WITHOUT POLYDACTYLY,disease
23817,C3810212,JOUBERT SYNDROME 21,disease
23819,C3810225,"MENTAL RETARDATION, AUTOSOMAL RECESSIVE 41",disease
23820,C3810230,NEURODEGENERATION WITH BRAIN IRON ACCUMULATION 6,disease
23821,C3810242,LEUKOENCEPHALOPATHY WITH ATAXIA,disease
23824,C3810283,SCHWANNOMATOSIS 2,disease
23830,C3810324,MORBID OBESITY AND SPERMATOGENIC FAILURE,disease
23831,C3810325,"POIKILODERMA, HEREDITARY FIBROSING, WITH TENDON CONTRACTURES, MYOPATHY, AND PULMONARY FIBROSIS",disease
23837,C3810350,Bone marrow failure syndrome 2,disease
23839,C3810359,RENAL HYPODYSPLASIA/APLASIA 2,disease
23840,C3810363,"Optic atrophy, intellectual disability syndrome",disease
23841,C3810365,Central visual impairment,disease
23845,C3810384,NEMALINE MYOPATHY 9,disease
23846,C3810394,"PALMOPLANTAR KERATODERMA, NONEPIDERMOLYTIC, FOCAL OR DIFFUSE",disease
23847,C3810400,"EPILEPTIC ENCEPHALOPATHY, EARLY INFANTILE, 19",disease
23850,C3810403,MOYAMOYA DISEASE 6 WITH OR WITHOUT ACHALASIA,disease
23852,C3810405,"POLYMICROGYRIA, BILATERAL PERISYLVIAN, AUTOSOMAL RECESSIVE",disease
23853,C3810406,"MENTAL RETARDATION, AUTOSOMAL DOMINANT 23",disease
23854,C3810407,"CORTICAL DYSPLASIA, COMPLEX, WITH OTHER BRAIN MALFORMATIONS 5",disease
23855,C3810428,Hyperlaxity,phenotype
23872,C3814530,Skin Vesicle,phenotype
23876,C3815172,Interleukin 1 Beta Measurement,phenotype
23878,C3822559,response to epirubicin,phenotype
23957,C3828530,Platelet Component Distribution Width Measurement,phenotype
23964,C3830362,Early Pregnancy Loss,phenotype
23972,C3837958,"Diabetes Mellitus, Ketosis-Prone",disease
23994,C3839460,Nonprogressive,phenotype
24006,C3839753,Abnormality of nail of toe,phenotype
24016,C3840083,Late closure of anterior fontanel,phenotype
24027,C3841475,beta^+^ Thalassemia,disease
24043,C3850153,Ovarian Reserve,phenotype
24047,C3852985,Occlusive Mesenteric Arterial Ischemia,disease
24050,C3853041,Severe Congenital Microcephaly,disease
24054,C3853779,Neonatal Alloimmune Thrombocytopenia,disease
24078,C3860213,Autoinflammatory disorder,disease
24079,C3862275,"SYSTEMIC LUPUS ERYTHEMATOSUS, SUSCEPTIBILITY TO",phenotype
24115,C3875321,Inflammatory dermatosis,disease
24119,C3887461,Head and Neck Carcinoma,disease
24120,C3887485,"MIGRAINE WITH OR WITHOUT AURA, SUSCEPTIBILITY TO, 1",phenotype
24121,C3887487,Postaxial polydactyly type A,disease
24122,C3887489,Clubbing of toes,disease
24124,C3887494,"ECTODERMAL DYSPLASIA 10B, HYPOHIDROTIC/HAIR/TOOTH TYPE, AUTOSOMAL RECESSIVE",disease
24125,C3887496,Oligodactyly,disease
24128,C3887499,Renal cyst,phenotype
24131,C3887506,Hyperkinesia,phenotype
24132,C3887513,Avascular necrosis,phenotype
24136,C3887523,Very long chain acyl-CoA dehydrogenase deficiency,disease
24137,C3887524,Skin Erosion,disease
24139,C3887526,OSTEOARTHRITIS SUSCEPTIBILITY 2,phenotype
24140,C3887527,Fused cervical vertebrae,disease
24146,C3887590,Stricture of ureter,disease
24151,C3887612,Psychomotor Agitation,phenotype
24155,C3887640,Astrocytosis,phenotype
24157,C3887645,Job Syndrome,disease
24158,C3887650,Adult Rickets,disease
24159,C3887654,"POLYARTERITIS NODOSA, CHILDHOOD-ONSET",disease
24165,C3887709,Optic Neuropathy,disease
24170,C3887873,Hearing Loss,phenotype
24171,C3887875,Visual field defects,group
24173,C3887892,Aortic Valve Disease 1,disease
24176,C3887898,Infantile Spasm,disease
24180,C3887937,"CONE DYSTROPHY 5, X-LINKED",disease
24182,C3887939,"MENTAL RETARDATION, X-LINKED 41",disease
24183,C3887942,"GLAUCOMA 1, OPEN ANGLE, B",disease
24186,C3887949,Apparent mineralocorticoid excess,disease
24188,C3887964,POLYCYSTIC KIDNEY DISEASE 3 WITH OR WITHOUT POLYCYSTIC LIVER DISEASE,disease
24192,C3887992,THYROTROPIN-RELEASING HORMONE DEFICIENCY,disease
24195,C3888004,HERMANSKY-PUDLAK SYNDROME 5,disease
24196,C3888007,HERMANSKY-PUDLAK SYNDROME 6,disease
24197,C3888018,Congenital Hyperinsulinism,disease
24199,C3888026,HERMANSKY-PUDLAK SYNDROME 8,disease
24202,C3888065,"ECTODERMAL DYSPLASIA 10A, HYPOHIDROTIC/HAIR/NAIL TYPE, AUTOSOMAL DOMINANT",disease
24205,C3888087,"Charcot-Marie-Tooth disease, Type 2I",disease
24206,C3888088,SMITH-MCCORT DYSPLASIA 1,disease
24207,C3888090,Early onset torsion dystonia,disease
24208,C3888093,"ICHTHYOSIS, CONGENITAL, AUTOSOMAL RECESSIVE 2",disease
24211,C3888099,Autosomal dominant vitreoretinochoroidopathy,disease
24212,C3888102,Frontotemporal Dementia With Motor Neuron Disease,disease
24220,C3888197,LOW DENSITY LIPOPROTEIN CHOLESTEROL LEVEL QUANTITATIVE TRAIT LOCUS 3,phenotype
24221,C3888198,"BESTROPHINOPATHY, AUTOSOMAL RECESSIVE",disease
24227,C3888212,SECKEL SYNDROME 4,disease
24228,C3888239,"HIRSCHSPRUNG DISEASE, SUSCEPTIBILITY TO, 1",disease
24229,C3888244,AICARDI-GOUTIERES SYNDROME 7,disease
24232,C3888308,"CEREBRAL AMYLOID ANGIOPATHY, APP-RELATED, ITALIAN VARIANT",disease
24235,C3888317,"Sialidosis, type 2",disease
24238,C3888385,PEROXISOME BIOGENESIS DISORDER 7A (ZELLWEGER),disease
24242,C3888417,"CATARACT 5, MULTIPLE TYPES",disease
24260,C3888631,Monogenic diabetes,disease
24295,C3889615,TRANSFERRIN VARIANT D1 PHENOTYPE,phenotype
24297,C3889619,TRANSFERRIN VARIANT Bv PHENOTYPE,phenotype
24305,C3890167,"MENTAL RETARDATION, X-LINKED 100",disease
24308,C3890205,"Polyarticular Juvenile Idiopathic Arthritis, Rheumatoid Factor Negative",disease
24312,C3890591,NEPHRONOPHTHISIS 18,disease
24322,C3891448,"NEURAL TUBE DEFECTS, SUSCEPTIBILITY TO",disease
24332,C3892048,"DEAFNESS, AUTOSOMAL DOMINANT 65",disease
24336,C3894553,response to simvastatin,phenotype
24346,C3897558,Soluble Interleukin 6 Receptor Measurement,phenotype
24359,C3898105,Oligoarticular Juvenile Idiopathic Arthritis,disease
24416,C3900122,Acid-Labile Subunit Deficiency,disease
24417,C4011403,"AMELOGENESIS IMPERFECTA, TYPE IA",disease
24419,C4011556,Abnormal eyebrow morphology,group
24424,C4011949,IMMUNODEFICIENCY 27A,disease
24427,C4012054,"NEUROPATHY, HEREDITARY SENSORY AND AUTONOMIC, TYPE IID",phenotype
24428,C4012146,DESBUQUOIS DYSPLASIA 1,disease
24435,C4012727,MEGALENCEPHALY-POLYMICROGYRIA-POLYDACTYLY-HYDROCEPHALUS SYNDROME 1,disease
24436,C4012790,Ataxia-Telangiectasisa-Like Disorder 1,disease
24438,C4013035,BRAIN SMALL VESSEL DISEASE WITH OR WITHOUT OCULAR ANOMALIES,disease
24441,C4013360,"GIANT AXONAL NEUROPATHY 2, AUTOSOMAL DOMINANT",disease
24445,C4013473,"EPILEPSY, IDIOPATHIC GENERALIZED, SUSCEPTIBILITY TO, 13",disease
24451,C4013947,IMMUNODEFICIENCY 28,disease
24453,C4013949,IMMUNODEFICIENCY 30,disease
24454,C4013950,IMMUNODEFICIENCY 31A,disease
24455,C4013993,Bilateral striatal necrosis,phenotype
24457,C4014239,"MICROCEPHALY, PROGRESSIVE, WITH SEIZURES AND CEREBRAL AND CEREBELLAR ATROPHY",disease
24459,C4014261,"SPINOCEREBELLAR ATAXIA, AUTOSOMAL RECESSIVE 16",disease
24461,C4014283,"CORTICAL DYSPLASIA, COMPLEX, WITH OTHER BRAIN MALFORMATIONS 6",disease
24464,C4014310,"CONGENITAL HEART DEFECTS, MULTIPLE TYPES, 4",disease
24466,C4014321,WHITE SPONGE NEVUS 2,disease
24468,C4014343,"MENTAL RETARDATION, AUTOSOMAL RECESSIVE 42",disease
24470,C4014354,"PONTOCEREBELLAR HYPOPLASIA, TYPE 9",disease
24472,C4014371,IMMUNODEFICIENCY 23,disease
24474,C4014393,"CARDIOMYOPATHY, DILATED, WITH WOOLLY HAIR, KERATODERMA, AND TOOTH AGENESIS",disease
24477,C4014419,"AHDC1-related intellectual disability, obstructive sleep apnea, mild dysmorphism syndrome",disease
24478,C4014425,"PIGMENTED NODULAR ADRENOCORTICAL DISEASE, PRIMARY, 4",disease
24479,C4014430,"EPILEPTIC ENCEPHALOPATHY, EARLY INFANTILE, 21",disease
24480,C4014435,"MENTAL RETARDATION, AUTOSOMAL DOMINANT 26",disease
24481,C4014440,"MITOCHONDRIAL COMPLEX III DEFICIENCY, NUCLEAR TYPE 8",disease
24484,C4014476,"MELANOMA, CUTANEOUS MALIGNANT, SUSCEPTIBILITY TO, 10",disease
24485,C4014479,CULLER-JONES SYNDROME,disease
24487,C4014492,"EPILEPTIC ENCEPHALOPATHY, EARLY INFANTILE, 23",disease
24489,C4014507,"NEPHROTIC SYNDROME, TYPE 10",disease
24490,C4014516,"DIARRHEA 7, PROTEIN-LOSING ENTEROPATHY TYPE",disease
24491,C4014528,"MENTAL RETARDATION, AUTOSOMAL DOMINANT 27",disease
24492,C4014531,"EPILEPTIC ENCEPHALOPATHY, EARLY INFANTILE, 24",disease
24494,C4014538,"ADNP-related multiple congenital anomalies, intellectual disability, autism spectrum disorder",disease
24496,C4014545,Tatton Brown Rahman syndrome,disease
24498,C4014557,"MYOPATHY, TUBULAR AGGREGATE, 2",disease
24499,C4014563,HYPOTRICHOSIS 12,disease
24501,C4014584,"BLEEDING DISORDER, PLATELET-TYPE, 18",disease
24506,C4014621,"EPILEPTIC ENCEPHALOPATHY, EARLY INFANTILE, 25, WITH AMELOGENESIS IMPERFECTA",disease
24507,C4014641,DIAMOND-BLACKFAN ANEMIA 13,disease
24508,C4014648,FRONTOTEMPORAL DEMENTIA AND/OR AMYOTROPHIC LATERAL SCLEROSIS 2,disease
24509,C4014650,Abnormal mitochondrial morphology,phenotype
24510,C4014656,"CARDIOMYOPATHY, DILATED, 1NN",disease
24514,C4014681,RETINITIS PIGMENTOSA 70,disease
24515,C4014690,"EPIPHYSEAL CHONDRODYSPLASIA, MIURA TYPE",disease
24518,C4014722,"STING-ASSOCIATED VASCULOPATHY, INFANTILE-ONSET",disease
24519,C4014733,Follicular hyperplasia,phenotype
24520,C4014738,MEGALENCEPHALY-POLYMICROGYRIA-POLYDACTYLY-HYDROCEPHALUS SYNDROME 2,disease
24523,C4014762,"MYOPIA 24, AUTOSOMAL DOMINANT",disease
24524,C4014767,"HYPERLIPOPROTEINEMIA, TYPE ID",disease
24526,C4014795,"AUTOIMMUNE DISEASE, MULTISYSTEM, INFANTILE-ONSET, 1",disease
24527,C4014803,ACTH-INDEPENDENT MACRONODULAR ADRENAL HYPERPLASIA 2,disease
24528,C4014814,"MYOPATHY, CENTRONUCLEAR, 5",disease
24529,C4014821,"Cerebellar ataxia, intellectual disability, oculomotor apraxia, cerebellar cysts syndrome",disease
24533,C4014856,CONE-ROD DYSTROPHY 20,disease
24539,C4014925,FOCAL SEGMENTAL GLOMERULOSCLEROSIS 7,disease
24543,C4014954,"NEUTROPENIA, SEVERE CONGENITAL, 6, AUTOSOMAL RECESSIVE",disease
24546,C4014970,ADAMS-OLIVER SYNDROME 5,disease
24552,C4015016,"CILIARY DYSKINESIA, PRIMARY, 30",disease
24553,C4015019,NEU-LAXOVA SYNDROME 2,disease
24556,C4015050,"DEAFNESS, AUTOSOMAL RECESSIVE 103",disease
24558,C4015067,AUTOINFLAMMATION WITH INFANTILE ENTEROCOLITIS,disease
24559,C4015080,"MICROCEPHALY 13, PRIMARY, AUTOSOMAL RECESSIVE",disease
24566,C4015129,"46,XY SEX REVERSAL 9",disease
24567,C4015130,"INFLAMMATORY SKIN AND BOWEL DISEASE, NEONATAL, 2",disease
24570,C4015146,RETINAL DYSTROPHY WITH INNER RETINAL DYSFUNCTION AND GANGLION CELL ABNORMALITIES,disease
24571,C4015156,"MICROCEPHALY 12, PRIMARY, AUTOSOMAL RECESSIVE",disease
24573,C4015167,"MENTAL RETARDATION, AUTOSOMAL DOMINANT 30",disease
24575,C4015183,"DIABETES MELLITUS, NONINSULIN-DEPENDENT, 5",disease
24576,C4015184,"MUSCULAR DYSTROPHY-DYSTROGLYCANOPATHY (LIMB-GIRDLE), TYPE C, 12",disease
24579,C4015202,PALMOPLANTAR KERATODERMA AND WOOLLY HAIR,disease
24581,C4015214,CTLA4 Haploinsufficiency,disease
24586,C4015276,FAMILIAL COLD AUTOINFLAMMATORY SYNDROME 4,disease
24587,C4015283,"MENTAL RETARDATION, AUTOSOMAL RECESSIVE 46",disease
24588,C4015285,CARDIAC CONDUCTION DISEASE WITH OR WITHOUT DILATED CARDIOMYOPATHY,disease
24591,C4015301,"SPINOCEREBELLAR ATAXIA, AUTOSOMAL RECESSIVE 17",disease
24592,C4015307,PERRAULT SYNDROME 5,disease
24593,C4015316,"EPILEPTIC ENCEPHALOPATHY, EARLY INFANTILE, 27",disease
24598,C4015349,"CHARCOT-MARIE-TOOTH DISEASE, AXONAL, TYPE 2S",disease
24599,C4015357,"MENTAL RETARDATION, AUTOSOMAL DOMINANT 31",disease
24600,C4015360,NEMALINE MYOPATHY 10,disease
24602,C4015371,MACULAR DYSTROPHY WITH CENTRAL CONE INVOLVEMENT,disease
24603,C4015388,"MICROCEPHALY AND CHORIORETINOPATHY, AUTOSOMAL RECESSIVE, 2",disease
24606,C4015409,OVARIAN DYSGENESIS 4,disease
24607,C4015420,"EPILEPSY, PROGRESSIVE MYOCLONIC 7",disease
24608,C4015424,RETINAL DYSTROPHY AND OBESITY,disease
24609,C4015436,"ATAXIA, COMBINED CEREBELLAR AND PERIPHERAL, WITH HEARING LOSS AND DIABETES MELLITUS",disease
24612,C4015452,POLYGLUCOSAN BODY MYOPATHY 2,disease
24613,C4015461,RUIJS-AALFS SYNDROME,disease
24617,C4015495,CEREBELLOFACIODENTAL SYNDROME,disease
24618,C4015505,"SPINOCEREBELLAR ATAXIA, AUTOSOMAL RECESSIVE 18",disease
24619,C4015512,AMYOTROPHIC LATERAL SCLEROSIS 22 WITH OR WITHOUT FRONTOTEMPORAL DEMENTIA,disease
24620,C4015513,"MYOPATHY, ISOLATED MITOCHONDRIAL, AUTOSOMAL DOMINANT",disease
24621,C4015519,"EPILEPTIC ENCEPHALOPATHY, EARLY INFANTILE, 28",disease
24622,C4015525,LISSENCEPHALY 6 WITH MICROCEPHALY,disease
24623,C4015537,THROMBOCYTOPENIA 5,disease
24624,C4015542,NEPHRONOPHTHISIS 19,disease
24625,C4015552,"FIBROSIS OF EXTRAOCULAR MUSCLES, CONGENITAL, 5",disease
24629,C4015596,"MYASTHENIC SYNDROME, CONGENITAL, 15",disease
24631,C4015610,"OSTEOGENESIS IMPERFECTA, TYPE XVI",disease
24634,C4015635,"CHARCOT-MARIE-TOOTH DISEASE, AXONAL, TYPE 2T",disease
24635,C4015643,COMBINED OXIDATIVE PHOSPHORYLATION DEFICIENCY 24,disease
24636,C4015671,LONG QT SYNDROME 14,disease
24639,C4015695,LONG QT SYNDROME 15,disease
24640,C4015701,MECKEL SYNDROME 12,disease
24643,C4015728,"NEUROLOGIC, ENDOCRINE, AND PANCREATIC DISEASE, MULTISYSTEM, INFANTILE-ONSET",disease
24647,C4015779,"PROSTATE CANCER, SOMATIC",disease
24649,C4015781,"ALZHEIMER DISEASE, FAMILIAL, 3, WITH UNUSUAL PLAQUES",disease
24652,C4015793,ANTICHYMOTRYPSIN BOCHUM 1 PHENOTYPE,phenotype
24654,C4015831,APOLIPOPROTEIN A-I (MARBURG) PHENOTYPE,phenotype
24655,C4015832,APOLIPOPROTEIN A-I (MUNSTER4) PHENOTYPE,phenotype
24663,C4015869,APOE2-DUNEDIN PHENOTYPE,phenotype
24668,C4015884,"DIABETES INSIPIDUS, NEPHROGENIC, AUTOSOMAL RECESSIVE",disease
24670,C4015898,"RENAL TUBULAR ACIDOSIS, AUTOSOMAL DOMINANT",phenotype
24675,C4015920,"RHD, WEAK D, TYPE I",phenotype
24678,C4015932,CARBONIC ANHYDRASE I DEFICIENCY,disease
24681,C4015949,"OSTEOGENESIS IMPERFECTA, TYPE IIC",disease
24702,C4016054,Neonatal Marfan syndrome,disease
24703,C4016055,"MARFAN SYNDROME, ATYPICAL",disease
24704,C4016056,"MARFAN SYNDROME, MILD",disease
24710,C4016104,HYPOGONADOTROPIC HYPOGONADISM 2 WITH ANOSMIA,disease
24713,C4016112,"GLUCOCORTICOID RESISTANCE, CELLULAR",phenotype
24719,C4016148,"ALPHA-THALASSEMIA-2, NONDELETIONAL",disease
24726,C4016211,"IgG RECEPTOR I, PHAGOCYTIC, FAMILIAL DEFICIENCY OF",phenotype
24732,C4016231,"GLIOBLASTOMA MULTIFORME, SOMATIC",disease
24746,C4016279,LEPTIN DYSFUNCTION,disease
24764,C4016344,PFEIFFER SYNDROME VARIANT,phenotype
24786,C4016424,"HYPERLIPIDEMIA, FAMILIAL COMBINED, SUSCEPTIBILITY TO",phenotype
24789,C4016431,CEREBELLAR ATAXIA AND MENTAL RETARDATION WITH QUADRUPEDAL LOCOMOTION 1,disease
24794,C4016442,"MAPLE SYRUP URINE DISEASE, CLASSIC, TYPE IB",disease
24795,C4016444,GHOSAL HEMATODIAPHYSEAL SYNDROME,disease
24797,C4016452,"MENTAL RETARDATION-HYPOTONIC FACIES SYNDROME, X-LINKED",disease
24817,C4016601,"SIDEROBLASTIC ANEMIA, ACQUIRED IDIOPATHIC",disease
24849,C4016660,"EPIPHYSEAL DYSPLASIA, MULTIPLE, 1, SEVERE",disease
24854,C4016684,"MONOCARBOXYLATE TRANSPORTER 1 DEFICIENCY, AUTOSOMAL DOMINANT",disease
24863,C4016716,"CHARCOT-MARIE-TOOTH DISEASE, TYPE 1A, AUTOSOMAL RECESSIVE",phenotype
24869,C4016735,"DIABETES MELLITUS, NONINSULIN-DEPENDENT, MODIFIER OF",phenotype
24870,C4016741,IMMUNODEFICIENCY 32B,disease
24892,C4016819,"MEGALOBLASTIC ANEMIA 1, FINNISH TYPE",disease
24894,C4016834,"CITRULLINEMIA, MILD",disease
24897,C4016839,"EXUDATIVE VITREORETINOPATHY 4, AUTOSOMAL RECESSIVE",disease
24908,C4016893,"OBESITY, MILD, EARLY-ONSET",phenotype
24920,C4016939,"CONGENITAL DISORDER OF GLYCOSYLATION, TYPE IIf, MODIFIER OF",phenotype
24923,C4016948,"MEGALOBLASTIC ANEMIA 1, NORWEGIAN TYPE",disease
24926,C4016963,"HYPERTRIGLYCERIDEMIA, SUSCEPTIBILITY TO",phenotype
24928,C4016970,"MUSCULAR DYSTROPHY-DYSTROGLYCANOPATHY (CONGENITAL WITHOUT MENTAL RETARDATION), TYPE B, 5",phenotype
24932,C4016984,"HYPOGONADOTROPIC HYPOGONADISM 18 WITH ANOSMIA, SUSCEPTIBILITY TO",phenotype
24935,C4016992,"CHEDIAK-HIGASHI SYNDROME, CHILDHOOD TYPE",phenotype
24939,C4017059,"CEROID LIPOFUSCINOSIS, NEURONAL, 3, PROTRACTED",disease
24942,C4017066,"ANIRIDIA, ATYPICAL",disease
24955,C4017093,"METACHROMATIC LEUKODYSTROPHY, LATE-ONSET",disease
24963,C4017114,"GLYCOGEN STORAGE DISEASE IV, NONPROGRESSIVE HEPATIC",phenotype
24965,C4017117,"GLYCOGEN STORAGE DISEASE IV, FATAL PERINATAL NEUROMUSCULAR",phenotype
24967,C4017127,"CANAVAN DISEASE, MILD",phenotype
24987,C4017253,"MUCOPOLYSACCHARIDOSIS, TYPE VI, SEVERE",disease
25001,C4017302,HYPOGONADOTROPIC HYPOGONADISM 22 WITH ANOSMIA,disease
25009,C4017331,"ANGIOFIBROMA, SOMATIC",disease
25012,C4017360,"APPARENT MINERALOCORTICOID EXCESS, MILD",phenotype
25021,C4017510,BETA-MALAY-THALASSEMIA,disease
25037,C4017656,"ALDOSTERONE-PRODUCING ADRENAL ADENOMA, SOMATIC",disease
25044,C4017847,"METACHROMATIC LEUKODYSTROPHY, MILD",disease
25048,C4018871,Abnormality of the respiratory system,disease
25052,C4019436,Antiphospholipid antibody positivity,phenotype
25060,C4020730,Increased intramyocellular lipid droplets,phenotype
25074,C4020800,Decreased activity of mitochondrial complex IV,phenotype
25077,C4020825,Irregular capital femoral epiphysis,disease
25080,C4020847,Abnormality of pelvic girdle bone morphology,disease
25083,C4020869,Abnormality of abdomen morphology,disease
25088,C4020900,Abnormality of the upper limb,phenotype
25092,C4020908,Hypointensity of cerebral white matter on MRI,phenotype
25104,C4020949,Abnormal emotion/affect behavior,phenotype
25113,C4020962,Enlarged thorax,phenotype
25117,C4020968,Abnormal localization of kidney,disease
25128,C4021029,Conspicuously happy disposition,phenotype
25129,C4021030,Type III lissencephaly,disease
25145,C4021066,Narrow jaw,phenotype
25148,C4021072,Agenesis of canine,phenotype
25150,C4021076,Iron accumulation in brain,phenotype
25151,C4021081,Absent nail of hallux,disease
25152,C4021082,Fatty replacement of skeletal muscle,phenotype
25154,C4021085,Abnormality of brain morphology,phenotype
25159,C4021094,Type II transferrin isoform profile,phenotype
25168,C4021107,Non-obstructive azoospermia,disease
25173,C4021124,Adrenocorticotropic hormone excess,phenotype
25174,C4021125,Secretory adrenocortical adenoma,disease
25176,C4021133,Left ventricular noncompaction cardiomyopathy,disease
25179,C4021152,Abnormal CNS myelination,disease
25185,C4021161,Multiple suture craniosynostosis,phenotype
25186,C4021164,Bicoronal synostosis,disease
25187,C4021165,Abnormality of long bone morphology,phenotype
25192,C4021171,Prominent tragus,phenotype
25200,C4021199,EEG with focal epileptiform discharges,phenotype
25202,C4021206,Chromosomal breakage induced by ionizing radiation,phenotype
25206,C4021217,EEG with generalized slow activity,phenotype
25207,C4021219,Multifocal epileptiform discharges,phenotype
25215,C4021230,Ectopic lacrimal punctum,phenotype
25222,C4021242,Hypoplasia of the zygomatic bone,disease
25223,C4021243,Abnormality of thalamus morphology,disease
25227,C4021249,Anterior pituitary agenesis,phenotype
25232,C4021254,Cutaneous finger syndactyly,disease
25238,C4021264,Abnormal ventricular septum morphology,disease
25247,C4021326,Aplasia/Hypoplasia of the distal phalanges of the toes,phenotype
25254,C4021343,Broad hallux phalanx,disease
25259,C4021376,Cleft helix,phenotype
25260,C4021377,Prominent crus of helix,disease
25261,C4021380,Abnormality of the crus of the helix,phenotype
25272,C4021399,Finger symphalangism,disease
25280,C4021435,Short middle phalanx of the 2nd finger,disease
25281,C4021438,Short distal phalanx of the 2nd finger,disease
25299,C4021523,Upper limb amyotrophy,disease
25310,C4021535,Infantile sensorineural hearing impairment,phenotype
25311,C4021536,Mild conductive hearing impairment,phenotype
25313,C4021538,Mild neurosensory hearing impairment,disease
25315,C4021541,Anterior beaking of lumbar vertebrae,disease
25317,C4021546,Abnormal mitochondria in muscle tissue,disease
25320,C4021549,Euthyroid hyperthyroxinemia,phenotype
25321,C4021550,Elevated circulating follicle stimulating hormone level,phenotype
25322,C4021551,Absence of secondary sex characteristics,phenotype
25324,C4021553,Periodic hypokalemic paresis,disease
25333,C4021565,Punctate opacification of the cornea,phenotype
25337,C4021569,Central retinal vessel vascular tortuosity,phenotype
25338,C4021570,Undetectable light- and dark-adapted electroretinogram,phenotype
25341,C4021573,Patchy hypo- and hyperpigmentation,disease
25343,C4021575,Diffuse palmoplantar hyperkeratosis,disease
25346,C4021580,Progressive extrapyramidal muscular rigidity,phenotype
25351,C4021585,Impaired distal proprioception,phenotype
25364,C4021608,Shortening of all distal phalanges of the fingers,phenotype
25367,C4021611,Abnormality of epiphysis morphology,phenotype
25369,C4021618,Polysyndactyly of hallux,disease
25370,C4021620,Clinodactyly of the 2nd toe,disease
25374,C4021624,Osteosclerosis of the base of the skull,phenotype
25376,C4021626,Lethal skeletal dysplasia,disease
25380,C4021631,Abnormal tracheobronchial morphology,disease
25383,C4021634,Abnormality of bone marrow cell morphology,disease
25387,C4021640,Intestinal hypoplasia,phenotype
25389,C4021642,Abnormality of the Achilles tendon,disease
25392,C4021648,Fava bean-induced hemolytic anemia,disease
25393,C4021649,Short fifth metatarsal,disease
25394,C4021650,Short third metatarsal,phenotype
25399,C4021655,Abnormality of the sense of smell,phenotype
25400,C4021657,Abnormality of bone mineral density,disease
25403,C4021662,Abnormal endocardium morphology,phenotype
25410,C4021692,Radial metaphyseal irregularity,disease
25414,C4021724,Cytochrome C oxidase-negative muscle fibers,phenotype
25416,C4021726,EMG: myopathic abnormalities,phenotype
25417,C4021727,EMG: neuropathic changes,phenotype
25418,C4021728,EMG: decremental response of compound muscle action potential to repetitive nerve stimulation,phenotype
25420,C4021730,Junctional split,disease
25424,C4021734,Abnormality of mitochondrial metabolism,phenotype
25425,C4021735,Abnormality of the hip bone,disease
25426,C4021736,Decreased methylcobalamin,phenotype
25427,C4021737,Chromosomal breakage induced by crosslinking agents,phenotype
25432,C4021742,Abnormality of the humerus,disease
25433,C4021744,Abnormality of the wrist,disease
25434,C4021745,Abnormality of the musculature,phenotype
25439,C4021750,Abnormality of femur morphology,disease
25442,C4021753,Abnormality of the immune system,disease
25447,C4021758,Delayed CNS myelination,disease
25448,C4021759,Generalized myoclonic seizures,disease
25450,C4021761,Morphological abnormality of the pyramidal tract,disease
25453,C4021765,Morphological abnormality of the central nervous system,group
25455,C4021767,Decreased platelet glycoprotein IIb-IIIa,phenotype
25456,C4021768,Abnormality of metabolism/homeostasis,phenotype
25458,C4021770,Clinodactyly of toe,disease
25463,C4021776,Abnormality of the voice,disease
25466,C4021780,Abnormality of the liver,phenotype
25469,C4021785,Abnormality of the metacarpal bones,disease
25470,C4021786,Atypical scarring of skin,phenotype
25473,C4021790,Abnormality of the skeletal system,disease
25478,C4021797,Abnormality of the thorax,disease
25479,C4021798,Impaired use of nonverbal behaviors,phenotype
25480,C4021799,Restrictive behavior,phenotype
25481,C4021800,Abnormality of dental enamel,group
25482,C4021801,Lacrimation abnormality,disease
25486,C4021806,Prelingual sensorineural hearing impairment,disease
25491,C4021812,Abnormality of the head,disease
25492,C4021813,Oral cleft,disease
25494,C4021815,Abnormal palate morphology,disease
25497,C4021818,Abnormality of the ovary,disease
25498,C4021820,Abnormality of reproductive system physiology,phenotype
25499,C4021821,Abnormality of the urinary system,disease
25501,C4021823,"Ambiguous genitalia, male",phenotype
25513,C4021849,Conjunctival hamartoma,disease
25519,C4021866,obsolete Abnormal heart morphology,phenotype
25523,C4021881,Agenesis of lateral incisor,phenotype
25530,C4021898,Upper limb hypertonia,phenotype
25536,C4021943,Abnormality of the xiphoid process,phenotype
25539,C4021956,Aplasia/Hypoplasia of the eyebrow,phenotype
25549,C4021971,Peripheral arteriovenous fistula,disease
25553,C4021976,Abnormality of the lymphatic system,disease
25556,C4021979,Muscular edema,phenotype
25564,C4021998,Lack of skin elasticity,phenotype
25567,C4022003,Erectile abnormalities,disease
25570,C4022010,Maternal seizures,phenotype
25572,C4022012,Death in early adulthood,phenotype
25573,C4022013,Multiple glomerular cysts,phenotype
25576,C4022016,Abnormality of the preputium,disease
25577,C4022018,Telangiectasia of the skin,phenotype
25578,C4022020,Mucosal telangiectasiae,disease
25580,C4022025,Asymmetric growth,phenotype
25587,C4022114,Aplasia/hypoplasia of the proximal phalanx of the 5th toe,phenotype
25590,C4022133,Tibial deviation of the 5th toe,phenotype
25592,C4022143,Unilateral cleft palate,disease
25593,C4022148,Abnormality of the dentate nucleus,disease
25597,C4022159,Muscle fiber inclusion bodies,phenotype
25599,C4022161,Increased endomysial connective tissue,disease
25604,C4022169,EMG: myotonic discharges,phenotype
25605,C4022171,Periauricular skin pits,disease
25616,C4022395,Abnormality of the mediastinum,phenotype
25617,C4022397,Congenital malformation of the left heart,disease
25629,C4022454,Abnormality of upper limb bone,phenotype
25635,C4022484,Clinodactyly of the 4th finger,disease
25637,C4022490,Prominent coccyx,phenotype
25651,C4022547,Elevated red cell adenosine deaminase activity,phenotype
25653,C4022551,Wide penis,disease
25657,C4022560,Splanchnic vein thrombosis,disease
25671,C4022587,Fatigable weakness of respiratory muscles,phenotype
25672,C4022588,Fatigable weakness of swallowing muscles,phenotype
25674,C4022591,Fatigable weakness of bulbar muscles,phenotype
25675,C4022592,Oral motor hypotonia,phenotype
25682,C4022608,Oral cavity bleeding,phenotype
25686,C4022628,Absent muscle fiber emerin,phenotype
25688,C4022646,Reduced muscle fiber alpha dystroglycan,phenotype
25695,C4022660,Autoimmune antibody positivity,phenotype
25700,C4022666,Partial absence of foot,phenotype
25703,C4022675,Increased female libido,phenotype
25718,C4022699,Sperm tail anomaly,phenotype
25724,C4022715,Hypoplastic female external genitalia,disease
25729,C4022728,Abnormal upper to lower segment ratio,phenotype
25731,C4022733,Widened cerebral subarachnoid space,phenotype
25732,C4022735,Cerebral white matter atrophy,disease
25735,C4022738,Neurodevelopmental delay,phenotype
25738,C4022744,Focal T2 hypointense basal ganglia lesion,phenotype
25739,C4022745,Abnormal basal ganglia MRI signal intensity,phenotype
25741,C4022748,Focal T2 hyperintense brainstem lesion,phenotype
25744,C4022751,Ectopic anterior pituitary gland,disease
25746,C4022755,Functional abnormality of the gastrointestinal tract,phenotype
25752,C4022763,Elevated brain choline level by MRS,phenotype
25754,C4022765,Abnormality of the subarachnoid space,phenotype
25759,C4022771,Decreased thalamic volume,phenotype
25761,C4022775,Focal T2 hypointense thalamic lesion,phenotype
25764,C4022792,Reduced ejection fraction,phenotype
25770,C4022810,Abnormality of nervous system morphology,disease
25781,C4022849,Absent thumbnail,phenotype
25784,C4022855,Abnormal involuntary eye movements,disease
25792,C4022867,Spider hemangioma,disease
25793,C4022868,Abnormal circle of Willis morphology,phenotype
25797,C4022873,Small pituitary gland,disease
25809,C4022906,Delayed social development,phenotype
25810,C4022908,Cerebral white matter hypoplasia,phenotype
25813,C4022916,Abnormal aldolase level,phenotype
25814,C4022919,Appendicular hypotonia,phenotype
25815,C4022922,Abnormal enzyme/coenzyme activity,phenotype
25836,C4022983,Abnormal ciliary motility,disease
25838,C4022986,Absent inner and outer dynein arms,phenotype
25844,C4022995,Sex reversal,phenotype
25845,C4022996,Abnormal sex determination,disease
25849,C4023004,Increased serum bile acid concentration,phenotype
25853,C4023010,Hyperplastic colonic polyposis,disease
25857,C4023014,Stereotypical hand wringing,disease
25858,C4023018,Subcortical cerebral atrophy,disease
25871,C4023039,Rhizomelic leg shortening,phenotype
25873,C4023042,Abnormality of the mitochondrion,disease
25877,C4023051,Abnormality of skeletal muscle fiber size,phenotype
25885,C4023065,Low serum calcitriol,phenotype
25888,C4023068,Increased urinary cortisol level,phenotype
25893,C4023077,EEG with central focal spikes,phenotype
25902,C4023101,Elevated circulating luteinizing hormone level,phenotype
25910,C4023116,Hypoplastic fifth toenail,disease
25915,C4023122,Hypersegmentation of proximal phalanx of third finger,disease
25916,C4023124,Short digit,disease
25917,C4023125,Decreased activity of mitochondrial ATP synthase complex,phenotype
25928,C4023145,Abnormal umbilical stump bleeding,disease
25941,C4023169,Moyamoya phenomenon,disease
25949,C4023180,Type 1 muscle fiber atrophy,disease
25955,C4023208,Glucocortocoid-insensitive primary hyperaldosteronism,disease
25956,C4023211,Adrenocorticotropin deficient adrenal insufficiency,disease
25960,C4023223,Atrial reentry tachycardia,phenotype
25968,C4023289,Transitional atrioventricular canal defect,disease
25975,C4023327,Central opacification of the cornea,phenotype
25982,C4023342,Gastrostomy tube feeding in infancy,phenotype
25983,C4023343,Nasogastric tube feeding in infancy,phenotype
25995,C4023373,Demyelinating sensory neuropathy,disease
26001,C4023383,Narrow internal auditory canal,phenotype
26002,C4023385,Aplasia of the semicircular canal,disease
26004,C4023387,Dilated vestibule of the inner ear,disease
26009,C4023397,Abnormal hair quantity,disease
26019,C4023413,Anterior plagiocephaly,phenotype
26022,C4023424,Prominent digit pad,phenotype
26031,C4023452,Elevated C-reactive protein level,phenotype
26039,C4023476,EEG with generalized epileptiform discharges,phenotype
26041,C4023478,EEG with focal sharp waves,phenotype
26042,C4023479,EEG with focal sharp slow waves,phenotype
26046,C4023491,Interictal epileptiform activity,phenotype
26049,C4023499,Generalized clonic seizures,disease
26055,C4023523,Bilateral fetal pyelectasis,disease
26061,C4023544,Incisor macrodontia,phenotype
26069,C4023573,Abnormal number of permanent teeth,phenotype
26070,C4023574,Abnormality of circulating adrenocorticotropin level,phenotype
26071,C4023577,Abnormality of the intrahepatic bile duct,disease
26072,C4023579,Abnormality of renal excretion,disease
26073,C4023583,Abnormality of iron homeostasis,phenotype
26082,C4023616,Abnormality of immune system physiology,phenotype
26095,C4023676,Increased nuchal translucency,phenotype
26097,C4023681,Delayed fine motor development,phenotype
26098,C4023683,EEG with spike-wave complexes,phenotype
26101,C4023687,EEG with multifocal slow activity,phenotype
26105,C4023692,Ridged cranial sutures,phenotype
26108,C4023701,Impaired visuospatial constructive cognition,phenotype
26110,C4023703,Abnormality of the Leydig cells,disease
26116,C4023722,Abnormality of hair texture,disease
26132,C4023791,Abnormality of the clivus,phenotype
26137,C4023801,Fibular bowing,disease
26140,C4023807,Abnormality of the hypothenar eminence,phenotype
26146,C4023824,Bifid femur,disease
26152,C4023911,Aplasia/Hypoplasia of the breasts,phenotype
26155,C4023917,Aplasia/Hypoplasia of the uvula,phenotype
26185,C4024144,Polydactyly affecting the 3rd finger,disease
26189,C4024159,Aplasia/Hypoplasia involving the nose,phenotype
26194,C4024166,Crumpled ear,disease
26199,C4024172,Abnormality of hair pigmentation,phenotype
26201,C4024174,Broad distal phalanges of all fingers,disease
26210,C4024202,Reduced number of teeth,phenotype
26215,C4024215,Aplasia of the parotid gland,disease
26226,C4024273,Complete duplication of proximal phalanx of the thumb,disease
26240,C4024507,Aplasia/Hypoplasia of the distal phalanx of the 5th finger,disease
26247,C4024597,Aplasia/Hypoplasia involving the pelvis,phenotype
26249,C4024601,Weakness of long finger extensor muscles,phenotype
26252,C4024604,Amyotrophy of ankle musculature,phenotype
26256,C4024608,Necrotizing myopathy,disease
26257,C4024609,Decreased activity of mitochondrial respiratory chain,phenotype
26270,C4024626,Aplasia/Hypoplasia of the external ear,phenotype
26272,C4024630,Partially duplicated kidney,phenotype
26276,C4024638,Transient nephrotic syndrome,disease
26278,C4024641,Enlarged polycystic ovaries,disease
26288,C4024664,Moderate sensorineural hearing impairment,phenotype
26299,C4024682,Hypoplastic fifth fingernail,disease
26300,C4024685,Puberty and gonadal disorders,group
26303,C4024692,Reduced factor XIII activity,phenotype
26304,C4024693,Factor X activation deficiency,phenotype
26315,C4024710,Cerebellar cortical atrophy,disease
26318,C4024716,Secondary growth hormone deficiency,disease
26334,C4024736,Abnormally lax or hyperextensible skin,phenotype
26336,C4024738,Aplasia/Hypoplasia of the lens,phenotype
26337,C4024742,Aplasia/Hypoplasia of the macula,phenotype
26340,C4024748,Aplasia/Hypoplasia of the iris,disease
26341,C4024750,Abnormality of the palpebral fissures,disease
26346,C4024759,Macular hypopigmentation,phenotype
26347,C4024760,Progressive visual field defects,phenotype
26369,C4024799,Granular macular appearance,phenotype
26371,C4024809,Chorioretinal dysplasia,disease
26372,C4024810,Chronic irritative conjunctivitis,disease
26376,C4024818,Progressive night blindness,phenotype
26380,C4024822,Lacrimal gland aplasia,phenotype
26389,C4024837,Congenital palmoplantar keratodermia,disease
26406,C4024867,Perifollicular hyperkeratosis,disease
26410,C4024876,Palmoplantar blistering,phenotype
26411,C4024877,Hyperpigmented/hypopigmented macules,phenotype
26416,C4024883,Hyperextensible skin of face,phenotype
26421,C4024890,Excessive wrinkled skin,phenotype
26426,C4024897,Atrophy/Degeneration involving the corticospinal tracts,phenotype
26429,C4024900,Atrophy/Degeneration affecting the brainstem,disease
26430,C4024905,Abnormality of the pons,disease
26435,C4024912,Occipital myelomeningocele,disease
26442,C4024921,Lower limb amyotrophy,phenotype
26444,C4024923,Diffuse white matter abnormalities,disease
26446,C4024926,Focal T2 hyperintense basal ganglia lesion,phenotype
26448,C4024928,Absent smooth pursuit,phenotype
26454,C4024935,Subcortical dementia,disease
26459,C4024940,Cranial nerve motor loss,phenotype
26465,C4024946,Focal white matter lesions,phenotype
26468,C4024949,Generalized hyperreflexia,phenotype
26472,C4024956,Grammar-specific speech disorder,disease
26494,C4024989,Hereditary nonpolyposis colorectal carcinoma,disease
26498,C4024994,Abnormality of the hepatic vasculature,phenotype
26499,C4024996,Aplasia/Hypoplasia of the lungs,phenotype
26505,C4025008,Reduced systolic function,phenotype
26507,C4025010,Coat hanger sign of ribs,disease
26516,C4025028,Intraalveolar nodular calcifications,phenotype
26522,C4025043,Abnormality of the pancreatic islet cells,disease
26537,C4025060,Peg-shaped maxillary lateral incisors,phenotype
26542,C4025071,Aplasia/Hypoplasia of fingers,phenotype
26548,C4025080,Hypersegmentation of proximal phalanx of second finger,disease
26551,C4025087,Long phalanx of finger,disease
26567,C4025114,Aphalangy of the hands,disease
26589,C4025167,Abnormal vertebral segmentation and fusion,disease
26593,C4025175,Congenital alopecia totalis,disease
26599,C4025187,Increased megakaryocyte count,phenotype
26611,C4025208,Severe T-cell immunodeficiency,disease
26613,C4025211,Abnormal carotid artery morphology,disease
26621,C4025226,Pectoral muscle hypoplasia/aplasia,disease
26631,C4025244,Abnormal atrioventricular conduction,phenotype
26632,C4025249,Abnormality of the intervertebral disk,disease
26633,C4025250,Abnormal sacrum morphology,disease
26635,C4025252,Abnormal nasal morphology,disease
26644,C4025264,Recurrent cerebral hemorrhage,disease
26645,C4025265,Medial calcification of large arteries,phenotype
26649,C4025272,Peripheral arterial stenosis,disease
26650,C4025273,Atypical hyperphenylalaninemia,phenotype
26654,C4025278,Stress/infection-induced lactic acidosis,disease
26656,C4025281,Neonatal inspiratory stridor,phenotype
26657,C4025282,Impaired ADP-induced platelet aggregation,phenotype
26660,C4025285,Microspherocytosis,disease
26698,C4025374,Irregular ossification of hand bones,phenotype
26699,C4025381,Osteoarthritis of the small joints of the hand,disease
26700,C4025390,Abnormality of the trapezium,phenotype
26705,C4025412,Midline nasal groove,disease
26718,C4025565,Late-onset distal muscle weakness,phenotype
26719,C4025566,Muscle abnormality related to mitochondrial dysfunction,phenotype
26725,C4025573,Increased muscle fatiguability,phenotype
26730,C4025579,Large beaked nose,disease
26742,C4025597,Subsarcolemmal accumulations of abnormally shaped mitochondria,disease
26750,C4025609,EMG: axonal abnormality,phenotype
26752,C4025612,Polyclonal elevation of IgM,phenotype
26755,C4025615,Decreased size of nerve terminals,disease
26756,C4025616,CNS hypomyelination,phenotype
26764,C4025628,Abnormal enchondral ossification,disease
26771,C4025639,Prolonged G2 phase of cell cycle,phenotype
26772,C4025640,Deficient excision of UV-induced pyrimidine dimers in DNA,phenotype
26774,C4025644,Hypothalamic gonadotropin-releasing hormone deficiency,phenotype
26777,C4025649,Reduced factor VIII activity,phenotype
26782,C4025660,Abnormality of the ankles,disease
26785,C4025664,Abnormality of fibula morphology,disease
26790,C4025669,Decreased circulating ACTH level,phenotype
26792,C4025671,Sudden episodic apnea,disease
26800,C4025680,Abnormal cartilage morphology,phenotype
26802,C4025682,Recurrent Serratia marcescens infections,phenotype
26806,C4025690,Prenatal maternal abnormality,disease
26812,C4025698,Abnormality of the peritoneum,disease
26815,C4025701,Abnormality of the cerebral cortex,disease
26822,C4025710,Diminished movement,phenotype
26825,C4025713,Paroxysmal drowsiness,disease
26826,C4025714,Abnormality of the autonomic nervous system,phenotype
26827,C4025715,Abnormal large intestine morphology,disease
26831,C4025719,Dysgenesis of the cerebellar vermis,disease
26833,C4025722,Abnormality of the spinal cord,group
26836,C4025726,Abnormality of the pleura,disease
26838,C4025729,Neuromuscular dysphagia,disease
26840,C4025731,Abnormal thrombosis,disease
26842,C4025733,Mesangial abnormality,disease
26847,C4025741,Clinodactyly of the 5th toe,disease
26851,C4025749,Abnormality of the spleen,disease
26857,C4025756,Abnormal aortic morphology,disease
26858,C4025758,Abnormal myocardium morphology,phenotype
26862,C4025763,Abnormality of the rib cage,disease
26863,C4025773,Aplasia/Hypoplasia involving the skeletal musculature,phenotype
26871,C4025790,Specific learning disability,disease
26875,C4025795,Short tubular bones of the hand,phenotype
26877,C4025797,Abnormality of prenatal development or birth,disease
26886,C4025810,Abnormal palmar dermatoglyphics,disease
26887,C4025811,Anemic pallor,phenotype
26890,C4025814,Abnormality of the metaphysis,disease
26893,C4025819,Abnormality of the hypothalamus-pituitary axis,disease
26894,C4025821,Anterior hypopituitarism,disease
26905,C4025835,Abnormal nasolacrimal system morphology,disease
26906,C4025836,Abnormal choroid morphology,disease
26907,C4025838,Abnormality of the pharynx,disease
26911,C4025843,Abnormality of refraction,disease
26912,C4025844,Abnormal chorioretinal morphology,disease
26914,C4025846,Abnormality of vision,disease
26921,C4025858,Abnormal cochlea morphology,disease
26922,C4025860,Hearing abnormality,disease
26924,C4025863,Abnormality of the orbital region,phenotype
26927,C4025868,Increased facial adipose tissue,phenotype
26929,C4025871,Abnormality of the face,phenotype
26935,C4025878,Tongue telangiectasia,disease
26937,C4025881,Abnormal oral frenulum morphology,disease
26939,C4025883,Abnormality of lower lip,disease
26941,C4025885,Abnormality of the uvula,phenotype
26942,C4025886,Severe periodontitis,disease
26944,C4025888,Abnormality of the menstrual cycle,disease
26948,C4025895,Abnormality of the scrotum,disease
26951,C4025898,Functional abnormality of male internal genitalia,disease
26953,C4025900,Abnormality of female internal genitalia,disease
26978,C4041558,"Cone-rod synaptic disorder, congenital nonprogressive",disease
26984,C4042861,"Obesity, Metabolically Benign",phenotype
26985,C4042891,Sleep Wake Disorders,group
26992,C4046029,"Mental Disorders, Severe",disease
26995,C4048158,Convulsions,phenotype
26996,C4048195,Autosomal dominant hypocalcemia,disease
26997,C4048196,beta-Mannosidosis,disease
27002,C4048268,Cortical visual impairment,phenotype
27003,C4048270,Decreased antibody level in blood,phenotype
27008,C4048306,Multiple endocrine neoplasia Type 2,disease
27009,C4048328,cervical cancer,disease
27011,C4048548,Anti-Mullerian Hormone Measurement,phenotype
27021,C4049006,Selective immunoglobulin A deficiency,disease
27023,C4049066,Retinal dystrophy with early macular involvement,disease
27024,C4049090,"Alopecia, Androgenetic, 1",disease
27062,C4049650,Familial Glucocorticoid Deficiency Type 1,disease
27068,C4049796,Abnormality of cardiovascular system morphology,disease
27070,C4049830,"Focal seizures, afebril",disease
27073,C4049919,Insulin Sensitivity Measurement,phenotype
27074,C4049938,Physical Activity Measurement,phenotype
27088,C4053736,Catecholaminergic Polymorphic Ventricular Tachycardia Type 1,disease
27106,C4054546,Melanocortin 4 Receptor Deficiency,phenotype
27136,C4072872,obsolete Rod-cone dystrophy,disease
27139,C4072887,Decreased circulating gonadotropin level,phenotype
27146,C4072897,Decreased serum insulin-like growth factor 1,phenotype
27150,C4072903,Primary Caesarian section,phenotype
27151,C4072904,Secondary Caesarian section,phenotype
27159,C4072928,Spoken Word Recognition Deficit,phenotype
27160,C4072940,Ossifying fibroma of the jaw,disease
27170,C4073006,Visual acuity test abnormality,phenotype
27180,C4073101,Hyperautofluorescent macular lesion,phenotype
27187,C4073137,Decreased serum testosterone level,phenotype
27192,C4073149,Simultanapraxia,phenotype
27201,C4073168,Abnormal lactate dehydrogenase activity,phenotype
27203,C4073171,Elevated plasma acylcarnitine levels,phenotype
27206,C4073184,Thick hair,phenotype
27208,C4073190,Abnormality of masticatory muscle,phenotype
27216,C4073245,Abnormality of neck blood vessel,disease
27234,C4082144,Metatarsal Valgus,disease
27236,C4082168,Partial duplication of thumb phalanx,disease
27237,C4082169,Metatarsus Varus,disease
27238,C4082171,Hyperammonemia Due to Carbamoyl Phosphate Synthetase 1 Deficiency,disease
27239,C4082172,Porencephalic cyst,disease
27243,C4082197,Charcot-Marie-Tooth disease type 4,disease
27244,C4082299,Bulbar palsy,disease
27246,C4082304,Oligodontia,disease
27247,C4082305,Deaf Mutism,disease
27251,C4082937,Necrotizing enterocolitis in fetus OR newborn,disease
27255,C4082974,Dupuytren's Disease,disease
27257,C4083045,"PARKINSON DISEASE 11, AUTOSOMAL DOMINANT, SUSCEPTIBILITY TO",phenotype
27259,C4083048,SPONDYLOCOSTAL DYSOSTOSIS 5,disease
27260,C4083050,Tooth agenesis,phenotype
27262,C4083076,Increased head circumference,phenotype
27263,C4083212,"Alopecia, Male Pattern",disease
27265,C4084708,"DEAFNESS, AUTOSOMAL DOMINANT 40",disease
27269,C4084822,JOUBERT SYNDROME 23,disease
27270,C4084823,"MYASTHENIC SYNDROME, CONGENITAL, 1A, SLOW-CHANNEL",disease
27271,C4084840,"FANCONI ANEMIA, COMPLEMENTATION GROUP T",disease
27272,C4084841,JOUBERT SYNDROME 24,disease
27276,C4085238,MYOCLONIC-ATONIC EPILEPSY,disease
27277,C4085243,MEND SYNDROME,disease
27281,C4085251,"PAGET DISEASE OF BONE 2, EARLY-ONSET",disease
27282,C4085252,PAGET DISEASE OF BONE 3,disease
27284,C4085580,Carbamoyl Phosphate Synthase 1 Deficiency,disease
27285,C4085582,"MENTAL RETARDATION, X-LINKED 102",disease
27286,C4085590,Cone-Rod Dystrophies,disease
27288,C4085597,CHOPS SYNDROME,disease
27289,C4085873,LUSCAN-LUMISH SYNDROME,disease
27309,C4087273,C3 glomerulopathy,disease
27335,C4225153,"PROGRESSIVE EXTERNAL OPHTHALMOPLEGIA WITH MITOCHONDRIAL DNA DELETIONS, AUTOSOMAL RECESSIVE 1",disease
27336,C4225154,"CARDIOENCEPHALOMYOPATHY, FATAL INFANTILE, DUE TO CYTOCHROME c OXIDASE DEFICIENCY 3",disease
27348,C4225166,"NEPHROTIC SYNDROME, TYPE 12",disease
27355,C4225173,"IMMUNODEFICIENCY, COMMON VARIABLE, 13",disease
27358,C4225177,SPINAL MUSCULAR ATROPHY WITH CONGENITAL BONE FRACTURES 1,disease
27359,C4225178,Childhood-onset spasticity with hyperglycinemia,disease
27360,C4225179,COWDEN SYNDROME 7,disease
27361,C4225180,EVEN-PLUS SYNDROME,disease
27364,C4225183,"BRACHYDACTYLY, TYPE A1, D",disease
27368,C4225188,MEIER-GORLIN SYNDROME 6,disease
27370,C4225190,"CONGENITAL DISORDER OF GLYCOSYLATION, TYPE IIp",disease
27372,C4225192,"MUSCULAR DYSTROPHY, AUTOSOMAL RECESSIVE, WITH CARDIOMYOPATHY AND TRIANGULAR TONGUE",disease
27375,C4225195,"MICROCEPHALY, SHORT STATURE, AND IMPAIRED GLUCOSE METABOLISM 2",disease
27378,C4225199,CARDIAC ARRHYTHMIA WITH INCREASED SERUM CREATINE KINASE,disease
27382,C4225203,"HYPOTONIA, INFANTILE, WITH PSYCHOMOTOR RETARDATION AND CHARACTERISTIC FACIES 2",disease
27383,C4225205,SPINOCEREBELLAR ATAXIA 42,disease
27384,C4225206,COMBINED OXIDATIVE PHOSPHORYLATION DEFICIENCY 28,disease
27385,C4225208,MENTAL RETARDATION AND DISTINCTIVE FACIAL FEATURES WITH OR WITHOUT CARDIAC DEFECTS,disease
27386,C4225209,OROFACIAL CLEFT 15,disease
27387,C4225210,OOCYTE MATURATION DEFECT 2,disease
27388,C4225211,"CEREBRAL ARTERIOPATHY, AUTOSOMAL DOMINANT, WITH SUBCORTICAL INFARCTS AND LEUKOENCEPHALOPATHY, TYPE 2",disease
27390,C4225213,LEUKODYSTROPHY AND ACQUIRED MICROCEPHALY WITH OR WITHOUT DYSTONIA,disease
27391,C4225214,"WOOLLY HAIR, AUTOSOMAL RECESSIVE 3",disease
27392,C4225215,SPASTIC PARAPLEGIA AND PSYCHOMOTOR RETARDATION WITH OR WITHOUT SEIZURES,disease
27393,C4225217,"HETEROTAXY, VISCERAL, 7, AUTOSOMAL",disease
27394,C4225218,"AUTOINFLAMMATORY SYNDROME, FAMILIAL, BEHCET-LIKE",disease
27397,C4225221,RADIOULNAR SYNOSTOSIS WITH AMEGAKARYOCYTIC THROMBOCYTOPENIA 2,disease
27399,C4225223,"TREMOR, HEREDITARY ESSENTIAL, 5",disease
27402,C4225227,"OPTIC ATROPHY 10 WITH OR WITHOUT ATAXIA, MENTAL RETARDATION, AND SEIZURES",disease
27404,C4225229,"CLEFT PALATE, PSYCHOMOTOR RETARDATION, AND DISTINCTIVE FACIAL FEATURES",disease
27405,C4225230,"CILIARY DYSKINESIA, PRIMARY, 33",disease
27406,C4225231,"TOOTH AGENESIS, SELECTIVE, 7",disease
27409,C4225234,"CONGENITAL DISORDER OF GLYCOSYLATION, TYPE IIn",disease
27415,C4225240,"DEAFNESS, AUTOSOMAL DOMINANT 68",disease
27417,C4225242,DEHYDRATED HEREDITARY STOMATOCYTOSIS 2,disease
27418,C4225243,"CHARCOT-MARIE-TOOTH DISEASE, AXONAL, TYPE 2Z",disease
27421,C4225246,SURF1-related Charcot-Marie-Tooth disease type 4,disease
27424,C4225249,"MICROCEPHALY 16, PRIMARY, AUTOSOMAL RECESSIVE",disease
27425,C4225250,"SPASTIC PARAPLEGIA 75, AUTOSOMAL RECESSIVE",disease
27426,C4225251,COMBINED OXIDATIVE PHOSPHORYLATION DEFICIENCY 27,disease
27428,C4225253,"CHARCOT-MARIE-TOOTH DISEASE, AXONAL, TYPE 2X",disease
27429,C4225254,"SPASTIC TETRAPLEGIA, THIN CORPUS CALLOSUM, AND PROGRESSIVE MICROCEPHALY",disease
27432,C4225257,"EPILEPTIC ENCEPHALOPATHY, EARLY INFANTILE, 34",disease
27434,C4225259,SMITH-KINGSMORE SYNDROME,disease
27436,C4225261,"SEIZURES, CORTICAL BLINDNESS, AND MICROCEPHALY SYNDROME",disease
27440,C4225266,IMMUNODEFICIENCY 42,disease
27441,C4225267,HEIMLER SYNDROME 2,disease
27442,C4225268,"CUTIS LAXA, AUTOSOMAL DOMINANT 3",disease
27443,C4225269,CRANIOSYNOSTOSIS 6,disease
27448,C4225274,AU-KLINE SYNDROME,disease
27449,C4225275,"MENTAL RETARDATION, AUTOSOMAL DOMINANT 40",disease
27450,C4225276,"EPILEPSY, HEARING LOSS, AND MENTAL RETARDATION SYNDROME",disease
27451,C4225277,"IMMUNODEFICIENCY, COMMON VARIABLE, 12",disease
27452,C4225278,GLIOMA SUSCEPTIBILITY 9,disease
27454,C4225280,NOONAN SYNDROME 10,disease
27455,C4225281,RETINITIS PIGMENTOSA 74,disease
27456,C4225282,NOONAN SYNDROME 9,disease
27457,C4225283,"DYSKERATOSIS CONGENITA, AUTOSOMAL RECESSIVE 7",phenotype
27458,C4225284,"DYSKERATOSIS CONGENITA, AUTOSOMAL DOMINANT 6",disease
27459,C4225285,"KLIPPEL-FEIL SYNDROME 4, AUTOSOMAL RECESSIVE, WITH NEMALINE MYOPATHY AND FACIAL DYSMORPHISM",disease
27461,C4225287,RETINITIS PIGMENTOSA 73,disease
27466,C4225292,"THYROID CANCER, NONMEDULLARY, 5",disease
27467,C4225293,"THYROID CANCER, NONMEDULLARY, 4",disease
27469,C4225295,"POLYMICROGYRIA, PERISYLVIAN, WITH CEREBELLAR HYPOPLASIA AND ARTHROGRYPOSIS",disease
27470,C4225296,"MENTAL RETARDATION, AUTOSOMAL DOMINANT 39",disease
27472,C4225298,"DEAFNESS, AUTOSOMAL RECESSIVE 104",disease
27474,C4225300,CATARACT 44,disease
27476,C4225302,"NEUROPATHY, HEREDITARY MOTOR AND SENSORY, TYPE VIB",disease
27479,C4225305,"LEUKODYSTROPHY, HYPOMYELINATING, 11",disease
27480,C4225306,"CHARCOT-MARIE-TOOTH DISEASE, AXONAL, TYPE 2V",disease
27482,C4225308,"NEUROPATHY, HEREDITARY SENSORY AND AUTONOMIC, TYPE VIII",disease
27483,C4225309,EPIDERMOLYSIS BULLOSA SIMPLEX WITH NAIL DYSTROPHY,disease
27484,C4225310,"MICROCEPHALY 15, PRIMARY, AUTOSOMAL RECESSIVE",disease
27487,C4225313,BETHLEM MYOPATHY 2,disease
27488,C4225314,ULLRICH CONGENITAL MUSCULAR DYSTROPHY 2,disease
27493,C4225319,"MENTAL RETARDATION, AUTOSOMAL RECESSIVE 50",disease
27494,C4225320,"EPILEPTIC ENCEPHALOPATHY, EARLY INFANTILE, 50",disease
27495,C4225321,ZIMMERMANN-LABAND SYNDROME 2,disease
27496,C4225322,"SPASTIC PARAPLEGIA 74, AUTOSOMAL RECESSIVE",disease
27497,C4225323,BASEL-VANAGAITE-SMIRIN-YOSEF SYNDROME,disease
27500,C4225326,FRONTOTEMPORAL DEMENTIA AND/OR AMYOTROPHIC LATERAL SCLEROSIS 3,disease
27501,C4225327,"EPILEPSY, FAMILIAL TEMPORAL LOBE, 7",disease
27503,C4225329,COMBINED OXIDATIVE PHOSPHORYLATION DEFICIENCY 25,disease
27507,C4225334,"AUTOIMMUNE INTERSTITIAL LUNG, JOINT, AND KIDNEY DISEASE",disease
27510,C4225337,"EPILEPTIC ENCEPHALOPATHY, EARLY INFANTILE, 33",disease
27512,C4225339,"PALMOPLANTAR KERATODERMA, NONEPIDERMOLYTIC, FOCAL 2",disease
27513,C4225340,BRUGADA SYNDROME 9,disease
27517,C4225344,"TRICHOTHIODYSTROPHY 2, PHOTOSENSITIVE",disease
27520,C4225347,"PULMONARY FIBROSIS AND/OR BONE MARROW FAILURE, TELOMERE-RELATED, 4",disease
27523,C4225350,"EPILEPTIC ENCEPHALOPATHY, EARLY INFANTILE, 32",disease
27524,C4225351,White Sutton syndrome,disease
27525,C4225352,"MENTAL RETARDATION, AUTOSOMAL DOMINANT 36",disease
27526,C4225354,"MENTAL RETARDATION, AUTOSOMAL DOMINANT 35",disease
27528,C4225356,"DYSKERATOSIS CONGENITA, AUTOSOMAL RECESSIVE 6",disease
27529,C4225357,"EPILEPTIC ENCEPHALOPATHY, EARLY INFANTILE, 31",disease
27532,C4225360,"EPILEPTIC ENCEPHALOPATHY, EARLY INFANTILE, 30",disease
27534,C4225362,"MICROCEPHALY AND CHORIORETINOPATHY, AUTOSOMAL RECESSIVE, 3",disease
27538,C4225367,"MYASTHENIC SYNDROME, CONGENITAL, 11, ASSOCIATED WITH ACETYLCHOLINE RECEPTOR DEFICIENCY",disease
27539,C4225368,"MYASTHENIC SYNDROME, CONGENITAL, 9, ASSOCIATED WITH ACETYLCHOLINE RECEPTOR DEFICIENCY",disease
27542,C4225371,"MYASTHENIC SYNDROME, CONGENITAL, 3B, FAST-CHANNEL",disease
27546,C4225375,"MENTAL RETARDATION, AUTOSOMAL DOMINANT 33",disease
27547,C4225376,SENIOR-LOKEN SYNDROME 8,disease
27548,C4225377,"MYASTHENIC SYNDROME, CONGENITAL, 17",disease
27549,C4225378,SHORT-RIB THORACIC DYSPLASIA 13 WITH OR WITHOUT POLYDACTYLY,disease
27550,C4225379,LIPOYLTRANSFERASE 1 DEFICIENCY,disease
27551,C4225380,SINGLETON-MERTEN SYNDROME 2,disease
27554,C4225383,LICHTENSTEIN-KNORR SYNDROME,disease
27556,C4225385,LETHAL CONGENITAL CONTRACTURE SYNDROME 8,disease
27557,C4225386,LETHAL CONGENITAL CONTRACTURE SYNDROME 7,disease
27558,C4225387,"SPASTIC PARAPLEGIA 73, AUTOSOMAL DOMINANT",disease
27562,C4225391,MITOCHONDRIAL SHORT-CHAIN ENOYL-CoA HYDRATASE 1 DEFICIENCY,disease
27564,C4225393,3-methylglutaconic aciduria type 7,disease
27567,C4225396,"MENTAL RETARDATION, AUTOSOMAL DOMINANT 32",disease
27568,C4225397,ATAXIA-OCULOMOTOR APRAXIA 4,disease
27569,C4225398,"CONGENITAL CONTRACTURES OF THE LIMBS AND FACE, HYPOTONIA, AND DEVELOPMENTAL DELAY",disease
27570,C4225399,SHORT STATURE WITH NONSPECIFIC SKELETAL ABNORMALITIES,disease
27571,C4225400,INTERSTITIAL LUNG AND LIVER DISEASE,disease
27573,C4225404,"ACROMESOMELIC DYSPLASIA, DEMIRHAN TYPE",disease
27574,C4225405,"MYASTHENIC SYNDROME, CONGENITAL, 1B, FAST-CHANNEL",disease
27575,C4225406,"NEUROPATHY, HEREDITARY, WITH OR WITHOUT AGE-RELATED MACULAR DEGENERATION",disease
27577,C4225408,"CARDIOMYOPATHY, FAMILIAL HYPERTROPHIC, 25",disease
27578,C4225411,DIAMOND-BLACKFAN ANEMIA 15 WITH MANDIBULOFACIAL DYSOSTOSIS,disease
27580,C4225413,"MYASTHENIC SYNDROME, CONGENITAL, 4A, SLOW-CHANNEL",disease
27583,C4225416,"MENTAL RETARDATION, X-LINKED 99, SYNDROMIC, FEMALE-RESTRICTED",disease
27584,C4225417,"MENTAL RETARDATION, X-LINKED, SYNDROMIC 34",disease
27586,C4225419,RITSCHER-SCHINZEL SYNDROME 2,disease
27587,C4225420,"TRICHOTHIODYSTROPHY 5, NONPHOTOSENSITIVE",disease
27589,C4225422,DIAMOND-BLACKFAN ANEMIA 14 WITH MANDIBULOFACIAL DYSOSTOSIS,disease
27590,C4225423,"REDUCING BODY MYOPATHY, X-LINKED 1A, SEVERE, WITH INFANTILE OR EARLY CHILDHOOD ONSET",disease
27593,C4225426,"THYROID CANCER, NONMEDULLARY, 2",disease
27594,C4225427,SINGLETON-MERTEN SYNDROME 1,disease
27601,C4225553,"THYROID CARCINOMA WITH THYROTOXICOSIS, SOMATIC",phenotype
27609,C4225638,"BETHLEM MYOPATHY 1, AUTOSOMAL RECESSIVE",disease
27613,C4225667,CHROMOSOME 16p13.2 DELETION SYNDROME,disease
27615,C4225671,VATER/VACTERL ASSOCIATION,disease
27618,C4228778,Abnormality of radial ray,phenotype
27621,C4229399,Early-onset coronary artery disease,phenotype
27651,C4255374,Frontal fibrosing alopecia,disease
27665,C4268744,Atypical femoral fracture,phenotype
27674,C4273748,Familial thyroid dyshormonogenesis,disease
27684,C4274078,Hyperinsulinism due to HNF4A deficiency,disease
27695,C4274324,Genetic recurrent myoglobinuria,disease
27724,C4275179,Young onset Parkinson disease,disease
27732,C4277533,"Dissection, Blood Vessel",phenotype
27734,C4277682,Chemical and Drug Induced Liver Injury,disease
27735,C4277690,Ciliopathies,disease
27736,C4279912,Chemically-Induced Liver Toxicity,disease
27741,C4280644,Increased size of the mandible,phenotype
27742,C4280669,Velopharyngeal dysfunction,phenotype
27746,C4280698,Reduced prothrombin antigen,phenotype
27752,C4280715,Decreased level of plasminogen,phenotype
27762,C4280760,Abnormal visual accommodation,phenotype
27763,C4280763,Increased C-peptide level,phenotype
27765,C4280765,Abnormal C-peptide level,phenotype
27773,C4280804,Percussion-induced rapid rolling muscle contractions,phenotype
27778,C4281601,Foot oligodactyly,phenotype
27780,C4281771,Thin eyebrow,phenotype
27784,C4281993,Neonatal respiratory distress,phenotype
27788,C4282180,Juvenile macular degeneration,disease
27789,C4282398,Sialidase deficiency,disease
27790,C4282400,"Polydactyly, Postaxial, Type A1",disease
27791,C4282407,Sparse and thin eyebrow,phenotype
27812,C4284414,"AORTIC ANEURYSM, FAMILIAL THORACIC 10",disease
27814,C4284588,"SPASTIC PARAPLEGIA 62, AUTOSOMAL RECESSIVE",disease
27816,C4284594,BAND HETEROTOPIA,disease
27818,C4284790,"Muscular Dystrophy-Dystroglycanopathy (Congenital with Brain and Eye Anomalies) Type A, 1",disease
27821,C4285231,METHEMOGLOBINEMIA AND AMBIGUOUS GENITALIA,disease
27858,C4288013,Vulvar Adenocarcinoma of Mammary Gland Type,disease
27863,C4288261,STAT3 Gain of Function,phenotype
27904,C4293676,Anti-liver cytosolic antigen type 1 antibody positivity,phenotype
27914,C4293708,Recurrent paroxysmal headache,phenotype
27975,C4303593,DEND syndrome,disease
27980,C4303791,Cerebroretinal vasculopathy,disease
27983,C4303860,Craniofacial ulnar renal syndrome,disease
27987,C4304021,Autosomal dominant macrothrombocytopenia,disease
28013,C4304725,Leber plus disease,disease
28033,C4310232,"Hypercalcemia, Infantile, 1",disease
28036,C4310614,OTULIN-related autoinflammatory syndrome,disease
28039,C4310618,"HYPOTONIA, ATAXIA, AND DELAYED DEVELOPMENT SYNDROME",disease
28041,C4310620,Yao syndrome,disease
28045,C4310624,"BILE ACID SYNTHESIS DEFECT, CONGENITAL, 6",disease
28046,C4310625,"COLOBOMA, OSTEOPETROSIS, MICROPHTHALMIA, MACROCEPHALY, ALBINISM, AND DEAFNESS",disease
28050,C4310629,LYMPHATIC MALFORMATION 7,disease
28051,C4310630,"AMELOGENESIS IMPERFECTA, TYPE IJ",disease
28052,C4310631,"EPIDERMOLYSIS BULLOSA SIMPLEX, GENERALIZED, WITH SCARRING AND HAIR LOSS",disease
28053,C4310632,"EPILEPSY, EARLY-ONSET, VITAMIN B6-DEPENDENT",disease
28054,C4310633,"DYSTONIA 28, CHILDHOOD-ONSET",disease
28056,C4310635,"EPILEPTIC ENCEPHALOPATHY, EARLY INFANTILE, 49",disease
28060,C4310639,"GLAUCOMA 3, PRIMARY CONGENITAL, E",disease
28061,C4310640,NEPHRONOPHTHISIS 20,disease
28065,C4310645,"MYOPATHY, MYOFIBRILLAR, 8",disease
28069,C4310650,"3-METHYLGLUTACONIC ACIDURIA, TYPE VIII",disease
28071,C4310652,"FANCONI ANEMIA, COMPLEMENTATION GROUP V",disease
28073,C4310654,"MYASTHENIC SYNDROME, CONGENITAL, 21, PRESYNAPTIC",disease
28076,C4310657,CONE-ROD DYSTROPHY AND HEARING LOSS,disease
28077,C4310658,"MYOCLONUS, INTRACTABLE, NEONATAL",disease
28078,C4310659,PREIMPLANTATION EMBRYONIC LETHALITY 2,disease
28081,C4310662,"SPASTIC PARAPLEGIA 78, AUTOSOMAL RECESSIVE",disease
28082,C4310663,"SUDDEN CARDIAC FAILURE, ALCOHOL-INDUCED",disease
28083,C4310664,"SUDDEN CARDIAC FAILURE, INFANTILE",disease
28086,C4310667,"ENCEPHALOPATHY, PROGRESSIVE, WITH AMYOTROPHY AND OPTIC ATROPHY",disease
28090,C4310671,"ENCEPHALOPATHY, PROGRESSIVE, EARLY-ONSET, WITH BRAIN ATROPHY AND THIN CORPUS CALLOSUM",disease
28091,C4310672,SHASHI-PENA SYNDROME,disease
28093,C4310674,SPERMATOGENIC FAILURE 16,disease
28094,C4310675,"ENCEPHALOPATHY, PROGRESSIVE, EARLY-ONSET, WITH BRAIN EDEMA AND/OR LEUKOENCEPHALOPATHY",disease
28095,C4310676,"MITOCHONDRIAL DNA DEPLETION SYNDROME 12A (CARDIOMYOPATHIC TYPE), AUTOSOMAL DOMINANT",disease
28098,C4310679,CHITAYAT SYNDROME,disease
28099,C4310680,RETINAL DYSTROPHY WITH OR WITHOUT EXTRAOCULAR ANOMALIES,disease
28100,C4310681,"EHLERS-DANLOS SYNDROME, PERIODONTAL TYPE, 2",disease
28101,C4310682,INTELLECTUAL DEVELOPMENTAL DISORDER WITH CARDIAC ARRHYTHMIA,disease
28102,C4310683,"DYSKINESIA, SEIZURES, AND INTELLECTUAL DEVELOPMENTAL DISORDER",disease
28104,C4310686,"SHORT STATURE, RHIZOMELIC, WITH MICROCEPHALY, MICROGNATHIA, AND DEVELOPMENTAL DELAY",disease
28107,C4310689,"SHORT STATURE, BRACHYDACTYLY, INTELLECTUAL DEVELOPMENTAL DISABILITY, AND SEIZURES",disease
28110,C4310692,"ARTHROGRYPOSIS, DISTAL, WITH IMPAIRED PROPRIOCEPTION AND TOUCH",disease
28111,C4310693,"NEURODEGENERATION WITH ATAXIA, DYSTONIA, AND GAZE PALSY, CHILDHOOD-ONSET",disease
28112,C4310694,"MYASTHENIC SYNDROME, CONGENITAL, 20, PRESYNAPTIC",disease
28114,C4310696,Zhu-Tokita-Takenouchi-Kim syndrome,phenotype
28115,C4310697,FRONTOMETAPHYSEAL DYSPLASIA 2,disease
28119,C4310702,ALAZAMI-YUAN SYNDROME,disease
28120,C4310703,"MENTAL RETARDATION, AUTOSOMAL RECESSIVE 56",disease
28121,C4310704,RETINITIS PIGMENTOSA 76,disease
28122,C4310705,JOUBERT SYNDROME 28,disease
28123,C4310706,JOUBERT SYNDROME 27,disease
28129,C4310712,"EPILEPTIC ENCEPHALOPATHY, EARLY INFANTILE, 43",disease
28132,C4310715,THAUVIN-ROBINET-FAIVRE SYNDROME,disease
28133,C4310716,"EPILEPTIC ENCEPHALOPATHY, EARLY INFANTILE, 42",disease
28137,C4310720,"GROWTH RETARDATION, INTELLECTUAL DEVELOPMENTAL DISORDER, HYPOTONIA, AND HEPATOPATHY",disease
28139,C4310722,"CILIARY DYSKINESIA, PRIMARY, 34",disease
28140,C4310723,"MICROCEPHALY 17, PRIMARY, AUTOSOMAL RECESSIVE",disease
28141,C4310724,SHORT-RIB THORACIC DYSPLASIA 15 WITH POLYDACTYLY,disease
28142,C4310725,"CHARCOT-MARIE-TOOTH DISEASE, AXONAL, AUTOSOMAL RECESSIVE, TYPE 2A2B",disease
28144,C4310727,"CONGENITAL DISORDER OF GLYCOSYLATION, TYPE Iaa",disease
28146,C4310729,"NASOPHARYNGEAL CARCINOMA, SUSCEPTIBILITY TO, 3",phenotype
28151,C4310735,"PORTAL HYPERTENSION, NONCIRRHOTIC",disease
28155,C4310739,OKUR-CHUNG NEURODEVELOPMENTAL SYNDROME,disease
28156,C4310740,"MENTAL RETARDATION, AUTOSOMAL DOMINANT 44",disease
28157,C4310741,"HYPERURICEMIC NEPHROPATHY, FAMILIAL JUVENILE, 4",disease
28161,C4310745,"MENTAL RETARDATION, AUTOSOMAL RECESSIVE 55",disease
28162,C4310746,HERMANSKY-PUDLAK SYNDROME 10,disease
28165,C4310749,"CARDIOMYOPATHY, FAMILIAL HYPERTROPHIC, 26",disease
28166,C4310750,"SPASTIC PARAPLEGIA 77, AUTOSOMAL RECESSIVE",disease
28167,C4310751,"SHORT STATURE, DEVELOPMENTAL DELAY, AND CONGENITAL HEART DEFECTS",disease
28169,C4310753,PATENT DUCTUS ARTERIOSUS 3,disease
28174,C4310758,"NIGHT BLINDNESS, CONGENITAL STATIONARY, TYPE 1H",disease
28175,C4310759,RETINITIS PIGMENTOSA 75,disease
28181,C4310765,Hypermanganesemia with dystonia 2,disease
28182,C4310766,"MACROCEPHALY, DYSMORPHIC FACIES, AND PSYCHOMOTOR RETARDATION",disease
28184,C4310768,"AUTOIMMUNE DISEASE, MULTISYSTEM, INFANTILE-ONSET, 2",disease
28186,C4310770,"EPILEPTIC ENCEPHALOPATHY, EARLY INFANTILE, 37",disease
28188,C4310772,"NEURODEVELOPMENTAL DISORDER WITH OR WITHOUT ANOMALIES OF THE BRAIN, EYE, OR HEART",disease
28190,C4310774,"MENTAL RETARDATION, AUTOSOMAL DOMINANT 42",disease
28191,C4310775,"DEAFNESS, AUTOSOMAL DOMINANT 70",disease
28193,C4310778,YOU-HOOVER-FONG SYNDROME,disease
28203,C4310788,COFFIN-SIRIS SYNDROME 5,disease
28206,C4310791,"STRIATAL DEGENERATION, AUTOSOMAL DOMINANT 2",disease
28207,C4310792,"DYSKINESIA, LIMB AND OROFACIAL, INFANTILE-ONSET",disease
28209,C4310794,"MENTAL RETARDATION, AUTOSOMAL RECESSIVE 53",disease
28210,C4310796,MARFAN LIPODYSTROPHY SYNDROME,disease
28211,C4310797,"BLEEDING DISORDER, PLATELET-TYPE, 20",disease
28212,C4310798,IMMUNODEFICIENCY-CENTROMERIC INSTABILITY-FACIAL ANOMALIES SYNDROME 4,disease
28217,C4310803,IMMUNODEFICIENCY 51,disease
28218,C4310804,WITTEVEEN-KOLK SYNDROME,disease
28219,C4310805,"BARTTER SYNDROME, TYPE 4B, NEONATAL, WITH SENSORINEURAL DEAFNESS",disease
28220,C4310806,CATARACT 47,disease
28223,C4310809,ANTERIOR SEGMENT DYSGENESIS 5,disease
28224,C4310810,"MIDFACE HYPOPLASIA, HEARING IMPAIRMENT, ELLIPTOCYTOSIS, AND NEPHROCALCINOSIS",disease
28225,C4310811,MEESTER-LOEYS SYNDROME,disease
28226,C4310812,IMMUNODEFICIENCY 50,disease
28230,C4310817,"MENTAL RETARDATION, X-LINKED 104",disease
28232,C4310819,IMMUNODEFICIENCY 47,disease
28233,C4310820,"BARTTER SYNDROME, TYPE 5, ANTENATAL, TRANSIENT",disease
28234,C4310822,LIPID STORAGE MYOPATHY DUE TO FLAVIN ADENINE DINUCLEOTIDE SYNTHETASE DEFICIENCY,disease
28235,C4310830,Xq25 TRIPLICATION SYNDROME,disease
28237,C4310833,INTELLECTUAL DEVELOPMENTAL DISORDER WITH PERSISTENCE OF FETAL HEMOGLOBIN,disease
28247,C4310891,"GM2-GANGLIOSIDOSIS, LATE ONSET",disease
28251,C4310897,"MULTIPLE JOINT DISLOCATIONS, SHORT STATURE, AND CRANIOFACIAL DYSMORPHISM WITHOUT CONGENITAL HEART DEFECTS",phenotype
28255,C4310935,MITOCHONDRIAL DNA DEPLETION SYNDROME 3,disease
28256,C4310943,GLYCINE ENCEPHALOPATHY WITH NORMAL SERUM GLYCINE,disease
28258,C4310971,HB NIIGATA,phenotype
28261,C4310978,EHLERS-DANLOS/OSTEOGENESIS IMPERFECTA CROSSOVER SYNDROME,disease
28266,C4315130,Hippocampal atrophy,phenotype
28271,C4316788,Abnormality of the intestine,phenotype
28276,C4316810,Writer's Cramp,disease
28278,C4316812,Fibrinogen Deficiency,disease
28281,C4316870,Abnormality of the eye,phenotype
28282,C4316878,Loss of eyelashes,phenotype
28283,C4316881,Prescription Drug Abuse,phenotype
28284,C4316899,Cystinosis,disease
28285,C4316903,Absence Seizures,phenotype
28292,C4317009,Diverticular Diseases,group
28299,C4317107,Abnormality of the thyroid gland,phenotype
28300,C4317109,Epileptic Seizures,phenotype
28302,C4317123,Myoclonic Seizures,phenotype
28303,C4317124,Polynesian Bronchiectasis,disease
28305,C4317146,Acid reflux,phenotype
28307,C4317151,"Hypotrichosis, lymphedema, telangiectasia, renal defect syndrome",disease
28308,C4317152,Dimple chin,phenotype
28313,C4317224,Congenital disorder of glycosylation type 1q,disease
28314,C4317295,Congenital disorder of glycosylation type 1s,disease
28325,C4321245,Cleft lip or lips,phenotype
28328,C4321324,Constitutional Mismatch Repair Deficiency Syndrome,disease
28333,C4321465,Chemokine (C-X-C Motif) Ligand 6 Measurement,phenotype
28422,C4476540,Dilatation of the cerebral artery,phenotype
28428,C4476554,Carotid artery dilatation,phenotype
28434,C4476570,Reduced brain creatine level by MRS,phenotype
28447,C4476622,Dependency on intravenous nutrition,phenotype
28451,C4476639,Ground-glass opacification on pulmonary HRCT,phenotype
28455,C4476703,Anti-glutamic acid decarboxylase antibody positivity,phenotype
28456,C4476705,Upgaze palsy,disease
28468,C4476748,Reticular pattern on pulmonary HRCT,phenotype
28470,C4476759,Stooped posture,phenotype
28473,C4476767,Diffuse alveolar hemorrhage,disease
28478,C4476786,Testicular adrenal rest tumor,disease
28479,C4476788,Decreased CSF 5-hydroxyindolacetic acid,phenotype
28482,C4476793,Abnormal cell morphology,phenotype
28488,C4476822,Hypoplastic hippocampus,disease
28493,C4476851,5-minute APGAR score of 1,phenotype
28500,C4476886,Abnormal vena cava morphology,phenotype
28516,C4476955,Impaired cortisol response to insulin stimulation test,phenotype
28519,C4476965,Absent pubertal growth spurt,phenotype
28529,C4477011,Thinning of Descemet membrane,phenotype
28530,C4477013,Impaired oropharyngeal swallow response,phenotype
28532,C4477022,Finger flexor weakness,phenotype
28537,C4477049,Hypoplasia of the olfactory bulb,disease
28547,C4477077,Abnormal cardiac exercise stress test,phenotype
28552,C4477095,Increased lactate dehydrogenase activity,phenotype
28554,C4478379,"MENTAL RETARDATION, X-LINKED 106",disease
28555,C4478383,"MENTAL RETARDATION, X-LINKED, SYNDROMIC, 35",disease
28559,C4478716,NOONAN SYNDROME-LIKE DISORDER WITH LOOSE ANAGEN HAIR 1,disease
28561,C4478940,BRAIN MALFORMATIONS WITH OR WITHOUT URINARY TRACT DEFECTS,disease
28562,C4479088,"MYASTHENIC SYNDROME, CONGENITAL, 22",disease
28566,C4479229,HYPERPARATHYROIDISM 4,disease
28568,C4479236,"EPILEPTIC ENCEPHALOPATHY, EARLY INFANTILE, 52",disease
28569,C4479246,"CONGENITAL HEART DEFECTS, DYSMORPHIC FACIAL FEATURES, AND INTELLECTUAL DEVELOPMENTAL DISORDER",disease
28575,C4479313,"EPILEPTIC ENCEPHALOPATHY, EARLY INFANTILE, 53",disease
28576,C4479319,"EPILEPTIC ENCEPHALOPATHY, EARLY INFANTILE, 54",disease
28581,C4479357,ANAUXETIC DYSPLASIA 2,disease
28584,C4479409,"CUTIS LAXA, AUTOSOMAL RECESSIVE, TYPE IID",disease
28588,C4479428,DIAMOND-BLACKFAN ANEMIA 17,disease
28589,C4479431,"BRACHYCEPHALY, TRICHOMEGALY, AND DEVELOPMENTAL DELAY",disease
28590,C4479452,IMMUNOSKELETAL DYSPLASIA WITH NEURODEVELOPMENTAL ABNORMALITIES,disease
28592,C4479481,RETINITIS PIGMENTOSA 78,disease
28593,C4479491,LOPES-MACIEL-RODAN SYNDROME,disease
28597,C4479515,"BLEEDING DISORDER, PLATELET-TYPE, 21",disease
28602,C4479539,"ARTHROGRYPOSIS MULTIPLEX CONGENITA, NEUROGENIC, WITH MYELIN DEFECT",disease
28603,C4479548,SPECIFIC GRANULE DEFICIENCY 2,disease
28605,C4479552,"46,XX SEX REVERSAL 4",disease
28606,C4479566,"NEURODEVELOPMENTAL DISORDER WITH MICROCEPHALY, HYPOTONIA, AND VARIABLE BRAIN ANOMALIES",disease
28607,C4479569,NEURODEVELOPMENTAL DISORDER WITH INVOLUNTARY MOVEMENTS,disease
28608,C4479577,NOONAN SYNDROME-LIKE DISORDER WITH LOOSE ANAGEN HAIR 2,disease
28610,C4479599,STANKIEWICZ-ISIDOR SYNDROME,disease
28615,C4479619,ERYTHROKERATODERMIA VARIABILIS ET PROGRESSIVA 3,disease
28619,C4479637,RAHMAN SYNDROME,disease
28623,C4479653,"SPASTIC ATAXIA 8, AUTOSOMAL RECESSIVE, WITH HYPOMYELINATING LEUKODYSTROPHY",disease
28629,C4479664,"ADRENAL INSUFFICIENCY, NR5A1-RELATED",disease
28631,C4479677,"CRANIOSYNOSTOSIS 7, SUSCEPTIBILITY TO",phenotype
28640,C4505291,Xp21 Contiguous Gene Deletion Syndrome,disease
28643,C4505390,Heroin Smoking,disease
28645,C4505436,Generalized Absence Seizures,phenotype
28647,C4505456,HIV Coinfection,disease
28676,C4510744,"46,XY partial gonadal dysgenesis",disease
28684,C4511003,Acute myeloid leukemia with t(8;16)(p11;p13) translocation,disease
28689,C4511136,Congenital central hypothyroidism due to thyrotropin-releasing hormone receptor deficiency,disease
28690,C4511138,Adult-onset chronic progressive external ophthalmoplegia with mitochondrial myopathy,phenotype
28715,C4518333,Clear cell papillary renal cell carcinoma,disease
28721,C4518356,MiT family translocation renal cell carcinoma,disease
28737,C4520679,Abnormal macular morphology,phenotype
28752,C4520892,Otospondylomegaepiphyseal dysplasia,disease
28760,C4520981,Abnormality of the basal ganglia,phenotype
28765,C4521075,Childhood Overweight,phenotype
28767,C4521256,Glomerulopathy Assessment,phenotype
28774,C4521564,"FANCONI ANEMIA, COMPLEMENTATION GROUP W",disease
28775,C4521577,Neck Pain Score 1,phenotype
28785,C4522089,Hepatocyte Growth Factor Measurement,phenotype
28788,C4522164,HELIX SYNDROME,disease
28884,C4528257,Corpuscular Hemoglobin Concentration Mean,phenotype
28904,C4529962,Fatty Liver Disease,disease
28920,C4531094,Abnormal mitral valve physiology,phenotype
28923,C4531112,Penile freckling,phenotype
28928,C4531131,Small cerebellar cortex,phenotype
28942,C4531166,Decreased lymphocyte proliferation in response to mitogen,phenotype
28949,C4531220,Coronary sinus enlargement,phenotype
28954,C4531255,Internally nucleated skeletal muscle fibers,phenotype
28959,C4531288,Abnormal morphology of left ventricular trabeculae,phenotype
28962,C4531299,Premature occlusive vascular stenosis,disease
28967,C4538355,"PITUITARY ADENOMA 1, MULTIPLE TYPES",disease
28968,C4538407,"EHLERS-DANLOS SYNDROME, CLASSIC TYPE, 2",disease
28979,C4539714,MECKEL SYNDROME 13,disease
28981,C4539729,OROFACIODIGITAL SYNDROME XVI,disease
28982,C4539754,"ICHTHYOSIS, CONGENITAL, AUTOSOMAL RECESSIVE 14",disease
28983,C4539767,EXUDATIVE VITREORETINOPATHY 7,disease
28985,C4539783,SPERMATOGENIC FAILURE 18,disease
28988,C4539789,Coiled sperm flagella,phenotype
28994,C4539828,BIRK-LANDAU-PEREZ SYNDROME,disease
28995,C4539839,MOSAIC VARIEGATED ANEUPLOIDY SYNDROME 3,disease
28998,C4539851,"MENTAL RETARDATION, AUTOSOMAL DOMINANT 46",disease
28999,C4539857,CONGENITAL HEART DEFECTS AND SKELETAL MALFORMATIONS SYNDROME,disease
29000,C4539873,"MICROCEPHALY, SHORT STATURE, AND LIMB ABNORMALITIES",disease
29004,C4539896,"NEPHROTIC SYNDROME, TYPE 15",disease
29008,C4539937,JOUBERT SYNDROME 30,disease
29012,C4539951,"MENTAL RETARDATION, AUTOSOMAL DOMINANT 47",disease
29014,C4539957,IMMUNODEFICIENCY 11B WITH ATOPIC DERMATITIS,disease
29016,C4539968,"CONGENITAL ANOMALIES OF KIDNEY AND URINARY TRACT SYNDROME WITH OR WITHOUT HEARING LOSS, ABNORMAL EARS, OR DEVELOPMENTAL DELAY",disease
29023,C4540020,"JOINT LAXITY, SHORT STATURE, AND MYOPIA",disease
29025,C4540031,Combined oxidative phosphorylation deficiency,phenotype
29026,C4540034,"EPILEPTIC ENCEPHALOPATHY, EARLY INFANTILE, 56",disease
29027,C4540036,FRASER SYNDROME 2,disease
29030,C4540059,"ENCEPHALOPATHY, PROGRESSIVE, EARLY-ONSET, WITH BRAIN ATROPHY AND SPASTICITY",disease
29033,C4540127,BLEPHAROCHEILODONTIC SYNDROME 2,disease
29037,C4540156,AL KAISSI SYNDROME,disease
29044,C4540199,"EPILEPTIC ENCEPHALOPATHY, INFANTILE OR EARLY CHILDHOOD, 1",disease
29047,C4540232,PLATELET ABNORMALITIES WITH EOSINOPHILIA AND IMMUNE-MEDIATED INFLAMMATORY DISEASE,disease
29050,C4540266,GALLOWAY-MOWAT SYNDROME 3,disease
29052,C4540274,GALLOWAY-MOWAT SYNDROME 5,disease
29058,C4540324,"MENTAL RETARDATION, AUTOSOMAL DOMINANT 49",disease
29059,C4540327,NEURODEVELOPMENTAL DISORDER WITH DYSMORPHIC FACIES AND DISTAL LIMB ANOMALIES,disease
29061,C4540345,"MYOPATHY, CENTRONUCLEAR, 6, WITH FIBER-TYPE DISPROPORTION",disease
29063,C4540358,"LEUKODYSTROPHY, PROGRESSIVE, EARLY CHILDHOOD-ONSET",disease
29067,C4540395,KLEEFSTRA SYNDROME 2,disease
29074,C4540439,RETINITIS PIGMENTOSA 80,disease
29080,C4540481,"MENTAL RETARDATION, AUTOSOMAL DOMINANT 53",disease
29083,C4540493,"NEURODEVELOPMENTAL DISORDER WITH MICROCEPHALY, SEIZURES, AND CORTICAL ATROPHY",disease
29084,C4540496,NEURODEVELOPMENTAL DISORDER WITH SEVERE MOTOR IMPAIRMENT AND ABSENT LANGUAGE,disease
29085,C4540497,RENAL HYPODYSPLASIA/APLASIA 3,disease
29095,C4540559,"NEPHROTIC SYNDROME, TYPE 14",disease
29134,C4551472,Hypertrophic obstructive cardiomyopathy,disease
29139,C4551477,SOTOS SYNDROME 1,disease
29142,C4551480,FRASER SYNDROME 1,disease
29143,C4551481,TOWNES-BROCKS SYNDROME 1,disease
29145,C4551483,SCLEROSTEOSIS 1,disease
29146,C4551484,Leopard Syndrome 1,disease
29147,C4551485,Clinodactyly,disease
29148,C4551486,ERYTHROKERATODERMIA VARIABILIS ET PROGRESSIVA 1,disease
29149,C4551487,Submucous cleft palate,disease
29150,C4551488,Bifid uvula,disease
29152,C4551490,Ovotestis,disease
29154,C4551492,Micropenis,disease
29155,C4551493,Situs inversus totalis,disease
29158,C4551496,"Hyperuricemic Nephropathy, Familial Juvenile 1",disease
29160,C4551499,"EHLERS-DANLOS SYNDROME, PERIODONTAL TYPE, 1",disease
29162,C4551501,"AMYLOIDOSIS, PRIMARY LOCALIZED CUTANEOUS, 1",disease
29163,C4551502,HYPERPHOSPHATASIA WITH MENTAL RETARDATION SYNDROME 1,disease
29165,C4551504,Oculocutaneous albinism type 1A,disease
29167,C4551506,Paroxysmal Nonkinesigenic Dyskinesia 1,disease
29170,C4551509,Jervell And Lange-Nielsen Syndrome 1,disease
29172,C4551511,X-linked sideroblastic anemia,disease
29173,C4551512,DEHYDRATED HEREDITARY STOMATOCYTOSIS 1 WITH OR WITHOUT PSEUDOHYPERKALEMIA AND/OR PERINATAL EDEMA,disease
29179,C4551520,Intention tremor,phenotype
29180,C4551521,Kinetic tremor,phenotype
29181,C4551527,Focal segmental glomerulosclerosis 1,disease
29186,C4551549,Early Infantile Epileptic Encephalopathy 6,disease
29189,C4551552,"Cerebellar Ataxia, Mental Retardation, And Dysequilibrium Syndrome 1",disease
29192,C4551557,IMMUNODEFICIENCY-CENTROMERIC INSTABILITY-FACIAL ANOMALIES SYNDROME 1,disease
29193,C4551558,"Fibromatosis, Gingival, Type 1",disease
29194,C4551559,Senior-Loken Syndrome 1,disease
29195,C4551560,Truncal obesity,phenotype
29197,C4551563,Microcephaly (physical finding),phenotype
29198,C4551564,Narrow nasal bridge,phenotype
29202,C4551568,Joubert syndrome 1,disease
29203,C4551570,2-3 toe syndactyly,disease
29204,C4551571,Cranioectodermal dysplasia,disease
29207,C4551583,Cerebral cortical atrophy,disease
29208,C4551584,Brain atrophy,disease
29211,C4551591,Increased HDL cholesterol concentration,phenotype
29212,C4551592,"SKIN CREASES, CONGENITAL SYMMETRIC CIRCUMFERENTIAL, 1",disease
29214,C4551595,"Biliary Cirrhosis, Primary, 1",disease
29215,C4551596,Abnormal renal morphology,disease
29216,C4551602,Noonan Syndrome 1,disease
29217,C4551623,"EHLERS-DANLOS SYNDROME, ARTHROCHALASIA TYPE, 1",disease
29218,C4551624,Idiopathic basal ganglia calcification 1,disease
29222,C4551630,Ichthyosis Congenita I,disease
29227,C4551637,"Erythrocytosis familial, 1",disease
29229,C4551647,Long QT Syndrome 1,disease
29230,C4551649,Congenital Dysplasia Of The Hip,disease
29234,C4551675,"Keratoderma, Palmoplantar",disease
29235,C4551676,Laryngismus stridulus,phenotype
29236,C4551679,"HYPERTROPHIC OSTEOARTHROPATHY, PRIMARY, AUTOSOMAL RECESSIVE, 1",disease
29237,C4551680,Generalized osteoporosis,disease
29238,C4551681,"Periodontitis, Aggressive, 1",disease
29239,C4551683,Adrenal Gland Pheochromocytoma,disease
29245,C4551693,Wolfram Syndrome 1,disease
29247,C4551702,Branchiootorenal Syndrome 1,disease
29248,C4551705,Abnormality of chromosome stability,phenotype
29249,C4551714,Rod-Cone Dystrophy,disease
29251,C4551720,Primary Ciliary Dyskinesia,disease
29252,C4551721,PERRAULT SYNDROME 1,disease
29253,C4551722,Encephalocele,disease
29256,C4551761,Excessive daytime sleepiness,phenotype
29260,C4551768,"CEREBRAL ARTERIOPATHY, AUTOSOMAL DOMINANT, WITH SUBCORTICAL INFARCTS AND LEUKOENCEPHALOPATHY, TYPE 1",disease
29263,C4551772,GALLOWAY-MOWAT SYNDROME 1,disease
29264,C4551773,ZIMMERMANN-LABAND SYNDROME 1,disease
29265,C4551774,FEINGOLD SYNDROME 1,disease
29266,C4551775,"Knobloch Syndrome, Type I",disease
29269,C4551804,Brugada Syndrome 1,disease
29271,C4551825,Megaloblastic Anemia 1,disease
29275,C4551838,Talipes transversoplanus,disease
29277,C4551851,Cornelia de Lange Syndrome 1,disease
29280,C4551854,HYPOPLASTIC LEFT HEART SYNDROME 1,disease
29281,C4551856,Asphyxiating Thoracic Dystrophy 1,disease
29282,C4551857,Juvenile Myoclonic Epilepsy of Janz,disease
29284,C4551859,RUBINSTEIN-TAYBI SYNDROME 1,disease
29286,C4551861,"Telangiectasia, Hereditary Hemorrhagic, Type 1",disease
29289,C4551864,VAN DER WOUDE SYNDROME 1,disease
29293,C4551895,Familial Cold Autoinflammatory Syndrome 1,disease
29294,C4551898,"Cholestasis, progressive familial intrahepatic 1",disease
29295,C4551899,"Cholestasis, benign recurrent intrahepatic 1",disease
29297,C4551902,"Craniosynostosis, Type 1",disease
29299,C4551904,Total Anomalous Pulmonary Venous Return 1,disease
29301,C4551906,"Ciliary Dyskinesia, Primary, 1, With Or Without Situs Inversus",disease
29303,C4551915,"Gait Disturbance, CTCAE",phenotype
29304,C4551936,"Anal Stenosis, CTCAE",phenotype
29305,C4551950,VAN MALDERGEM SYNDROME 1,disease
29306,C4551951,Inclusion Body Myopathy with Early-Onset Paget Disease with or without Frontotemporal Dementia 1,disease
29307,C4551952,"Myopathy, Centronuclear, 1",disease
29309,C4551954,HYPEREKPLEXIA 1,disease
29310,C4551955,"Loeys-Dietz Syndrome, Type 1a",disease
29311,C4551957,"Epilepsy, Familial Temporal Lobe 1",disease
29312,C4551958,"MYOPATHY, LACTIC ACIDOSIS, AND SIDEROBLASTIC ANEMIA 1",disease
29316,C4551962,"ACNE INVERSA, FAMILIAL, 1",disease
29317,C4551964,"GAZE PALSY, FAMILIAL HORIZONTAL, WITH PROGRESSIVE SCOLIOSIS, 1",disease
29319,C4551966,GLUT1 DEFICIENCY SYNDROME 1,disease
29321,C4551968,"Lissencephaly, X-Linked, 1",disease
29326,C4551973,Miyoshi Muscular Dystrophy 1,disease
29327,C4551974,"DYSKERATOSIS CONGENITA, AUTOSOMAL DOMINANT 1",disease
29330,C4551977,"Microphthalmos, Autosomal Recessive",disease
29332,C4551979,Nephronophthisis 1,disease
29333,C4551980,HEIMLER SYNDROME 1,disease
29334,C4551981,Familial Multiple Coagulation Factor Deficiency I,disease
29335,C4551982,TRICHOHEPATOENTERIC SYNDROME 1,disease
29336,C4551983,"EPILEPSY, FAMILIAL FOCAL, WITH VARIABLE FOCI 1",disease
29338,C4551985,"ARTERIAL CALCIFICATION, GENERALIZED, OF INFANCY, 1",disease
29342,C4551990,Acanthocytosis With Hypobetalipoproteinemia,disease
29343,C4551992,ANTERIOR SEGMENT DYSGENESIS 1,disease
29344,C4551993,"Amyotrophic Lateral Sclerosis, Familial",disease
29345,C4551995,Mitochondrial DNA Depletion Syndrome 1,disease
29346,C4551996,Auriculocondylar syndrome 1,disease
29347,C4551998,"Porencephaly, Type 1, Autosomal Dominant",disease
29348,C4551999,"MACULAR DYSTROPHY, PATTERNED, 1",disease
29349,C4552000,Episodic Kinesigenic Dyskinesia 1,disease
29350,C4552001,MEIER-GORLIN SYNDROME 1,disease
29351,C4552002,WEILL-MARCHESANI SYNDROME 1,disease
29352,C4552003,"EHLERS-DANLOS SYNDROME, SPONDYLODYSPLASTIC TYPE, 1",disease
29353,C4552004,Distal Myopathy 1,disease
29354,C4552011,Gonadotropin deficiency,disease
29356,C4552029,CEREBRORETINAL MICROANGIOPATHY WITH CALCIFICATIONS AND CYSTS 1,disease
29360,C4552049,"PALMOPLANTAR KERATODERMA, NONEPIDERMOLYTIC, FOCAL 1",disease
29362,C4552070,"Pulmonary Hypertension, Primary, 1",disease
29363,C4552072,X-linked infantile spasms,disease
29364,C4552078,PSEUDO-TORCH SYNDROME 1,disease
29365,C4552079,Premature Ovarian Failure 1,disease
29366,C4552089,"HYPOCALCEMIA, AUTOSOMAL DOMINANT 1, WITH BARTTER SYNDROME",disease
29367,C4552091,"Polyarthritis, Juvenile, Rheumatoid Factor Negative",disease
29370,C4552097,Nevus Sebaceus of Jadassohn,disease
29371,C4552100,Lynch Syndrome,disease
29372,C4552122,"EHLERS-DANLOS SYNDROME, CLASSIC TYPE, 1",disease
29407,C4552662,"Rhinorrhea, CTCAE",phenotype
29412,C4552766,Miscarriage,disease
29414,C4552810,"Irritability, CTCAE",phenotype
29415,C4552811,"Generalized Muscle Weakness, CTCAE",phenotype
29416,C4552839,"Hypomagnesemia, CTCAE",phenotype
29417,C4552855,"Agitation, CTCAE 5.0",phenotype
29425,C4553087,"Myoclonic Epilepsy, Juvenile, 1",disease
29427,C4553157,Interleukin 1 Receptor-Like 1 Measurement,phenotype
29430,C4553297,Cystic Echinocccosis,disease
29432,C4553313,"Periorbital Edema, CTCAE",phenotype
29440,C4553705,Absence Seizure Disorder,disease
29441,C4553743,"Spasticity, CTCAE",phenotype
29446,C4553765,"Memory Impairment, CTCAE 5.0",phenotype
29448,C4553962,"Hyperkeratosis, CTCAE",phenotype
29449,C4553976,"Urinary Urgency, CTCAE 5",phenotype
29450,C4554007,Uveoretinal Coloboma,disease
29452,C4554036,"Nystagmus, CTCAE 5.0",phenotype
29454,C4554063,"Bone Pain, CTCAE 5.0",phenotype
29456,C4554117,"Diabetes Mellitus, Sudden-Onset",disease
29458,C4554166,"Hepatic Necrosis, CTCAE 5.0",phenotype
29463,C4554421,"AMYLOIDOSIS, PRIMARY LOCALIZED CUTANEOUS, 3",disease
29466,C4554651,"Generalized Edema, CTCAE",phenotype
29491,C4692546,"PROTOPORPHYRIA, ERYTHROPOIETIC, 1",disease
29492,C4692564,"TUMORAL CALCINOSIS, HYPERPHOSPHATEMIC, FAMILIAL, 1",disease
29494,C4692625,SHWACHMAN-DIAMOND SYNDROME 1,disease
29499,C4693347,ALKURAYA-KUCINSKAS SYNDROME,disease
29502,C4693362,"EPILEPTIC ENCEPHALOPATHY, INFANTILE OR EARLY CHILDHOOD, 2",disease
29503,C4693367,"EPILEPTIC ENCEPHALOPATHY, EARLY INFANTILE, 58",disease
29505,C4693376,DEVELOPMENTAL DELAY AND SEIZURES WITH OR WITHOUT MOVEMENT ABNORMALITIES,disease
29507,C4693389,"MENTAL RETARDATION, AUTOSOMAL DOMINANT 56",disease
29510,C4693405,"NEURODEVELOPMENTAL DISORDER WITH MOVEMENT ABNORMALITIES, ABNORMAL GAIT, AND AUTISTIC FEATURES",disease
29514,C4693466,COMBINED OXIDATIVE PHOSPHORYLATION DEFICIENCY 35,disease
29517,C4693481,"SHORT STATURE, FACIAL DYSMORPHISM, AND SKELETAL ANOMALIES WITH OR WITHOUT CARDIAC ANOMALIES",disease
29524,C4693535,"LEUKODYSTROPHY, HYPOMYELINATING, 14",disease
29525,C4693542,"ENCEPHALOPATHY, ACUTE, INFECTION-INDUCED (HERPES-SPECIFIC), SUSCEPTIBILITY TO, 8",phenotype
29526,C4693546,NEURODEVELOPMENTAL DISORDER WITH POOR LANGUAGE AND LOSS OF HAND SKILLS,disease
29528,C4693552,"ERYTHROCYTOSIS, FAMILIAL, 5",disease
29530,C4693563,"CONGENITAL HEART DEFECTS, MULTIPLE TYPES, 5",disease
29534,C4693583,NEURODEGENERATION WITH BRAIN IRON ACCUMULATION 7,disease
29536,C4693609,"AMYOTROPHIC LATERAL SCLEROSIS, SUSCEPTIBILITY TO, 25",phenotype
29537,C4693613,"EPILEPSY, JUVENILE MYOCLONIC, SUSCEPTIBILITY TO, 10",phenotype
29540,C4693651,OROFACIODIGITAL SYNDROME XVIII,disease
29545,C4693694,"EPILEPSY, FAMILIAL FOCAL, WITH VARIABLE FOCI 4",disease
29546,C4693699,"EPILEPTIC ENCEPHALOPATHY, EARLY INFANTILE, 62",disease
29548,C4693722,COMBINED OXIDATIVE PHOSPHORYLATION DEFICIENCY 36,disease
29553,C4693751,SPERMATOGENIC FAILURE 24,disease
29559,C4693797,"METHEMOGLOBINEMIA, BETA TYPE",disease
29560,C4693799,"SPONDYLOEPIMETAPHYSEAL DYSPLASIA, DI ROCCO TYPE",disease
29563,C4693822,"ERYTHROCYTOSIS, FAMILIAL, 6",disease
29564,C4693823,"ERYTHROCYTOSIS, FAMILIAL, 7",disease
29572,C4693864,"TUMORAL CALCINOSIS, HYPERPHOSPHATEMIC, FAMILIAL, 3",disease
29573,C4693870,"EHLERS-DANLOS SYNDROME, CLASSIC-LIKE, 2",disease
29574,C4693893,"DEAFNESS, AUTOSOMAL RECESSIVE 57",disease
29575,C4693899,"EPILEPTIC ENCEPHALOPATHY, EARLY INFANTILE, 64",disease
29580,C4693934,"EPILEPTIC ENCEPHALOPATHY, INFANTILE OR EARLY CHILDHOOD, 3",disease
29584,C4693948,"DRUG METABOLISM, ALTERED, CYP2C8-RELATED",disease
29587,C4693964,"NEURODEVELOPMENTAL DISORDER WITH HYPERKINETIC MOVEMENTS WITHOUT SEIZURES, AUTOSOMAL RECESSIVE",disease
29588,C4693974,"METHYLMALONIC ACIDURIA AND HOMOCYSTINURIA, cblC TYPE, DIGENIC",disease
29590,C4693994,"CILIARY DYSKINESIA, PRIMARY, 7, WITH SITUS INVERSUS",disease
29596,C4694035,SHORT-RIB THORACIC DYSPLASIA 7 WITHOUT POLYDACTYLY,disease
29617,C4703436,Impaired nasal mucociliary clearance,phenotype
29618,C4703439,Abnormality of fundus pigmentation,phenotype
29619,C4703449,Aborted sudden cardiac death,phenotype
29630,C4703554,Increased waist to hip ratio,phenotype
29631,C4703555,Decreased waist to hip ratio,phenotype
29633,C4703574,Sleep-wake inversion,phenotype
29652,C4703633,Increased level of L-fucose in urine,phenotype
29661,C4703642,Increased level of L-pyroglutamic acid in urine,phenotype
29663,C4703646,Eosinophilic infiltration of the esophagus,phenotype
29673,C4704862,"Polyarthritis, Juvenile, Rheumatoid Factor Positive",disease
29674,C4704874,"Mammary Carcinoma, Human",disease
29677,C4704885,Fibrocartilaginous Dysplasia of Bone,disease
29704,C4706584,Megakaryoblastic acute myeloid leukemia with t(1;22)(p13;q13),disease
29707,C4706677,Male infertility with teratozoospermia due to single gene mutation,disease
29722,C4707243,Familial thoracic aortic aneurysm and aortic dissection,disease
29734,C4707658,Acute encephalopathy with biphasic seizures and late reduced diffusion,disease
29760,C4721411,Osteolysis,phenotype
29767,C4721436,"NEUROPATHY, CONGENITAL HYPOMYELINATING, 1, AUTOSOMAL RECESSIVE",disease
29770,C4721444,Burkitt Leukemia,disease
29772,C4721453,Peripheral Nervous System Diseases,group
29773,C4721502,Peripheral dysostosis,disease
29775,C4721507,"Alveolitis, Fibrosing",disease
29776,C4721508,Hamman-Rich Disease,disease
29777,C4721509,Usual Interstitial Pneumonia,disease
29779,C4721531,"HYPER-IgE RECURRENT INFECTION SYNDROME 1, AUTOSOMAL DOMINANT",disease
29780,C4721532,"Lymphoma, Non-Hodgkin, Familial",disease
29781,C4721541,PEROXISOME BIOGENESIS DISORDER 1A (ZELLWEGER),disease
29782,C4721549,Autosomal dominant neovascular inflammatory vitreoretinopathy,phenotype
29787,C4721579,Secondary malignant neoplasm of colon and/or rectum,disease
29788,C4721610,"Carcinoma, Ovarian Epithelial",disease
29795,C4721769,Citrullinemia Type 1,disease
29802,C4721806,"Carcinoma, Basal Cell",disease
29808,C4721845,"Marfan Syndrome, Type I",disease
29810,C4721885,"MUSCULAR DYSTROPHY, LIMB-GIRDLE, AUTOSOMAL DOMINANT 1",disease
29812,C4721887,"CHARCOT-MARIE-TOOTH DISEASE, AXONAL, AUTOSOMAL DOMINANT, TYPE 2A2A",disease
29813,C4721889,SPERMATOGENIC FAILURE 3,disease
29814,C4721890,"CATARACT 2, MULTIPLE TYPES",disease
29815,C4721891,"HYPOMAGNESEMIA 5, RENAL, WITH OR WITHOUT OCULAR INVOLVEMENT",disease
29817,C4721916,HMSN Type V,disease
29821,C4721952,Familial Idiopathic Pulmonary Fibrosis,disease
29822,C4722014,Kynurenine Measurement,phenotype
29833,C4722273,"ISOLATED GROWTH HORMONE DEFICIENCY, TYPE IV",disease
29835,C4722277,"NEUROPATHY, CONGENITAL HYPOMYELINATING, 2",disease
29836,C4722305,"HYPER-IgE RECURRENT INFECTION SYNDROME 2, AUTOSOMAL RECESSIVE",disease
29838,C4722327,"PROSTATE CANCER, HEREDITARY, 1",disease
29842,C4722446,"ENCEPHALITIS/ENCEPHALOPATHY, MILD, WITH REVERSIBLE MYELIN VACUOLIZATION",disease
29939,C4728213,PIK3CA related overgrowth spectrum,disease
29945,C4732740,Acral ulceration,phenotype
29953,C4732793,Polyminimyoclonus,phenotype
30018,C4746547,"ALPORT SYNDROME 3, AUTOSOMAL DOMINANT",disease
30020,C4746745,"ALPORT SYNDROME 2, AUTOSOMAL RECESSIVE",disease
30022,C4746851,PROTEASOME-ASSOCIATED AUTOINFLAMMATORY SYNDROME 1,disease
30023,C4746956,"OSTEOGENESIS IMPERFECTA, TYPE XIX",disease
30024,C4746970,"HEMOLYTIC ANEMIA, CONGENITAL, X-LINKED",disease
30026,C4746984,"MITOCHONDRIAL COMPLEX I DEFICIENCY, NUCLEAR TYPE 12",disease
30028,C4746986,"ALPORT SYNDROME 1, X-LINKED",disease
30029,C4746992,"MITOCHONDRIAL COMPLEX I DEFICIENCY, MITOCHONDRIAL TYPE 1",disease
30031,C4747394,CAPILLARY MALFORMATION-ARTERIOVENOUS MALFORMATION 1,disease
30032,C4747517,"MITOCHONDRIAL COMPLEX I DEFICIENCY, NUCLEAR TYPE 20",disease
30034,C4747646,LYMPHATIC MALFORMATION 3,disease
30037,C4747737,RETINITIS PIGMENTOSA 82 WITH OR WITHOUT SITUS INVERSUS,disease
30045,C4747940,HUMEROFEMORAL HYPOPLASIA WITH RADIOTIBIAL RAY DEFICIENCY,disease
30047,C4747961,"CORNEAL DYSTROPHY, POSTERIOR POLYMORPHOUS, 4",disease
30048,C4747974,"CHARCOT-MARIE-TOOTH DISEASE, AXONAL, TYPE 2DD",disease
30052,C4748003,"MENTAL RETARDATION, AUTOSOMAL DOMINANT 57",disease
30053,C4748014,"CARDIOMYOPATHY, FAMILIAL HYPERTROPHIC 27",disease
30054,C4748032,NEURODEVELOPMENTAL DISORDER WITH CEREBELLAR ATROPHY AND WITH OR WITHOUT SEIZURES,disease
30056,C4748041,INTELLECTUAL DEVELOPMENTAL DISORDER WITH OR WITHOUT EPILEPSY OR CEREBELLAR ATAXIA,disease
30057,C4748044,POLYCYSTIC KIDNEY DISEASE 6 WITH OR WITHOUT POLYCYSTIC LIVER DISEASE,disease
30058,C4748052,"CILIARY DYSKINESIA, PRIMARY, 38",disease
30061,C4748081,NEURODEVELOPMENTAL DISORDER WITH SPASTICITY AND POOR GROWTH,disease
30068,C4748127,"NEURODEVELOPMENTAL DISORDER WITH REGRESSION, ABNORMAL MOVEMENTS, LOSS OF SPEECH, AND SEIZURES",disease
30069,C4748135,INTELLECTUAL DEVELOPMENTAL DISORDER WITH DYSMORPHIC FACIES AND BEHAVIORAL ABNORMALITIES,disease
30070,C4748137,NEURODEVELOPMENTAL DISORDER WITH EPILEPSY AND HYPOPLASIA OF THE CORPUS CALLOSUM,disease
30079,C4748197,"OSTEOPETROSIS, AUTOSOMAL DOMINANT 3",disease
30080,C4748212,IMMUNODEFICIENCY 57,disease
30081,C4748219,"MENTAL RETARDATION, AUTOSOMAL RECESSIVE 65",disease
30092,C4748304,IMMUNODEFICIENCY 58,disease
30094,C4748327,"MUSCULAR DYSTROPHY, LIMB-GIRDLE, AUTOSOMAL RECESSIVE 23",disease
30096,C4748341,"EPILEPTIC ENCEPHALOPATHY, EARLY INFANTILE, 67",disease
30100,C4748374,"DEAFNESS, AUTOSOMAL RECESSIVE 111",disease
30106,C4748418,"OPHTHALMOPLEGIA, EXTERNAL, WITH RIB AND VERTEBRAL ANOMALIES",disease
30108,C4748428,"INTELLECTUAL DEVELOPMENTAL DISORDER WITH MACROCEPHALY, SEIZURES, AND SPEECH DELAY",disease
30109,C4748435,"ISOLATED GROWTH HORMONE DEFICIENCY, TYPE V",disease
30110,C4748442,JOUBERT SYNDROME 35,disease
30112,C4748484,"CARDIAC, FACIAL, AND DIGITAL ANOMALIES WITH DEVELOPMENTAL DELAY",disease
30113,C4748488,BONE MARROW FAILURE SYNDROME 5,disease
30116,C4748536,RETINITIS PIGMENTOSA 83,disease
30118,C4748545,"NEPHROTIC SYNDROME, TYPE 17",disease
30119,C4748549,"NEPHROTIC SYNDROME, TYPE 18",disease
30126,C4748608,"NEUROPATHY, CONGENITAL HYPOMYELINATING, 3",disease
30129,C4748657,POLYCYSTIC LIPOMEMBRANOUS OSTEODYSPLASIA WITH SCLEROSING LEUKOENCEPHALOPATHY 2,disease
30131,C4748670,CAPILLARY MALFORMATION-ARTERIOVENOUS MALFORMATION 2,disease
30134,C4748688,"EPILEPTIC ENCEPHALOPATHY, EARLY INFANTILE, 68",disease
30136,C4748701,SNIJDERS BLOK-CAMPEAU SYNDROME,disease
30141,C4748737,"MITOCHONDRIAL COMPLEX I DEFICIENCY, NUCLEAR TYPE 2",disease
30145,C4748754,"MITOCHONDRIAL COMPLEX I DEFICIENCY, NUCLEAR TYPE 5",disease
30146,C4748759,"MITOCHONDRIAL COMPLEX I DEFICIENCY, NUCLEAR TYPE 6",disease
30148,C4748766,"MITOCHONDRIAL COMPLEX I DEFICIENCY, NUCLEAR TYPE 8",disease
30149,C4748767,"MITOCHONDRIAL COMPLEX I DEFICIENCY, NUCLEAR TYPE 9",disease
30150,C4748768,"MITOCHONDRIAL COMPLEX I DEFICIENCY, NUCLEAR TYPE 10",disease
30151,C4748769,"MITOCHONDRIAL COMPLEX I DEFICIENCY, NUCLEAR TYPE 11",disease
30156,C4748786,"MITOCHONDRIAL COMPLEX I DEFICIENCY, NUCLEAR TYPE 17",disease
30158,C4748791,"MITOCHONDRIAL COMPLEX I DEFICIENCY, NUCLEAR TYPE 19",disease
30163,C4748806,"MITOCHONDRIAL COMPLEX I DEFICIENCY, NUCLEAR TYPE 25",disease
30165,C4748826,"MITOCHONDRIAL COMPLEX I DEFICIENCY, NUCLEAR TYPE 27",disease
30166,C4748827,"MITOCHONDRIAL COMPLEX I DEFICIENCY, NUCLEAR TYPE 28",disease
30169,C4748839,"MITOCHONDRIAL COMPLEX I DEFICIENCY, NUCLEAR TYPE 32",disease
30170,C4748840,"MITOCHONDRIAL COMPLEX I DEFICIENCY, NUCLEAR TYPE 33",disease
30171,C4748841,"CILIARY DYSKINESIA, PRIMARY, 39",disease
30173,C4748869,MIRROR MOVEMENTS 4,disease
30179,C4748927,MEGA-CORPUS-CALLOSUM SYNDROME WITH CEREBELLAR HYPOPLASIA AND CORTICAL MALFORMATIONS,disease
30182,C4748939,"FIBROSIS, NEURODEGENERATION, AND CEREBRAL ANGIOMATOSIS",disease
30190,C4748993,"MACROCEPHALY, ACQUIRED, WITH IMPAIRED INTELLECTUAL DEVELOPMENT",disease
30194,C4749019,"INTELLECTUAL DEVELOPMENTAL DISORDER, AUTOSOMAL RECESSIVE 67",disease
30207,C4749147,"NEUROPATHY, CONGENITAL HYPOMYELINATING, 1, AUTOSOMAL DOMINANT",disease
30211,C4749281,Early-onset epileptic encephalopathy and intellectual disability due to GRIN2A mutation,phenotype
30230,C4749652,Hereditary site-specific ovarian cancer syndrome,disease
30244,C4750718,Cyclin-dependent kinase-like 5 deficiency,disease
30269,C4751573,Periodic paralysis with later-onset distal motor neuropathy,disease
30290,C4757950,Isolated ATP synthase deficiency,disease
