diseaseNID,diseaseClassNID
18368,20
13058,20
420,20
13198,20
1827,20
15673,20
29316,20
2256,20
2788,20
3060,20
11262,20
29770,20
20848,20
9971,20
32,20
23283,20
2876,20
530,20
8858,20
3062,20
8420,20
10732,20
1997,20
91,20
15477,20
5806,20
1817,20
2460,20
8904,20
1579,20
4123,20
1396,20
10360,20
1950,20
11417,20
10359,20
248,20
17653,20
185,20
1716,20
8876,20
8449,20
936,20
410,20
3167,20
3195,20
3511,20
2028,20
2337,20
3064,20
2728,20
1712,20
609,20
3077,20
16013,20
298,20
19825,20
19824,20
3254,20
926,20
1064,20
23573,20
17695,20
11049,20
959,20
9848,20
1868,20
12838,20
29430,20
18493,20
16808,20
1184,20
299,20
969,20
3166,20
1709,20
225,20
1710,20
16183,20
1393,20
2681,20
1948,20
1172,20
3078,20
1349,20
9906,20
1947,20
10884,20
1718,20
3477,20
752,20
1413,20
1350,20
2276,20
4219,20
1391,20
1802,20
407,20
28647,20
2710,20
1685,20
1867,20
5618,20
5679,20
1367,20
2751,20
1361,20
5409,20
18509,20
1794,20
2684,20
4077,20
2649,20
494,20
16017,20
1612,20
384,20
15293,20
929,20
19904,20
2502,20
2596,20
2463,20
728,20
23421,20
463,20
2808,20
3533,20
1363,20
1869,20
2461,20
3048,20
3011,20
910,20
433,20
3435,20
10738,20
23433,20
2767,20
591,20
8439,20
3478,20
3870,7
13172,7
1651,7
3195,7
11067,7
454,7
7802,7
2475,7
22684,7
17198,7
13954,7
13887,7
19449,7
3216,7
7442,7
3129,7
5674,7
11069,7
14966,7
3281,7
1732,7
14022,7
21412,7
2678,7
7850,7
1737,7
3272,7
19322,7
14184,7
4410,7
14057,7
3616,7
13803,7
4486,7
7401,7
453,7
7266,7
4591,7
3308,7
2708,7
856,7
14382,7
461,7
14123,7
10490,7
3852,7
19219,7
1741,7
2007,7
761,7
14994,7
14438,7
18771,7
5320,7
7838,7
3717,7
1025,7
13187,7
1847,7
8630,7
3879,7
1790,7
9647,7
7840,7
8875,7
457,7
7839,7
8395,7
15404,7
9776,7
11162,7
7173,7
948,7
11066,7
21468,7
4399,7
29356,7
7259,7
4494,7
19717,7
15970,7
3844,7
4477,7
9689,7
17197,7
8597,7
20116,7
4420,7
2781,7
13640,7
21232,7
16348,7
1417,7
3140,7
2344,7
15711,7
397,7
532,7
10934,7
13811,7
27008,7
10129,7
18671,7
2524,7
13502,7
15511,7
1880,7
4388,7
23434,7
11537,7
14042,7
11845,7
7861,7
7886,7
462,7
5632,7
5588,7
7361,7
5591,7
9643,7
19389,7
4472,7
7274,7
1294,7
4562,7
10130,7
14385,7
1210,7
3841,7
7453,7
15406,7
1726,7
4387,7
2418,7
3271,7
1733,7
12459,7
122,7
14083,7
8580,7
3885,7
3925,7
4584,7
1145,7
8492,7
4505,7
459,7
4379,7
8789,7
8591,7
18651,7
2164,7
7474,7
29780,7
13299,7
2056,7
19557,7
13459,7
3789,7
2264,7
3316,7
2527,7
16317,7
15331,7
1938,7
8683,7
6368,7
469,7
1915,7
13056,7
5138,7
2289,7
7258,7
638,7
1785,7
5913,7
29838,7
4557,7
3122,7
7884,7
10874,7
7491,7
11661,7
17820,7
28478,7
1725,7
16351,7
10915,7
8097,7
10558,7
8577,7
14321,7
21407,7
10975,7
3884,7
2147,7
13307,7
2322,7
16364,7
14448,7
3554,7
1742,7
2068,7
14521,7
2412,7
22124,7
19944,7
19335,7
2162,7
465,7
4575,7
19551,7
21408,7
14992,7
305,7
13458,7
13203,7
24119,7
2616,7
3838,7
3915,7
10132,7
1744,7
10521,7
10815,7
13361,7
3241,7
1941,7
5969,7
575,7
470,7
12835,7
17117,7
19496,7
29770,7
4373,7
2832,7
4378,7
2043,7
8795,7
13293,7
13976,7
2140,7
2940,7
4578,7
3275,7
8805,7
1147,7
1739,7
4589,7
14519,7
2326,7
22886,7
4590,7
13316,7
7372,7
7216,7
7313,7
466,7
16582,7
634,7
4422,7
14884,7
7930,7
7418,7
3715,7
2973,7
14324,7
12924,7
27160,7
1922,7
1842,7
7425,7
3491,7
10474,7
13313,7
4372,7
14451,7
9051,7
16604,7
3913,7
2437,7
21426,7
2993,7
4449,7
6369,7
4549,7
28721,7
8693,7
337,7
21276,7
23512,7
11965,7
20321,7
14943,7
3263,7
16641,7
18414,7
15051,7
3267,7
1727,7
8642,7
3269,7
10524,7
2473,7
21548,7
1968,7
29370,7
2480,7
20437,7
6598,7
449,7
1734,7
12864,7
12574,7
5563,7
22249,7
695,7
8586,7
2499,7
4380,7
21482,7
22801,7
464,7
3847,7
29239,7
467,7
1754,7
1755,7
7837,7
8666,7
4521,7
13201,7
13457,7
13805,7
308,7
7841,7
7845,7
3314,7
1846,7
29802,7
3577,7
11938,7
7437,7
1937,7
11389,7
14352,7
10033,7
493,7
2970,7
332,7
4161,7
14365,7
3340,7
7686,7
69,7
7334,7
15837,7
13620,7
4385,7
9652,7
1879,7
2308,7
11676,7
15859,7
688,7
14959,7
8578,7
29371,7
17838,7
25174,7
2669,7
560,7
11694,7
1584,7
3126,7
1746,7
1750,7
10118,7
1831,7
7417,7
17771,7
1835,7
16090,7
637,7
14325,7
8605,7
22146,7
7525,7
18195,7
19454,7
8677,7
20175,7
1090,7
1936,7
8682,7
2105,7
5903,7
574,7
28715,7
10917,7
5971,7
1194,7
1707,7
2200,7
26494,7
450,7
14926,7
8629,7
11655,7
3927,7
9927,7
341,7
4563,7
4570,7
3880,7
1804,7
15683,7
19519,7
3277,7
2148,7
17559,7
10540,7
3890,7
1897,7
2890,7
2410,7
5272,7
26278,7
8125,7
16283,7
4416,7
11706,7
8595,7
3898,7
4421,7
387,7
23439,7
11613,7
7420,7
395,7
4556,7
4527,7
16598,7
7338,7
13352,7
3857,7
2103,7
3860,7
3324,7
8864,7
5619,7
3415,7
8624,7
8868,7
14804,7
15194,7
22101,7
5321,7
4469,7
14591,7
27255,7
4374,7
9644,7
4377,7
18323,7
15948,7
15405,7
1876,7
3266,7
2133,7
4481,7
1731,7
1309,7
1310,7
448,7
19970,7
3788,7
3843,7
4511,7
4512,7
8598,7
10119,7
714,7
21226,7
1010,7
4491,7
2146,7
28328,7
639,7
4525,7
29674,7
10576,7
727,7
4371,7
10128,7
5603,7
4532,7
3016,7
23240,7
5717,7
2104,7
2108,7
11217,7
579,7
2819,7
1312,7
2290,7
10126,7
2124,7
19218,7
7367,7
1819,7
6080,7
13315,7
3124,7
4375,7
29360,7
29212,7
7315,7
5164,7
13305,7
528,7
11795,7
371,7
21304,7
20282,7
7851,7
4411,7
1803,7
4508,7
11705,7
9322,7
17961,7
2077,7
4543,7
4450,7
398,7
1752,7
29788,7
14548,7
1844,7
3670,7
4407,7
27009,7
3675,7
24128,7
8439,7
14350,7
7343,7
54,7
14327,7
3273,7
2024,7
3866,7
2119,7
5631,7
1767,7
14646,7
431,7
19287,7
1768,7
57,7
8887,7
4381,7
14597,7
4386,7
1163,7
447,7
29289,7
420,7
11847,7
22242,7
8581,7
14602,7
18370,7
3462,7
14651,7
4436,7
1193,7
1267,7
21066,7
9320,7
15640,7
2088,7
3138,7
19235,7
1369,7
18427,7
2822,7
19558,7
20702,7
12467,7
1843,7
15352,7
7430,7
2093,7
2434,7
19338,7
8658,7
22959,7
7856,7
15259,7
11535,7
3082,7
19155,7
19605,7
3276,7
2143,7
1735,7
9392,7
7426,7
11038,7
1150,7
4376,7
21404,7
3265,7
4384,7
53,7
13520,7
4398,7
19502,7
14133,7
1747,7
4530,7
2107,7
4542,7
11536,7
1370,7
15922,7
2312,7
29787,7
2054,7
11394,7
7846,7
14649,7
1994,7
10303,7
4526,7
8950,7
4529,7
967,7
4540,7
6372,7
8708,7
21091,7
15257,7
3233,7
13034,7
10542,7
12138,7
15806,7
20084,7
22800,7
3264,7
15369,7
7853,7
6370,7
2999,7
1275,7
15899,7
8681,7
7852,7
463,7
1095,7
14564,7
13488,7
11518,7
3855,7
20703,7
10911,7
4500,7
2998,7
19813,7
4498,7
271,7
2114,7
4501,7
455,7
2111,7
11192,7
4401,7
1848,7
15898,7
5970,7
19146,25
5954,25
20897,25
5496,25
29284,25
22001,25
10685,25
33,25
6730,25
22144,25
9336,25
5952,25
15889,25
19348,25
11673,25
6024,25
17684,25
9041,25
30269,25
1473,25
19400,25
20475,25
10684,25
4608,25
1471,25
4282,25
15893,25
29281,25
17486,25
13060,25
5951,25
17825,25
20523,25
19347,25
9737,25
4609,25
4286,25
9732,25
12753,25
18514,25
16355,25
12182,25
2866,25
18662,25
22297,25
10682,25
26256,25
5927,25
11566,25
10675,25
21406,25
2791,25
29142,25
937,25
9742,25
25469,25
26137,25
82,25
11181,25
9778,25
2428,25
19671,25
9777,25
13196,25
6216,25
17081,25
1489,25
2259,25
4444,25
11567,25
15891,25
17343,25
20233,25
6813,25
9741,25
19442,25
21408,25
9378,25
28752,25
5764,25
29760,25
19345,25
27789,25
16304,25
6018,25
14081,25
22865,25
16344,25
4133,25
29317,25
17940,25
17841,25
16587,25
1809,25
7466,25
17052,25
12947,25
10792,25
19443,25
22914,25
17137,25
6455,25
16992,25
858,25
696,25
17995,25
18816,25
9771,25
18368,25
17172,25
29808,25
13062,25
4605,25
21360,25
17834,25
3633,25
4752,25
8716,25
17400,25
8562,25
11121,25
15311,25
5920,25
5919,25
21569,25
862,25
22389,25
9395,25
18562,25
9291,25
4169,25
29306,25
18984,25
18720,25
17682,25
12988,25
18461,25
29367,25
21873,25
17082,25
4236,25
22913,25
1979,25
18923,25
20858,25
21579,25
4745,25
9661,25
19656,25
20348,25
5955,25
25185,25
20560,25
16087,25
18752,25
4274,25
21510,25
26019,25
8923,25
1618,25
19702,25
1313,25
2261,25
10686,25
2749,25
10461,25
1117,25
2262,25
16686,25
6725,25
12151,25
5949,25
4203,25
20270,25
18394,25
6400,25
24206,25
18278,25
10791,25
612,25
2239,25
4743,25
11691,25
10543,25
4744,25
23453,25
2242,25
20898,25
20565,25
12157,25
6814,25
23066,25
17482,25
17718,25
15812,25
29204,25
17254,25
5551,25
8570,25
7586,25
17978,25
185,25
19751,25
15707,25
20956,25
29351,25
18231,25
12111,25
18729,25
5655,25
2476,25
1219,25
12091,25
21321,25
2257,25
22807,25
9377,25
781,25
17347,25
21055,25
4767,25
15767,25
4130,25
2938,25
15688,25
2033,25
16881,25
607,25
20234,25
19425,25
17977,25
21440,25
308,25
20783,25
4741,25
18143,25
16080,25
5435,25
21643,25
7607,25
18198,25
9762,25
4276,25
23400,25
18029,25
13301,25
16459,25
21087,25
9337,25
24702,25
24050,25
19863,25
4128,25
15789,25
10559,25
13050,25
5906,25
1140,25
17266,25
18731,25
2258,25
9775,25
19039,25
18245,25
5953,25
19752,25
16065,25
15037,25
21711,25
29350,25
20312,25
5567,25
9722,25
697,25
4165,25
22150,25
2704,25
5773,25
1399,25
6003,25
2957,25
25389,25
29146,25
17955,25
12043,25
229,25
2071,25
16707,25
6033,25
1700,25
4799,25
18531,25
20811,25
10776,25
19758,25
18677,25
19219,25
10670,25
6068,25
17678,25
1104,25
2023,25
11026,25
16620,25
2256,25
23203,25
27790,25
16452,25
18661,25
21768,25
17585,25
5171,25
20659,25
16027,25
18064,25
9392,25
2550,25
21469,25
4635,25
13651,25
16769,25
17813,25
5462,25
6736,25
6007,25
9745,25
6001,25
14002,25
17004,25
20786,25
15698,25
24359,25
13883,25
4746,25
29230,25
19660,25
17656,25
18847,25
17621,25
4617,25
17830,25
16186,25
12910,25
16261,25
29264,25
4132,25
5167,25
29265,25
16206,25
9749,25
248,25
9751,25
12841,25
2263,25
18111,25
12815,25
24428,25
29297,25
9969,25
19430,25
11385,25
21064,25
1234,25
20784,25
12125,25
5964,25
1589,25
15883,25
18921,25
17691,25
6456,25
2868,25
5791,25
29312,25
1996,25
17230,25
27237,25
2967,25
16086,25
5948,25
8228,25
13051,25
17262,25
1805,25
3688,25
4798,25
20590,25
2175,25
23167,25
23024,25
6375,25
23383,25
1978,25
27359,25
23445,25
12097,25
18595,25
9924,25
2034,25
19728,25
371,25
18673,25
6006,25
20570,25
18900,25
20633,25
8305,25
15809,25
5809,25
17002,25
15594,25
5941,25
18999,25
5943,25
19260,25
12126,25
5552,25
8292,25
19207,25
4601,25
4279,25
4278,25
12204,25
8161,25
20586,25
2080,25
14918,25
19036,25
9660,25
2691,25
1109,25
5908,25
3088,25
18699,25
24435,25
19798,25
5977,25
9437,25
18803,25
5932,25
20566,25
250,25
13912,25
10508,25
5935,25
2241,25
17878,25
4166,25
18152,25
5297,25
20511,25
17986,25
3466,25
17096,25
5939,25
29305,25
6010,25
16370,25
6495,25
18352,25
26875,25
20887,25
4275,25
17438,25
19096,25
18518,25
10996,25
11674,25
17645,25
23586,25
16957,25
3684,25
29289,25
18214,25
9358,25
22631,25
19915,25
6454,25
9714,25
4629,25
20500,25
5930,25
15829,25
20955,25
21298,25
249,25
29673,25
18936,25
9754,25
11478,25
1088,25
6027,25
23457,25
2676,25
18051,25
16105,25
16703,25
538,25
19027,25
20454,25
19661,25
17505,25
16611,25
5903,25
16251,25
2472,25
27234,25
2965,25
29158,25
15212,25
1064,25
2870,25
4676,25
17079,25
17677,25
22703,25
21320,25
5285,25
9743,25
14919,25
5907,25
19652,25
21355,25
18403,25
18905,25
1891,25
18705,25
11959,25
17559,25
18563,25
3234,25
24121,25
5356,25
16205,25
10437,25
9759,25
2246,25
17692,25
22514,25
21061,25
17757,25
9761,25
4599,25
15988,25
16082,25
24235,25
4199,25
9738,25
15055,25
21517,25
5947,25
19605,25
21763,25
9712,25
14045,25
29263,25
16222,25
15963,25
21264,25
18696,25
18395,25
29353,25
18800,25
16331,25
15968,25
22017,25
379,25
16336,25
10688,25
4237,25
17525,25
8879,25
17504,25
17356,25
9371,25
17494,25
22723,25
2014,25
29275,25
9674,25
14077,25
5437,25
1932,25
9657,25
9374,25
10440,25
9409,25
1668,25
3324,25
16111,25
28690,25
2075,25
19740,25
5946,25
16580,25
17335,25
10861,25
857,25
4234,25
18032,25
3675,25
15369,25
4625,25
2543,25
21010,25
2941,25
21766,25
21011,25
4233,25
6208,25
4677,25
24125,25
19078,25
17750,25
6008,25
19362,25
23232,25
23311,25
9769,25
849,25
29773,25
18650,25
17571,25
16577,25
252,25
17293,25
24308,25
25416,25
5284,25
22802,25
17856,25
21014,25
20819,25
4920,25
15695,25
18564,25
24,25
4238,25
9402,25
12969,25
17207,25
247,25
1025,25
19377,25
27695,25
16219,25
16852,25
17435,25
12824,25
613,25
3504,25
22412,25
18375,25
5961,25
24158,25
7538,25
19782,25
1268,25
5925,25
23689,25
6846,25
15907,25
5813,25
8924,25
13042,25
16576,25
12119,25
21518,25
17798,25
5904,25
1976,25
5917,25
29216,25
18783,25
20220,25
5962,25
3256,25
16515,25
1660,25
20569,25
2074,25
17518,25
5445,25
608,25
26699,25
9557,25
16106,25
8566,25
17239,25
19286,25
12816,25
17277,25
22762,25
856,25
2705,25
4270,25
5357,25
12148,25
5982,25
11710,25
5548,25
9372,25
29149,25
2265,25
16284,25
22729,25
1474,25
20091,25
19718,25
9391,25
1641,25
14802,25
17133,25
25376,25
16245,25
21874,25
9398,25
811,25
16120,25
9397,25
17090,25
29677,25
625,25
18710,25
29347,25
14715,25
18348,25
29237,25
13597,25
19730,25
761,25
15820,25
9373,25
17723,25
29326,25
2554,25
6105,25
2332,25
23053,25
17403,25
2095,25
17853,25
27255,25
10343,25
20320,25
5924,25
17284,25
19395,25
14068,25
23398,25
1265,25
18299,25
15715,25
12136,25
6581,25
5296,25
18809,25
20480,25
16083,25
22427,25
18307,25
18140,25
912,25
15702,25
16184,25
18420,25
15293,25
21339,25
18716,25
15729,25
5959,25
17778,25
6815,25
21414,25
4144,25
3493,25
4123,25
17903,25
245,25
4622,25
246,25
11123,25
29145,25
9770,25
5963,25
6356,25
5913,25
22311,25
1703,25
6865,25
16918,25
13540,25
16924,25
18889,25
22712,25
3672,25
12068,25
4167,25
17305,25
19197,25
27674,25
12192,25
12090,25
13773,25
244,25
16883,25
5394,25
17228,25
9585,25
19716,25
16025,25
5960,25
18782,25
15728,25
373,25
3679,25
20891,25
5922,25
9725,25
19303,25
2037,25
9711,25
2038,25
5945,25
15942,25
24136,25
2741,25
20296,25
9379,25
23407,25
29356,25
9369,25
17139,25
16379,25
19505,25
18387,25
4614,25
29309,25
16352,25
13850,25
14659,25
20568,25
14024,25
15679,25
4239,25
8343,25
18925,25
3800,25
5958,25
17276,25
1621,25
5409,25
15989,25
1622,25
5905,25
8303,25
29236,25
5916,25
22478,25
16035,25
17506,25
13410,25
18976,25
16274,25
15910,25
21547,25
15747,25
16202,25
17009,25
17157,25
15746,25
18406,25
2250,25
3506,25
374,25
2067,25
21315,25
12106,25
29307,25
5305,25
29310,25
4197,25
17123,25
22903,25
21346,25
13307,6
7672,6
955,6
10889,6
6264,6
18671,6
1015,6
1584,6
1145,6
4187,6
1595,6
7886,6
8316,6
17230,6
1803,6
11067,6
21600,6
5970,6
29214,6
3380,6
16966,6
2883,6
5245,6
13305,6
3710,6
15970,6
15044,6
1314,6
21473,6
3913,6
20931,6
2312,6
3857,6
15404,6
13887,6
3717,6
656,6
16317,6
12835,6
1802,6
2890,6
10932,6
1801,6
559,6
5244,6
15711,6
3,6
1355,6
18071,6
721,6
17117,6
4161,6
2410,6
6109,6
18674,6
2618,6
2891,6
4224,6
3462,6
3637,6
634,6
9182,6
16582,6
19770,6
27736,6
16283,6
4852,6
3480,6
29781,6
332,6
18070,6
11621,6
44,6
638,6
560,6
6338,6
3542,6
305,6
17469,6
1966,6
5272,6
6111,6
5248,6
17472,6
5294,6
14324,6
803,6
1364,6
8161,6
18064,6
19717,6
1598,6
4217,6
2790,6
1373,6
16129,6
14022,6
854,6
1160,6
22698,6
701,6
6330,6
1492,6
4216,6
9185,6
1578,6
23242,6
1797,6
13034,6
24047,6
1065,6
8166,6
8577,6
6389,6
12630,6
6315,6
11066,6
8580,6
26494,6
18012,6
10645,6
3870,6
18370,6
29663,6
18277,6
29143,6
812,6
4772,6
12103,6
9191,6
5105,6
1909,6
1161,6
24197,6
20558,6
2597,6
19136,6
1163,6
3222,6
454,6
21472,6
18365,6
13314,6
1370,6
556,6
28292,6
22146,6
3515,6
8693,6
19501,6
1591,6
225,6
4089,6
10128,6
13963,6
11103,6
21312,6
17402,6
20182,6
5969,6
15183,6
7315,6
1010,6
23441,6
16711,6
14083,6
20437,6
449,6
557,6
9173,6
558,6
22,6
10359,6
15752,6
10474,6
2675,6
27251,6
1356,6
5547,6
13394,6
1876,6
3433,6
492,6
629,6
14316,6
20788,6
21548,6
16351,6
1800,6
3513,6
4512,6
19338,6
13039,6
4628,6
12507,6
1371,6
4629,6
6229,6
29787,6
19970,6
8905,6
20703,6
16364,6
6326,6
8880,6
21304,6
20282,6
1013,6
22704,6
13325,6
1361,6
1162,6
29265,6
1365,6
204,6
2480,6
18956,6
22768,6
8578,6
29371,6
637,6
1012,6
1363,6
4225,6
639,6
20930,6
15810,6
10119,6
8845,6
15806,6
29295,6
1155,6
3860,6
10168,6
10167,6
4222,6
4223,6
7216,6
10860,6
2308,6
1014,6
26838,6
3330,6
18036,6
8713,6
6435,6
831,6
565,6
29294,6
18563,6
20728,6
1865,6
4269,6
23244,6
4099,6
20502,6
1210,6
1005,6
1357,6
20678,6
1799,6
11444,6
50,6
5527,6
6437,6
18624,6
1596,6
13310,6
8708,6
564,6
7313,6
20207,6
12943,6
4618,6
6327,6
16035,6
1150,6
8148,6
2616,6
20830,6
15053,6
27734,6
4702,6
8376,6
6860,6
20702,6
2314,6
22390,6
6248,6
23252,6
1144,6
628,6
330,6
6123,6
16212,6
28530,6
16201,6
21939,6
1066,6
20923,6
1071,6
19335,6
6277,6
14959,6
8683,6
1798,6
4636,6
1794,6
5164,6
1796,6
16144,6
8682,6
738,6
1359,6
1804,6
3866,6
7442,6
22179,6
10236,6
1369,6
10721,6
1403,6
29271,6
25083,6
20903,6
10360,6
3168,6
6266,6
6328,6
561,6
5405,6
18296,6
1367,6
328,6
3718,6
6386,6
8681,6
1368,6
10346,6
1878,39
13747,39
20858,39
22631,39
1855,39
4864,39
20084,39
3843,39
20523,39
5657,39
17603,39
4609,39
16918,39
17804,39
21569,39
3844,39
123,39
5935,39
19814,39
6098,39
3838,39
17343,39
3017,39
2601,39
11602,39
15812,39
606,39
3504,39
29264,39
3548,39
22686,39
20448,39
29350,39
15959,39
21635,39
1618,39
9309,39
1768,39
8789,39
22766,39
16283,39
23284,39
16881,39
19078,39
16526,39
15037,39
5977,39
9310,39
15715,39
9924,39
1092,39
1184,39
27160,39
18395,39
20783,39
756,39
21582,39
2007,39
765,39
12132,39
29333,39
16957,39
3023,39
3054,39
2006,39
1981,39
10883,39
20953,39
2887,39
2412,39
19752,39
6245,39
16452,39
21643,39
3855,39
20915,39
1978,39
3847,39
3016,39
9287,39
9142,39
16355,39
18278,39
1854,39
607,39
3218,39
16602,39
29149,39
12111,39
755,39
5171,39
16459,39
2005,39
26942,39
3025,39
5105,39
9689,39
16352,39
840,39
762,39
14994,39
1512,39
9037,39
16901,39
5445,39
9152,39
6092,39
2394,39
761,39
2428,39
6105,39
15958,39
23246,39
1977,39
16205,39
8870,39
3841,39
17347,39
538,39
19751,39
2395,39
5943,39
9723,39
16202,39
18509,39
2223,39
2708,39
17207,39
3792,39
9722,39
29289,39
6237,39
10118,39
3150,39
3852,39
4679,39
17688,39
2088,39
6711,39
12134,39
20288,39
6091,39
7401,39
9147,39
2893,39
3542,39
18195,39
17656,39
314,39
2392,39
20480,39
9315,39
21458,39
308,39
17632,39
1180,39
22723,39
1179,39
5429,39
29193,39
3543,39
14855,39
2383,39
14024,39
2892,39
21468,39
9150,39
4590,39
2797,39
6037,39
19400,39
18889,39
16883,39
416,39
23245,39
968,39
16331,39
1048,39
15594,39
16017,39
9146,39
5947,39
9163,39
12204,39
2965,39
4591,39
15369,39
3286,39
2028,39
29238,39
6041,28
1343,28
410,28
4426,28
3078,28
10354,28
4427,28
10975,28
22772,28
17381,28
29362,28
721,28
2578,28
2086,28
15030,28
11049,28
3511,28
15228,28
21935,28
12969,28
5517,28
20576,28
20604,28
8052,28
11262,28
6060,28
1682,28
13644,28
10043,28
19794,28
2273,28
10881,28
4077,28
876,28
29821,28
5355,28
1816,28
23573,28
1818,28
21233,28
23758,28
3077,28
21040,28
275,28
403,28
29251,28
19380,28
29775,28
2459,28
10732,28
20959,28
1416,28
2577,28
877,28
2825,28
1579,28
20360,28
21934,28
29776,28
24477,28
5577,28
9369,28
29777,28
14078,28
20848,28
3435,28
2582,28
13347,28
117,28
268,28
23419,28
2643,28
689,28
1817,28
8591,28
10776,28
2576,28
10080,28
1684,28
19801,28
5813,28
407,28
2642,28
2649,28
19782,28
3305,28
4083,28
9723,28
5806,28
11001,28
21643,28
552,28
8040,28
19611,28
5563,28
15041,28
2648,28
6056,28
4708,28
22518,28
29299,28
20106,28
18964,28
408,28
1487,28
1685,28
15595,28
603,28
3281,28
15704,28
20876,28
302,28
3879,28
10889,28
15723,28
21637,28
2460,28
223,28
2639,28
2640,28
23554,28
5076,28
10186,28
3880,28
6105,28
12504,28
1687,28
7456,28
1493,28
20556,28
11417,28
7372,28
3554,28
10185,28
3577,28
11371,28
12753,28
986,28
1626,28
1431,28
18403,28
6104,28
16268,28
16764,28
1503,28
5819,28
16267,28
23613,28
13254,28
12838,28
26792,28
2468,28
28303,28
15702,28
6993,28
22155,28
5947,28
3387,28
2644,28
1784,28
2580,28
4082,28
3847,28
23433,28
13720,28
8095,28
20591,28
8905,28
4831,28
19904,28
299,28
405,28
323,28
29265,28
413,28
8125,28
4198,28
465,28
2463,28
18388,28
23572,28
1274,28
28,28
406,28
2808,28
21518,28
2452,28
5152,28
18948,28
9051,28
21401,28
21517,28
1819,28
8586,28
15053,28
5809,28
18923,28
4772,28
257,28
19599,28
2684,28
27784,28
17038,28
19692,28
4828,28
10738,28
20174,28
5510,28
3553,28
18674,28
591,28
3184,28
29301,28
29235,28
22152,28
2276,28
5816,28
2461,28
15736,40
19093,40
2284,40
18922,40
1626,40
17038,40
21352,40
6248,40
11575,40
17850,40
21935,40
22524,40
14078,40
12180,40
4680,40
9215,40
15698,40
17232,40
17108,40
4043,40
20848,40
5922,40
29245,40
2086,40
22869,40
16022,40
6801,40
4042,40
16542,40
15973,40
21454,40
2285,40
16270,40
10277,40
20273,40
20361,40
19599,40
20959,40
29143,40
17804,40
15761,40
9856,40
1416,40
3461,40
17571,40
15737,40
15652,40
25313,40
20576,40
18929,40
17101,40
18295,40
603,40
6800,40
16881,40
12092,40
19017,40
21643,40
3013,40
15654,40
4269,40
15690,40
17815,40
15204,40
29333,40
15291,40
24170,40
23388,40
29350,40
6068,40
1687,40
16308,40
986,40
21406,40
1682,40
23419,40
11113,40
6204,40
18231,40
15750,40
29235,40
20790,40
19179,40
16268,40
19863,40
3852,40
20915,40
12110,40
17702,40
15759,40
23758,40
10732,40
3159,40
732,40
8231,40
2088,40
18414,40
29346,40
17636,40
20806,40
18313,40
12097,40
20414,40
21934,40
22703,40
20084,40
17142,40
11011,40
16343,40
10301,40
1684,40
28303,40
17688,40
19188,40
29301,40
12117,40
2808,40
17719,40
2412,40
5943,40
20360,40
7456,40
19036,40
1685,40
16267,40
5976,40
6082,40
3797,40
18984,40
18353,40
20591,40
15202,40
10776,40
16716,40
27247,40
21468,40
28530,40
3511,40
21716,40
552,40
18331,40
17494,40
1280,40
6081,40
19151,40
2148,40
19115,40
23278,40
1281,40
17235,40
5099,40
11400,40
16392,40
731,40
19187,40
1283,40
17234,40
5809,40
16847,40
8362,40
16907,40
3847,40
15741,40
15655,40
21354,40
11735,40
20363,40
20480,40
15203,40
19777,40
1284,40
29252,40
8884,40
6753,40
9723,40
26838,40
19400,40
20362,40
16848,40
12109,40
738,40
16265,40
19154,40
5639,40
19389,40
3211,40
6874,40
3150,40
17847,40
5510,40
18948,40
29251,40
18964,40
18259,40
25311,40
26288,40
19159,40
20174,40
19088,40
15041,40
11790,40
6037,40
15808,40
7401,40
2684,40
3184,40
1274,40
19024,40
15733,40
15700,40
20545,40
16715,40
14662,40
20825,40
15686,40
15701,40
16615,40
12794,40
4046,40
12129,40
19709,40
17195,40
15756,40
6216,33
11915,33
26256,33
2307,33
6175,33
9499,33
19397,33
636,33
19398,33
3394,33
11566,33
19093,33
21372,33
16796,33
15891,33
6813,33
17684,33
24176,33
23272,33
10301,33
21406,33
746,33
15894,33
4284,33
6730,33
6699,33
11721,33
7930,33
8912,33
20806,33
29208,33
10631,33
3360,33
17082,33
1984,33
17825,33
17843,33
15836,33
9953,33
11576,33
19260,33
8982,33
17085,33
10543,33
4813,33
15756,33
5157,33
9497,33
5437,33
514,33
10187,33
7915,33
22524,33
979,33
16790,33
16367,33
100,33
15893,33
5010,33
10672,33
21352,33
4269,33
29218,33
16222,33
11641,33
3374,33
9671,33
7904,33
10389,33
16404,33
23530,33
17540,33
6528,33
10520,33
4852,33
19767,33
2082,33
19115,33
17583,33
1214,33
17514,33
1424,33
980,33
18816,33
11974,33
21491,33
17939,33
19728,33
17690,33
974,33
20987,33
15890,33
26995,33
11722,33
19448,33
20234,33
1060,33
15973,33
4811,33
18277,33
11973,33
2037,33
8230,33
17232,33
3635,33
10461,33
15311,33
16147,33
29284,33
4557,33
20270,33
12323,33
4452,33
2220,33
512,33
6402,33
3641,33
21408,33
11567,33
4444,33
27980,33
18514,33
2882,33
3396,33
13905,33
8472,33
21069,33
7856,33
800,33
24212,33
16769,33
20343,33
11575,33
515,33
596,33
11975,33
6182,33
8997,33
16189,33
20560,33
9667,33
4300,33
9885,33
10459,33
8231,33
17365,33
11297,33
14651,33
30269,33
16927,33
15736,33
16620,33
7135,33
20448,33
16144,33
16973,33
1281,33
18872,33
17768,33
17081,33
17101,33
20576,33
5486,33
18313,33
2905,33
29317,33
16881,33
13644,33
17842,33
17180,33
12841,33
17172,33
17373,33
6708,33
16722,33
18414,33
12947,33
2914,33
20602,33
20480,33
6400,33
309,33
3390,33
21873,33
16950,33
1029,33
6068,33
16651,33
2754,33
859,33
16354,33
29370,33
7001,33
26288,33
7932,33
6698,33
23066,33
24207,33
9012,33
9424,33
5172,33
513,33
9013,33
781,33
11890,33
11585,33
13954,33
6765,33
1487,33
11588,33
12290,33
2827,33
7916,33
17086,33
5569,33
29353,33
3375,33
16788,33
9666,33
11385,33
9215,33
16980,33
11775,33
16469,33
17074,33
11874,33
881,33
12146,33
936,33
19151,33
16478,33
29781,33
4677,33
27238,33
10791,33
16686,33
27789,33
5377,33
17084,33
17806,33
12751,33
11623,33
12157,33
18045,33
16165,33
11792,33
11982,33
8754,33
5184,33
20358,33
16094,33
1515,33
21055,33
16201,33
5081,33
17876,33
29795,33
6818,33
11521,33
15899,33
1612,33
11893,33
22148,33
11584,33
7910,33
10142,33
23586,33
3960,33
17568,33
4823,33
4042,33
12042,33
21887,33
18922,33
5065,33
17454,33
12807,33
17686,33
3397,33
17680,33
21087,33
2031,33
10036,33
1164,33
17804,33
2544,33
23443,33
3760,33
13199,33
21547,33
29363,33
10358,33
13061,33
9369,33
20414,33
17719,33
5208,33
2034,33
24151,33
25675,33
19389,33
21023,33
17774,33
29321,33
19772,33
2321,33
18847,33
9022,33
16176,33
29333,33
18415,33
10624,33
11971,33
9945,33
11970,33
11774,33
17823,33
23840,33
9001,33
20790,33
15895,33
14184,33
22531,33
9467,33
20233,33
91,33
1219,33
977,33
28285,33
6410,33
19238,33
9040,33
3509,33
926,33
21384,33
1402,33
20348,33
14097,33
3283,33
2606,33
1324,33
16740,33
18295,33
24232,33
17850,33
13042,33
2073,33
16348,33
24529,33
21410,33
29772,33
4609,33
20363,33
11911,33
18452,33
16477,33
3633,33
21074,33
15889,33
24205,33
1423,33
27975,33
29311,33
2347,33
5203,33
9041,33
2975,33
17778,33
9044,33
16699,33
18874,33
2349,33
3398,33
27002,33
17000,33
10475,33
11692,33
3308,33
29773,33
18539,33
17397,33
1793,33
15203,33
6715,33
22795,33
6405,33
6716,33
817,33
20484,33
19159,33
9592,33
22700,33
16615,33
18826,33
14662,33
11537,33
16019,33
4922,33
11026,33
21766,33
1856,33
29817,33
6177,33
4282,33
394,33
11621,33
19043,33
17116,33
29349,33
27359,33
6764,33
4940,33
11656,33
17494,33
4984,33
8249,33
7561,33
11869,33
20220,33
11972,33
21453,33
16542,33
17730,33
5551,33
2043,33
18233,33
10670,33
6411,33
17039,33
17040,33
11981,33
15761,33
9505,33
22869,33
7062,33
24477,33
5072,33
15737,33
29265,33
11986,33
8292,33
10300,33
10297,33
610,33
20241,33
3456,33
10185,33
3458,33
20540,33
3695,33
6711,33
5570,33
8014,33
17190,33
7850,33
11733,33
20911,33
26822,33
17359,33
3044,33
3045,33
4196,33
16979,33
21066,33
16576,33
16895,33
20787,33
16897,33
13794,33
18547,33
21402,33
11646,33
21319,33
26985,33
21226,33
118,33
4679,33
4027,33
20272,33
28142,33
17653,33
16694,33
981,33
20838,33
10978,33
15488,33
20566,33
2348,33
11625,33
15898,33
17389,33
20280,33
1611,33
22311,33
28690,33
4436,33
191,33
1355,33
10699,33
10102,33
1356,33
8497,33
1934,33
4698,33
17793,33
16319,33
29179,33
20915,33
9378,33
16715,33
11503,33
11075,33
21517,33
21430,33
19709,33
16716,33
9468,33
17512,33
29186,33
21716,33
6841,33
17486,33
1426,33
5043,33
29194,33
22352,33
4236,33
11959,33
4636,33
11554,33
13124,33
930,33
6672,33
15665,33
10700,33
25311,33
19581,33
3605,33
3352,33
18509,33
27724,33
17636,33
18413,33
8570,33
15051,33
11501,33
17476,33
15886,33
6834,33
19266,33
7997,33
7898,33
24171,33
17142,33
4959,33
9660,33
861,33
22101,33
19237,33
9005,33
3030,33
11583,33
6704,33
11793,33
19322,33
6533,33
19656,33
4744,33
9014,33
698,33
23393,33
19154,33
1438,33
5510,33
3285,33
13540,33
25448,33
16278,33
6714,33
10440,33
12005,33
16777,33
18442,33
3963,33
5943,33
6719,33
2773,33
6170,33
11500,33
2074,33
2837,33
17137,33
11909,33
22427,33
3969,33
9421,33
6412,33
13674,33
3781,33
17678,33
11912,33
13049,33
9874,33
11811,33
21321,33
16087,33
6414,33
975,33
6416,33
11814,33
6551,33
18366,33
19110,33
5952,33
8873,33
18531,33
29245,33
640,33
6814,33
16593,33
12117,33
6489,33
6734,33
13912,33
3234,33
12820,33
29252,33
19088,33
11735,33
12122,33
18294,33
2016,33
18382,33
11836,33
18477,33
12949,33
14350,33
20361,33
11606,33
15733,33
20362,33
11645,33
19602,33
12129,33
6753,33
16717,33
16720,33
6842,33
11951,33
8962,33
14438,33
16027,33
6179,33
750,33
751,33
12068,33
6667,33
10843,33
2825,33
7149,33
21443,33
4010,33
28737,33
2035,33
11658,33
9370,33
2036,33
18409,33
11968,33
2215,33
5435,33
21029,33
1960,33
17133,33
23400,33
19191,33
12144,33
10277,33
19667,33
3362,33
23278,33
24050,33
23689,33
11983,33
1138,33
12150,33
16754,33
19405,33
17144,33
5451,33
16755,33
7901,33
5008,33
21050,33
15036,33
9969,33
1048,33
3373,33
11889,33
6531,33
1657,33
7912,33
19017,33
3282,33
3767,33
19842,33
21564,33
9672,33
1582,33
19362,33
10271,33
19430,33
2496,33
16077,33
21479,33
6406,33
17849,33
17254,33
11902,33
9862,33
29307,33
18543,33
17166,33
17571,33
2750,33
17676,33
1064,33
16086,33
11910,33
17964,33
18064,33
29312,33
2602,33
2338,33
22913,33
16902,33
11812,33
21407,33
9039,33
5009,33
30211,33
12182,33
26049,33
1172,33
19240,33
20377,33
3569,33
17977,33
480,33
2794,33
12035,33
3399,33
20905,33
18375,33
19254,33
16206,33
651,33
20574,33
19782,33
6495,33
654,33
29180,33
4913,33
18545,33
3163,33
16713,33
5904,33
741,33
3799,33
17610,33
17011,33
22829,33
8161,33
24136,33
9064,33
18303,33
17109,33
6504,33
16930,33
15654,33
16935,33
16726,33
6509,33
4631,33
18012,33
1542,33
9925,33
1016,33
15834,33
20506,33
5978,33
9927,33
23388,33
22651,33
6671,33
3184,33
9051,33
18878,33
12849,33
16430,33
19188,33
10273,33
20518,33
2650,33
9647,33
26644,33
4950,33
16251,33
19001,33
16951,33
29282,33
9377,33
2133,33
23841,33
9955,33
5443,33
11674,33
11673,33
12741,33
11571,33
4392,33
12149,33
5559,33
18134,33
2398,33
12092,33
9661,33
3688,33
1887,33
18337,33
4964,33
18929,33
16159,33
277,33
9007,33
10295,33
16065,33
2147,33
27247,33
17749,33
2148,33
15690,33
17467,33
6794,33
869,33
19658,33
18348,33
17847,33
17666,33
16277,33
18051,33
19758,33
8495,33
28470,33
25313,33
27773,33
12004,33
21065,33
6407,33
11703,33
18651,33
20887,33
11804,33
17474,33
880,33
15884,33
1418,33
15989,33
15702,33
18358,33
9419,33
5284,33
6723,33
11608,33
7927,33
7000,33
9770,33
22807,33
11813,33
21580,33
12179,33
11083,33
20897,33
15655,33
6553,33
29167,33
11515,33
11514,33
1761,33
9579,33
219,33
11626,33
12032,33
25770,33
6817,33
5296,33
16005,33
646,33
12932,33
22818,33
1436,33
1264,33
17787,33
1692,33
11934,33
486,33
22017,33
18383,33
11638,33
2712,33
14790,33
15908,33
9098,33
19062,33
29812,33
2194,33
1941,33
18000,33
17297,33
27695,33
16022,33
4454,33
21264,33
27524,33
16025,33
16024,33
17518,33
20589,33
25173,33
6700,33
11758,33
10840,33
15741,33
23386,33
838,33
19179,33
2032,33
17119,33
2033,33
17214,33
929,33
1954,33
18224,33
4239,33
16848,33
11661,33
4815,33
19733,33
21450,33
674,33
29734,33
934,33
3013,33
11564,33
5919,33
2332,33
2931,33
2219,33
8985,33
11979,33
16441,33
17038,33
175,33
8992,33
12268,33
8478,33
18237,33
860,33
23413,33
17836,33
19176,33
15068,33
22776,33
20956,33
4267,33
12097,33
19211,33
6532,33
11587,33
16366,33
24494,33
11892,33
23419,33
9016,33
3956,33
20961,33
15777,33
16074,33
18645,33
11597,33
10878,33
5469,33
18540,33
19432,33
29306,33
8658,33
11201,33
12105,33
3582,33
3968,33
15787,33
5099,33
20146,33
16379,33
3054,33
22703,33
12176,33
3306,33
11916,33
20273,33
21354,33
10424,33
10608,33
9004,33
16333,33
27284,33
17488,33
6180,33
5013,33
1430,33
17273,33
5015,33
22450,33
220,33
4767,33
1763,33
11929,33
5394,33
11632,33
13584,33
731,33
10366,33
483,33
16007,33
12039,33
8945,33
9585,33
19055,33
7852,33
18999,33
8362,33
29425,33
12126,33
17195,33
19599,33
7122,33
22628,33
13826,33
20397,33
3082,33
10915,33
11945,33
20185,33
21010,33
2543,33
29263,33
19380,33
2026,33
30244,33
16123,33
16723,33
16265,33
17174,33
2912,33
18010,33
16129,33
4234,33
5913,33
6378,33
4237,33
4238,33
11659,33
20511,33
12846,33
16734,33
16429,33
19730,33
3747,33
18231,33
11664,33
2071,33
18542,33
12823,33
1327,33
16346,33
27070,33
20086,33
16782,33
17699,33
19003,33
29364,33
516,33
6450,33
15759,33
16957,33
9295,33
18420,33
7897,33
9657,33
15858,33
858,33
3201,33
22098,33
18527,33
4680,33
21437,33
18427,33
11757,33
19493,33
9663,33
6703,33
7908,33
3951,33
4969,33
17840,33
3461,33
9668,33
20479,33
28300,33
535,33
3211,33
21392,33
13541,33
5466,33
15202,33
11999,33
18053,33
3468,33
9761,33
5095,33
15046,33
15725,33
15698,33
12043,33
4043,33
1328,33
5031,33
1131,33
15988,33
4046,33
9030,33
2075,33
9420,33
3898,33
9422,33
12794,33
17677,33
21711,33
19863,33
6725,33
9033,33
5038,33
2603,33
9037,33
1425,33
976,33
22977,33
10536,33
11886,33
7906,33
8966,33
395,33
26454,33
27159,33
5012,33
894,33
17489,33
21874,33
12033,33
17688,33
7552,33
730,33
17691,33
23457,33
12821,33
16705,33
17191,33
134,33
11602,33
5903,33
11938,33
17607,33
15700,33
2625,33
6652,33
17702,33
19264,33
3657,33
11747,33
19790,33
18302,33
1368,33
22631,33
2842,33
17711,33
10041,33
17712,33
95,33
3251,33
18102,33
5764,33
5910,33
5632,33
20871,33
17525,33
16847,33
11964,33
18019,33
22653,33
11768,33
12848,33
19505,33
849,33
11773,33
9374,33
24459,33
15204,33
2437,33
7919,33
7853,33
2132,33
21454,33
6542,33
17608,33
16611,33
381,33
86,33
23847,33
11980,33
17830,33
4957,33
17737,33
20586,33
10247,33
1396,33
23024,33
20536,33
2946,33
15687,33
11888,33
21469,33
27288,33
15688,33
29767,33
3696,33
12159,33
20349,33
19527,33
20545,33
16073,33
17469,33
9121,33
4983,33
3555,33
16370,33
9315,33
12007,33
19393,33
135,33
1416,33
3159,33
10376,33
12087,33
4622,33
21859,33
12172,33
8816,33
5285,33
119,33
6658,33
16088,33
5007,33
29953,33
12180,33
15034,33
18179,33
12181,33
18666,33
16907,33
16392,33
16308,33
18372,33
11520,33
17815,33
10542,33
2704,33
2181,33
26468,33
7851,33
227,33
11935,33
3774,33
3319,33
18921,33
17010,33
7538,33
16017,33
18300,33
19604,33
6836,33
2195,33
1943,33
5907,33
29189,33
6840,33
9806,33
29143,33
16655,33
16966,33
11956,33
501,33
5417,33
5078,33
4968,33
8969,33
19078,33
16029,33
7453,33
18406,33
505,33
2064,33
22453,33
10578,33
5243,33
2209,33
5639,33
15042,33
1127,33
1959,33
8884,33
20325,33
1723,33
17005,33
17222,33
3579,33
29253,33
18264,33
15883,33
18482,33
20396,33
9835,33
11876,33
19197,33
7478,33
10212,33
6413,33
21047,33
9878,33
5167,33
16224,33
1482,33
21768,33
3762,33
29266,33
19652,33
19014,33
17235,33
9923,33
16334,33
5079,33
10186,33
2009,33
6791,33
22788,33
18468,33
15808,33
1765,33
6403,33
20449,33
21565,33
28302,33
12163,33
2155,33
9214,33
9674,33
21003,33
12006,33
11639,33
28114,33
15597,33
16210,33
20485,33
12311,33
19707,33
17853,33
16083,33
3222,33
19765,33
11609,33
11611,33
19036,33
2841,33
28013,33
4759,33
12178,33
15480,33
21579,33
13198,33
12114,33
17234,33
7482,33
3664,33
11790,33
6701,33
1284,33
5977,33
10126,33
17491,33
2008,33
479,33
1762,33
11627,33
11011,33
17277,33
4901,33
3720,33
16918,33
19027,33
18197,33
12168,33
22695,33
9589,33
17760,33
11644,33
17404,33
1445,33
22030,33
10251,33
4230,33
17340,33
8262,33
10393,33
6787,33
6530,33
6376,33
15038,33
21498,33
17978,33
15743,33
17212,33
20279,33
6736,33
11963,33
931,33
6675,33
21282,33
22514,33
9373,33
1026,33
28422,33
18970,33
1526,33
21064,33
29305,33
17504,33
24165,33
2839,33
2840,33
17230,33
14077,33
24170,33
11676,33
9872,33
3586,33
15650,33
15707,33
11984,33
17301,33
8352,33
16064,33
20590,33
11652,33
8964,33
12156,33
502,33
4967,33
20028,33
17490,33
12136,33
9439,33
16270,33
3459,33
17089,33
17428,33
12845,33
11094,33
1148,33
4295,33
9015,33
9856,33
19121,33
11308,33
16464,33
1664,33
2958,33
4696,33
16371,33
19702,33
16080,33
6568,33
1531,33
11643,33
29309,33
20263,33
15701,33
18758,33
11536,33
29440,33
6174,33
18760,33
29163,33
27523,33
15859,33
15922,33
19075,33
16625,33
15968,33
20538,33
15686,33
17305,33
4233,33
6529,33
27244,33
21440,33
24436,33
5045,33
3233,33
5047,33
11691,33
17750,33
17393,33
9584,33
26472,33
20382,33
16105,33
2014,33
13815,33
732,33
11772,33
23398,33
12080,33
2960,33
10105,33
9676,33
13787,33
1272,33
24235,33
8343,33
19164,33
18388,33
8795,33
11782,33
17798,33
15820,33
6502,33
17108,33
576,33
16219,33
21763,33
1706,33
18984,33
29344,33
12863,33
19106,33
10895,33
12833,33
1280,33
18113,33
6375,33
19718,33
6874,33
2146,33
5976,33
1976,33
10148,33
5912,33
16009,33
3256,33
11857,33
5914,33
25814,33
20569,33
20844,33
17505,33
1868,33
342,33
848,33
12847,33
19187,33
3604,33
1722,33
20848,33
17211,33
18945,33
17759,33
13409,33
25416,33
12857,33
20855,33
2139,33
15291,33
21518,33
5044,33
4219,33
11196,33
6503,33
6696,33
2844,33
18178,33
273,33
15652,33
870,33
20351,33
6508,33
5931,33
17838,33
11582,33
17903,33
17020,33
18932,33
3203,33
24435,33
11118,33
625,33
16908,33
2524,33
21315,33
6409,33
22691,33
17468,33
28645,33
2153,33
16369,33
18259,33
10104,33
6538,33
9423,33
23407,33
6188,33
5014,33
19760,33
18353,33
19605,33
17757,33
17266,33
2622,33
21011,33
11607,33
2964,33
1995,33
3297,33
1504,33
4200,33
5445,33
2337,33
9586,33
6565,33
3999,33
10214,33
19561,33
20568,33
15041,33
234,33
5297,33
647,33
29347,33
23167,33
5077,33
1283,33
5399,33
16008,33
6772,33
6467,33
4410,33
22741,33
18962,33
9310,33
2896,33
3744,33
1263,33
20282,33
15809,33
16343,33
17002,33
15044,33
11932,33
18133,33
12142,33
29277,33
17781,33
4798,33
18385,33
18408,33
20825,33
6570,33
17403,33
740,33
13410,33
12148,33
11908,33
4390,33
20955,33
5970,33
18132,33
4676,33
15750,33
20567,33
15492,33
25129,33
18403,33
272,33
10422,33
8995,33
22423,33
8974,33
3029,33
2759,33
22209,33
23139,33
8335,33
5839,33
4391,33
2137,33
16336,33
5017,33
2156,33
6697,33
17001,33
18058,33
5916,33
164,33
11697,33
3702,33
20845,33
8355,33
4956,33
617,33
16072,33
18029,33
4920,33
2751,33
11628,33
20252,33
1947,33
12102,33
28276,33
11581,33
17609,33
12109,33
24496,33
2937,33
11756,33
17016,33
6082,33
21542,33
2742,33
482,33
3505,33
19777,33
11060,33
15679,33
2038,33
11895,33
4966,33
18480,33
8944,33
12162,33
5584,33
15267,33
2136,33
10607,33
2434,33
9644,33
10658,33
21090,33
21806,33
748,33
17766,33
10064,33
29356,33
15910,33
21365,33
14352,33
17995,33
9699,33
1948,33
9379,33
6713,33
2644,33
11997,33
24607,33
27243,33
7151,33
10075,33
19794,33
11696,33
4812,33
18964,33
18347,33
18048,33
5922,33
16368,33
8494,33
27818,33
5282,33
9371,33
16915,33
19096,33
12824,33
19819,33
16082,33
29326,33
4198,33
2675,33
16701,33
18331,33
16669,33
23267,33
15747,33
18387,33
20570,33
3171,33
924,33
9372,33
4799,33
19024,33
18923,33
16110,33
17303,33
6081,33
8977,33
17506,33
3560,33
24131,33
11557,33
7367,33
15942,33
26894,33
3672,33
12101,33
23244,33
23232,33
17105,33
3463,33
29336,33
11745,33
20226,33
5915,33
2674,33
17138,33
11629,33
17156,33
11535,33
17009,33
17878,33
17293,33
17186,33
11202,33
13069,33
24211,21
17383,21
15997,21
29165,21
15863,21
29317,21
3228,21
19715,21
8935,21
636,21
17232,21
96,21
1470,21
18863,21
801,21
2931,21
18264,21
2572,21
29343,21
181,21
13905,21
23343,21
18768,21
17678,21
18426,21
15107,21
21716,21
2169,21
1251,21
15782,21
6758,21
19042,21
3781,21
17454,21
19345,21
3975,21
6450,21
16159,21
18769,21
16687,21
10852,21
19006,21
8472,21
9676,21
21179,21
658,21
18770,21
5459,21
9310,21
3767,21
18985,21
1601,21
8002,21
7997,21
11173,21
27286,21
4027,21
660,21
19162,21
532,21
17024,21
24171,21
7915,21
18337,21
9777,21
15755,21
1032,21
9925,21
3750,21
19727,21
17303,21
20951,21
12182,21
3760,21
9439,21
5920,21
3999,21
28737,21
3373,21
678,21
2321,21
29450,21
8666,21
1034,21
8478,21
119,21
679,21
19875,21
173,21
5927,21
15834,21
7990,21
6199,21
10892,21
1629,21
24529,21
5932,21
5566,21
3974,21
4680,21
2896,21
5412,21
4589,21
21051,21
15767,21
18340,21
15592,21
3397,21
15836,21
19967,21
17670,21
23272,21
19632,21
8904,21
3255,21
21370,21
16331,21
20347,21
16380,21
29142,21
13165,21
1035,21
13952,21
1858,21
3229,21
18277,21
26376,21
3555,21
6764,21
3981,21
16373,21
5914,21
1632,21
11583,21
20484,21
15976,21
18361,21
18645,21
7978,21
8510,21
984,21
5095,21
4698,21
654,21
20848,21
18766,21
17104,21
15037,21
2668,21
18452,21
18393,21
27023,21
21352,21
18525,21
15287,21
12132,21
15741,21
662,21
19425,21
16219,21
5584,21
9214,21
15647,21
15161,21
16199,21
16381,21
3479,21
16086,21
1634,21
16165,21
12588,21
1980,21
20351,21
18638,21
18835,21
1016,21
5081,21
18000,21
2666,21
2069,21
19863,21
3301,21
12125,21
6190,21
15754,21
22524,21
2656,21
19012,21
6765,21
19790,21
18106,21
7999,21
16957,21
21011,21
6755,21
21564,21
11582,21
18339,21
17235,21
14925,21
1856,21
17812,21
16031,21
16601,21
16310,21
16004,21
19658,21
2220,21
21430,21
5976,21
17557,21
15203,21
19159,21
17159,21
18816,21
20899,21
9675,21
15204,21
6775,21
24196,21
17505,21
2219,21
6778,21
15655,21
12157,21
29348,21
15780,21
14757,21
21898,21
7961,21
18487,21
17107,21
18303,21
20858,21
18696,21
18921,21
18258,21
17234,21
29266,21
3762,21
20928,21
4008,21
16593,21
19213,21
5935,21
21058,21
900,21
348,21
1631,21
17359,21
16316,21
18260,21
16572,21
1324,21
22046,21
18543,21
7958,21
19001,21
4436,21
12122,21
6195,21
8474,21
14078,21
16753,21
2661,21
5925,21
4455,21
20279,21
1187,21
16655,21
8508,21
22803,21
20927,21
6787,21
1440,21
5567,21
5047,21
22749,21
188,21
16971,21
18046,21
3398,21
7554,21
4239,21
17195,21
19052,21
18847,21
6741,21
4019,21
18542,21
18919,21
19220,21
26978,21
17995,21
23266,21
3697,21
16073,21
16184,21
3970,21
270,21
1191,21
16464,21
20611,21
631,21
10273,21
6743,21
6753,21
15152,21
16393,21
9370,21
16014,21
17690,21
16833,21
3135,21
3171,21
15267,21
21354,21
9923,21
23262,21
12117,21
17108,21
1026,21
29351,21
20280,21
15698,21
15650,21
29249,21
3771,21
17917,21
29330,21
17068,21
12128,21
16374,21
346,21
16019,21
8018,21
6188,21
21002,21
18999,21
8310,21
15689,21
2190,21
6489,21
20915,21
7957,21
16006,21
21565,21
4023,21
24165,21
12129,21
4602,21
17677,21
2658,21
20958,21
28013,21
17689,21
2670,21
11156,21
4615,21
15654,21
12204,21
17686,21
18263,21
17669,21
21003,21
16030,21
18969,21
18925,21
8658,21
15974,21
17428,21
17730,21
6791,21
2181,21
2624,21
19287,21
20355,21
10233,21
10254,21
22764,21
2215,21
22766,21
29194,21
17649,21
2669,21
21412,21
15492,21
4196,21
16602,21
2269,21
18545,21
18412,21
2050,21
6750,21
6763,21
16647,21
8884,21
23419,21
20993,21
27002,21
11997,21
18358,21
5443,21
20607,21
13826,21
18539,21
10394,21
15651,21
17463,21
15680,21
6772,21
3987,21
9313,21
14024,21
5979,21
6193,21
8816,21
7919,21
15725,21
6748,21
18420,21
20479,21
9449,21
10271,21
29245,21
18951,21
536,21
4007,21
2660,21
17089,21
13581,21
3504,21
24221,21
15202,21
16864,21
17955,21
14077,21
8506,21
16080,21
18010,21
13542,21
15723,21
9295,21
18371,21
18331,21
848,21
2657,21
15733,21
18302,21
2209,21
27818,21
13541,21
16352,21
902,21
16201,21
17798,21
5984,21
21450,21
7994,21
23267,21
28690,21
18948,21
21008,21
18540,21
847,21
16379,21
21641,21
817,21
3133,21
17705,21
17002,21
350,21
9440,21
15942,21
17790,21
20946,21
1023,21
7985,21
11160,21
17365,21
11158,21
20890,21
18195,21
12406,21
16011,21
2195,21
1257,21
5922,21
19090,21
23450,21
22894,21
18259,21
7959,21
2750,21
17404,21
22753,21
16277,21
22893,21
19290,21
18316,21
19198,21
26372,21
29202,21
314,21
10340,21
16613,21
1188,21
18320,21
20888,21
17797,21
349,21
5604,21
1239,21
6794,21
18314,21
19373,21
15276,21
17528,21
22687,21
5943,21
12845,21
18292,21
15775,21
21366,21
29356,21
21425,21
17527,21
18996,21
22700,21
8014,21
18019,21
16532,21
21925,21
21070,21
17182,21
6512,21
18889,21
17540,21
9444,21
5916,21
8503,21
15908,21
3132,21
17254,21
18578,21
20262,21
19183,21
16782,21
17105,21
5017,21
232,21
17571,21
3211,21
18137,27
2514,27
9113,27
1654,27
4248,27
20330,27
5920,27
29707,27
22706,27
3915,27
21232,27
17172,27
15289,27
8570,27
6589,27
11181,27
307,27
2973,27
3108,27
28478,27
2631,27
17193,27
5302,27
7470,27
23240,27
1221,27
16557,27
29142,27
22865,27
1651,27
1653,27
15199,27
3142,27
16992,27
20476,27
29838,27
29263,27
20604,27
16558,27
15176,27
14548,27
10402,27
14966,27
467,27
17683,27
9215,27
15511,27
9200,27
2972,27
15343,27
24128,27
25168,27
5138,27
29245,27
12753,27
3115,27
18237,27
25718,27
15225,27
29781,27
17771,27
6156,27
13976,27
15178,27
3116,27
6160,27
13057,27
5403,27
20806,27
15198,27
15290,27
2630,27
14432,27
2129,27
17016,27
18445,27
15177,27
707,27
22524,27
5582,27
5986,27
6611,27
20046,27
18956,27
6497,27
11217,27
2594,27
9136,27
6153,27
13056,27
13458,27
799,27
4738,27
15571,27
3122,27
11172,27
13457,27
1659,27
6154,27
6427,27
9843,27
15200,27
9694,27
4672,27
21004,27
25501,27
1650,27
14321,27
1338,27
20533,27
21235,27
1204,27
17750,27
14668,27
19646,27
14838,27
724,27
2123,27
21462,27
5560,27
16159,27
15175,27
16542,27
14839,27
12844,27
15169,27
16179,27
291,27
6578,27
15140,27
20565,27
21583,27
9976,27
453,27
10874,27
4742,27
2124,27
12916,27
21569,27
9207,27
12182,27
21845,27
21562,27
6496,27
4697,27
19658,27
723,27
21056,27
12825,27
17718,27
9850,27
1575,27
16655,27
9197,27
18033,27
17669,27
9675,27
3927,27
20898,27
18431,27
337,27
6421,27
23427,27
8303,27
1229,27
20484,27
4302,27
6567,27
21009,27
1825,27
11041,27
3469,27
20923,27
21482,27
6338,27
4436,27
16348,27
9234,27
4431,27
15934,27
14646,27
19093,27
6598,27
3107,27
8268,27
18303,27
16587,27
17400,27
9695,27
13459,27
3119,27
3925,27
2122,27
1439,27
5679,27
18302,27
15822,27
22789,27
8931,27
6491,27
6135,27
11033,27
6375,27
1335,27
21404,27
21000,27
3104,27
2128,27
1203,27
17410,27
29271,27
18373,27
11324,27
1201,27
9214,27
3084,27
3222,27
8362,27
29194,27
6134,27
3087,27
1376,27
11795,27
1205,27
18964,27
3110,27
12924,27
16465,27
16502,27
7338,27
22804,27
4602,27
2225,27
12242,27
8274,27
1202,27
5935,27
11011,27
17089,27
20837,27
3666,27
29152,27
10130,27
7802,27
12239,27
14382,27
12467,27
6584,27
18563,27
15170,27
4712,27
21269,27
24146,27
14564,27
25499,27
19790,27
17106,27
342,27
9237,27
19181,27
11085,27
19227,27
20836,27
4193,27
6425,27
3381,27
9239,27
11069,27
19392,27
74,27
6581,27
2194,27
17038,27
2202,27
15195,27
9195,27
97,27
2281,27
15184,27
1477,27
17364,27
15185,27
2900,27
2203,27
2485,27
3649,27
27,27
789,27
12822,27
985,27
18000,27
1573,27
15336,27
29202,27
1495,27
10242,27
6141,27
1200,27
5526,27
21539,27
2775,27
12353,27
22855,27
15357,27
23419,27
9240,27
29332,27
5301,27
10170,27
14133,27
8269,27
6158,27
3111,27
15196,27
20939,27
1648,27
19156,27
9705,27
16924,27
2121,27
13046,27
21338,27
22747,27
15720,27
14521,27
12238,27
1222,27
21741,27
12836,27
2534,27
28721,27
1649,27
12138,27
2372,27
15356,27
3363,27
202,27
3351,27
6428,27
8305,27
10241,27
3287,27
29158,27
17105,27
6492,27
2527,27
2127,27
1322,27
6165,27
20485,27
7537,27
29252,27
8864,27
340,27
16942,27
1272,27
15355,27
15640,27
20214,27
18988,27
5905,27
14143,27
22666,27
6359,27
29181,27
17030,27
21458,27
28715,27
6383,27
23244,27
2125,27
3160,27
6382,27
341,27
9241,27
26276,27
1494,27
16496,27
9699,27
3211,27
6429,27
7343,27
21364,27
17690,27
17104,27
5170,17
11085,17
11181,17
13056,17
3279,17
20898,17
16992,17
15194,17
13057,17
3115,17
13457,17
4742,17
15225,17
29788,17
21232,17
16159,17
20565,17
13203,17
20485,17
20476,17
20806,17
17683,17
18988,17
22524,17
16557,17
950,17
21562,17
19181,17
3140,17
2485,17
3927,17
3108,17
6160,17
3116,17
18431,17
17942,17
8268,17
6204,17
6589,17
1204,17
12843,17
8630,17
13201,17
15196,17
4741,17
8931,17
6581,17
307,17
4109,17
15198,17
1229,17
9207,17
1659,17
19093,17
15343,17
22855,17
29271,17
1654,17
15195,17
20837,17
1573,17
450,17
6375,17
2123,17
15199,17
2122,17
10508,17
11795,17
8629,17
1376,17
7418,17
12916,17
2534,17
16587,17
18514,17
17089,17
5935,17
9136,17
1338,17
22706,17
17016,17
1272,17
1574,17
12753,17
6598,17
3119,17
1079,17
896,17
21235,17
16542,17
4738,17
2886,17
15169,17
1957,17
15170,17
8642,17
12353,17
16558,17
12864,17
528,17
14646,17
9850,17
97,17
15934,17
1202,17
6153,17
20330,17
4477,17
3160,17
15640,17
22865,17
2972,17
9113,17
6158,17
18563,17
14966,17
13459,17
17718,17
29781,17
11172,17
13458,17
5986,17
9843,17
14321,17
14839,17
16348,17
1201,17
21269,17
723,17
21569,17
4248,17
3107,17
22789,17
9976,17
4712,17
2289,17
3666,17
14432,17
29245,17
4526,17
20484,17
4302,17
17400,17
10241,17
7525,17
6156,17
67,17
337,17
2900,17
22804,17
3129,17
19646,17
6154,17
1653,17
3087,17
6435,17
2203,17
2290,17
29194,17
15176,17
6134,17
4189,17
1205,17
7592,17
14,17
6492,17
3647,17
5138,17
579,17
16655,17
4602,17
16502,17
1335,17
7417,17
1222,17
2194,17
16924,17
21845,17
799,17
17771,17
20533,17
11033,17
948,17
3625,17
1200,17
10033,17
5679,17
2121,17
1477,17
29332,17
5302,17
1203,17
2124,17
12138,17
74,17
15200,17
17410,17
192,17
10129,17
1825,17
3127,17
16512,17
21004,17
8791,17
10242,17
6165,17
12836,17
9200,17
28715,17
4431,17
6578,17
688,17
8570,17
1081,17
3122,17
20730,17
8269,17
20214,17
812,17
3318,17
12822,17
2281,17
789,17
21462,17
29253,17
15405,17
7470,17
5920,17
21009,17
13046,17
29158,17
3084,17
29412,17
1651,17
18956,17
11217,17
22747,17
28721,17
26278,17
19392,17
8362,17
9197,17
17690,17
11,17
1956,17
1221,17
12301,17
15185,17
11069,17
7338,17
15175,17
16465,17
9705,17
18445,17
5582,17
29152,17
341,17
6491,17
17038,17
24146,17
20836,17
3649,17
3104,17
12239,17
6496,17
14838,17
29142,17
16179,17
22698,17
20604,17
340,17
3111,17
2497,17
15822,17
2129,17
11011,17
9897,17
17750,17
2491,17
21426,17
16496,17
3363,17
15720,17
15356,17
6359,17
7802,17
1650,17
8305,17
17669,17
4672,17
17193,17
9215,17
24128,17
6338,17
26055,17
3317,17
19658,17
21741,17
3381,17
9214,17
3138,17
918,17
29263,17
23419,17
18373,17
22666,17
3351,17
20046,17
3110,17
17196,17
17172,17
6567,17
6421,17
1441,17
6497,17
6427,17
6584,17
8193,17
2630,17
5403,17
9675,17
5128,17
29335,17
2502,17
6382,17
19790,17
14564,17
10805,17
17104,17
6818,17
3362,17
15289,17
1648,17
15184,17
14521,17
13976,17
985,17
9761,17
23427,17
3890,17
7537,17
2125,17
1494,17
17106,17
2128,17
1495,17
1383,17
3469,17
15140,17
12238,17
1649,17
4193,17
2631,17
6135,17
467,17
9292,17
18000,17
15290,17
2473,17
15357,17
724,17
1669,17
18237,17
4784,17
3287,17
7343,17
17009,17
25501,17
17030,17
3222,17
21338,17
20923,17
18303,17
9699,17
27009,17
9414,17
18964,17
17105,17
15355,17
6425,17
6208,17
1433,17
21364,17
10917,17
4436,17
10911,17
202,17
23244,17
14133,17
1322,17
11324,17
5526,17
29173,17
21539,17
12988,17
10402,17
8769,17
18302,17
23964,17
5301,17
6383,17
2775,17
26276,17
8274,17
27,17
18033,17
6615,17
654,17
25499,17
21458,17
14143,17
29252,17
5905,17
9195,17
19227,17
29181,17
3296,17
16942,17
342,17
19156,17
12825,17
6428,17
2504,17
29365,17
1439,17
8303,17
21482,17
11041,17
2127,17
21000,17
29202,17
6141,17
17364,17
20939,17
3211,17
6429,17
2594,17
1490,64
1289,64
6050,64
3645,64
10873,64
8974,64
29170,64
3384,64
3742,64
8732,64
11963,64
2585,64
3706,64
11804,64
20935,64
20934,64
3385,64
18296,64
18372,64
4689,64
8075,64
4247,64
8230,64
1287,64
6213,64
17024,64
20666,64
5550,64
2062,64
15986,64
25657,64
27068,64
19661,64
1299,64
14728,64
10287,64
4189,64
9620,64
29299,64
19327,64
21029,64
13223,64
8343,64
13207,64
8121,64
18564,64
4300,64
12032,64
877,64
18488,64
24232,64
25578,64
18774,64
16674,64
1620,64
1587,64
1298,64
15879,64
2498,64
278,64
2961,64
3719,64
21406,64
2630,64
16307,64
5582,64
10659,64
16219,64
11554,64
13828,64
16363,64
2962,64
999,64
4617,64
505,64
29352,64
19501,64
4237,64
6441,64
28422,64
26505,64
29269,64
11202,64
4618,64
29280,64
18375,64
1495,64
2914,64
512,64
29217,64
20469,64
17796,64
3087,64
21226,64
3750,64
3042,64
3693,64
19753,64
2949,64
15407,64
1531,64
29310,64
4062,64
24159,64
14678,64
19014,64
6056,64
10878,64
2559,64
1697,64
16778,64
17569,64
29155,64
5873,64
6443,64
8078,64
23310,64
20817,64
5939,64
18487,64
8822,64
2024,64
12833,64
21068,64
15172,64
9626,64
18261,64
20163,64
5117,64
2009,64
12033,64
18673,64
12932,64
9322,64
18071,64
15749,64
28303,64
19758,64
513,64
25238,64
19702,64
2681,64
2991,64
18448,64
12846,64
20976,64
12301,64
17406,64
5620,64
19551,64
19067,64
8063,64
18393,64
16357,64
3335,64
22700,64
837,64
12753,64
1374,64
18403,64
14679,64
15659,64
9369,64
15660,64
7454,64
15746,64
18224,64
11964,64
21637,64
19429,64
11557,64
20937,64
3235,64
3154,64
20818,64
19506,64
8534,64
5872,64
16370,64
29134,64
850,64
1300,64
13000,64
27732,64
22754,64
8544,64
3330,64
14663,64
18423,64
11986,64
19520,64
2666,64
3665,64
15036,64
25577,64
2061,64
19214,64
3743,64
22123,64
2956,64
2385,64
24702,64
29229,64
20220,64
10879,64
11162,64
15781,64
11902,64
25549,64
28307,64
10204,64
4198,64
2964,64
683,64
21518,64
685,64
11912,64
11003,64
12507,64
12863,64
242,64
16793,64
25617,64
17085,64
3142,64
2175,64
23120,64
476,64
4059,64
18772,64
14648,64
5506,64
4060,64
12591,64
17094,64
20906,64
1765,64
3153,64
12821,64
19660,64
18351,64
22823,64
11201,64
4302,64
12949,64
19788,64
12090,64
239,64
238,64
240,64
241,64
19068,64
3334,64
3028,64
19720,64
2636,64
20592,64
1285,64
6440,64
530,64
2583,64
1288,64
1122,64
8079,64
22655,64
2384,64
3156,64
13962,64
3319,64
5985,64
20601,64
15752,64
170,64
26644,64
172,64
514,64
14830,64
19510,64
6449,64
16111,64
1966,64
23407,64
175,64
8097,64
13598,64
2905,64
12746,64
5850,64
24173,64
8106,64
19069,64
3564,64
2578,64
15578,64
17147,64
6438,64
4266,64
29146,64
16164,64
279,64
3694,64
27980,64
2794,64
480,64
17841,64
21876,64
3210,64
482,64
1291,64
2954,64
15877,64
1494,64
20451,64
2591,64
1990,64
1991,64
13438,64
22134,64
22802,64
4279,64
22135,64
19307,64
20529,64
208,64
16221,64
7628,64
213,64
19447,64
10354,64
21086,64
3146,64
12068,64
18773,64
12119,64
2990,64
3152,64
10699,64
1357,64
2806,64
4150,64
2989,64
21511,64
29808,64
5986,64
1530,64
22962,64
14913,64
17195,64
12956,64
2903,64
1626,64
12504,64
12505,64
14045,64
15274,64
1339,64
16624,64
21437,64
748,64
20591,64
17940,64
5238,64
24436,64
19179,64
5115,64
25968,64
18291,64
15243,64
16805,64
20217,64
22514,64
18645,64
11196,64
12357,64
16012,64
5303,64
179,64
2307,64
29286,64
682,64
29160,64
15704,64
3536,64
29312,64
16552,64
479,64
16329,64
4265,64
8521,64
1402,64
16268,64
16629,64
26858,64
20705,64
1290,64
3151,64
787,64
21392,64
18676,64
20175,64
20219,64
2386,64
418,64
21321,64
3974,64
209,64
4276,64
3051,64
19666,64
17854,64
11910,64
15702,64
796,64
21517,64
684,64
5717,64
20270,64
21408,64
12803,64
473,64
276,64
3371,64
19559,64
2698,64
3145,64
16697,64
20982,64
811,64
1294,64
1000,64
166,64
478,64
17171,64
15514,64
18921,64
18683,64
18788,64
18300,64
8542,64
15366,64
3657,64
14800,64
11911,64
2986,64
801,64
5887,64
15180,64
29301,64
9629,64
2060,64
314,64
12091,64
1301,64
6772,64
15679,64
13339,64
16243,64
17230,64
2758,64
19548,64
21958,64
3144,64
20633,64
12148,64
3609,64
15055,64
477,64
5596,64
21580,64
599,64
1891,64
19320,64
16452,64
29216,64
2519,64
3088,64
17682,64
273,64
15727,64
15718,64
25403,64
3386,64
3299,64
3059,64
3284,64
2013,64
2976,64
2799,64
19034,64
5282,64
3975,64
18775,64
18301,64
20723,64
8108,64
17002,64
12988,64
20984,64
3521,64
24047,64
3507,64
24529,64
13048,64
236,64
22772,64
12238,64
1807,64
21006,64
20312,64
9953,64
11909,64
475,64
29619,64
19096,64
1310,64
19374,64
940,64
212,64
29286,41
3266,41
8868,41
10522,41
3276,41
13967,41
21276,41
6927,41
20475,41
14093,41
3275,41
24054,41
16989,41
6449,41
20441,41
23274,41
3789,41
18682,41
890,41
3189,41
81,41
8231,41
18587,41
1998,41
9116,41
1342,41
354,41
20371,41
17215,41
1757,41
19214,41
2024,41
19944,41
24196,41
1726,41
18153,41
19527,41
18111,41
3277,41
16610,41
6388,41
18984,41
18934,41
25392,41
2988,41
18588,41
10303,41
3267,41
14385,41
150,41
1529,41
16329,41
15752,41
22661,41
9961,41
4664,41
20474,41
5424,41
1049,41
10521,41
1528,41
1050,41
1441,41
28307,41
19558,41
3265,41
18659,41
1760,41
16437,41
1747,41
2781,41
1733,41
13256,41
6211,41
6440,41
3264,41
1842,41
20862,41
1051,41
20942,41
1174,41
1839,41
21226,41
16359,41
4662,41
1841,41
1053,41
19189,41
14882,41
1052,41
7560,41
22153,41
13803,41
29334,41
13422,41
16198,41
19396,41
13423,41
4631,41
20736,41
586,41
29352,41
16423,41
3209,41
16424,41
13811,41
16740,41
4220,41
21004,41
2713,41
2961,41
356,41
5267,41
13805,41
6213,41
6948,41
29217,41
3272,41
21462,41
13714,41
1973,41
2449,41
1851,41
910,41
1846,41
19557,41
16603,41
154,41
6974,41
18441,41
9173,41
6438,41
6978,41
20350,41
29770,41
1310,41
14123,41
3714,41
20419,41
22148,41
3255,41
963,41
22646,41
4661,41
5985,41
18086,41
24027,41
1058,41
6891,41
1847,41
6895,41
20476,41
24519,41
21609,41
1338,41
16156,41
18929,41
1734,41
21380,41
2985,41
16697,41
16906,41
2977,41
13684,41
16422,41
29271,41
161,41
6441,41
6402,41
536,41
6932,41
2590,41
3467,41
18159,41
2987,41
1744,41
15986,41
21481,41
15987,41
16315,41
28278,41
9106,41
148,41
11845,41
6069,41
1755,41
20711,41
9969,41
866,41
17590,41
8805,41
20843,41
14591,41
16805,41
19429,41
20116,41
5983,41
79,41
2591,41
6892,41
20666,41
2315,41
18684,41
15361,41
321,41
18890,41
12091,41
88,41
1732,41
14709,41
20302,41
15683,41
2054,41
420,41
1836,41
20985,41
1750,41
4449,41
10930,41
20900,41
20990,41
13427,41
9120,41
29327,41
3368,41
11965,41
143,41
20420,41
20357,41
18728,41
2592,41
16013,41
12459,41
1240,41
325,41
22607,41
2278,41
13711,41
22135,41
13528,41
4278,41
3271,41
17372,41
20991,41
159,41
1754,41
20298,41
153,41
13421,41
12219,41
1850,41
14067,41
17171,41
3788,41
17813,41
4578,41
17901,41
8148,41
6403,41
162,41
20218,41
146,41
6938,41
17847,41
1334,41
4202,41
8936,41
22714,41
12071,41
21868,41
85,41
2754,41
22657,41
4422,41
12110,41
13346,41
20154,41
20321,41
18830,41
19110,41
15523,41
9113,41
8875,41
3273,41
20892,41
827,41
2339,41
20395,41
10191,41
29173,41
29172,41
1848,41
9107,41
8136,41
6443,41
5407,41
8132,41
144,41
4450,41
2993,41
8677,41
962,41
4617,41
20940,41
2475,41
29780,41
23253,41
15125,41
16902,41
9963,41
7861,41
19507,41
13345,41
2013,41
2059,41
5480,41
114,41
3263,41
23434,41
16991,41
17721,41
22134,41
19307,41
6963,41
5591,41
18685,41
20995,41
24136,41
29160,41
22652,41
811,41
3691,41
6894,41
29227,41
8134,41
6916,41
22816,41
1766,41
3269,41
20699,41
10133,41
18547,41
17357,41
15942,41
19502,41
20106,41
9897,41
21006,41
9121,41
16157,41
19668,41
22058,41
18418,41
141,41
1844,41
1843,41
1331,41
6405,41
6919,41
24157,41
19263,41
2474,41
10860,41
16975,41
18084,41
20253,41
20707,41
3370,41
1735,41
16807,41
4439,41
29779,41
1417,41
6983,41
2559,41
1731,41
16897,41
18436,41
1373,41
599,41
17961,41
2362,41
6944,41
17009,41
18154,41
8439,41
8736,41
18058,41
20581,41
2161,41
18634,3
5459,3
17659,3
22450,3
9751,3
14966,3
16105,3
12820,3
4615,3
25083,3
21224,3
4741,3
14093,3
13307,3
17749,3
18782,3
4635,3
15959,3
17718,3
2148,3
13651,3
3255,3
9741,3
1466,3
17688,3
27286,3
16027,3
12821,3
3119,3
3307,3
310,3
19211,3
9041,3
6030,3
6208,3
5285,3
26997,3
19526,3
560,3
17155,3
9924,3
10,3
20260,3
8598,3
29152,3
19042,3
19218,3
4392,3
9788,3
6024,3
9754,3
1135,3
17686,3
16694,3
13684,3
17119,3
4083,3
17276,3
188,3
17393,3
812,3
4608,3
3229,3
6080,3
15958,3
18728,3
17218,3
19348,3
9759,3
9113,3
7,3
15970,3
29319,3
12101,3
7586,3
12068,3
125,3
5657,3
18684,3
6428,3
18936,3
12816,3
5937,3
20474,3
6342,3
1979,3
8345,3
22661,3
12110,3
14024,3
252,3
22788,3
17760,3
1272,3
28752,3
12910,3
4630,3
11895,3
3260,3
20838,3
4742,3
7915,3
16942,3
22803,3
17778,3
13423,3
603,3
16156,3
16008,3
4664,3
6526,3
9714,3
19825,3
16951,3
9668,3
17571,3
29148,3
25185,3
22412,3
9666,3
16316,3
10776,3
5963,3
18771,3
1761,3
26858,3
17692,3
16074,3
1762,3
21562,3
13346,3
15754,3
18651,3
19823,3
931,3
17207,3
19448,3
16229,3
20633,3
4601,3
28313,3
21430,3
18000,3
16019,3
12129,3
9683,3
8317,3
17182,3
12046,3
16979,3
9107,3
2960,3
21264,3
9743,3
1936,3
1140,3
19915,3
17166,3
22714,3
20523,3
8211,3
20897,3
16992,3
6403,3
29347,3
19347,3
17002,3
2014,3
1784,3
21355,3
29193,3
8355,3
9676,3
29351,3
2332,3
33,3
3249,3
19728,3
16004,3
3324,3
2390,3
21925,3
4772,3
6551,3
15969,3
15357,3
12142,3
16336,3
4150,3
16920,3
1376,3
8341,3
18685,3
11876,3
20987,3
3259,3
29812,3
19730,3
17197,3
857,3
27564,3
2842,3
16957,3
2938,3
17211,3
11836,3
19007,3
22531,3
7480,3
18661,3
9963,3
4179,3
29360,3
16024,3
16722,3
20500,3
8352,3
18699,3
15378,3
247,3
19110,3
9663,3
1891,3
21469,3
9971,3
6963,3
7997,3
16459,3
29767,3
4743,3
4189,3
8,3
6018,3
7456,3
16973,3
361,3
6007,3
8494,3
787,3
29301,3
536,3
9674,3
2015,3
9761,3
12080,3
4267,3
10483,3
21643,3
17005,3
21453,3
6447,3
21397,3
1239,3
16348,3
9120,3
2020,3
17677,3
4676,3
5947,3
1996,3
1164,3
20855,3
2543,3
10080,3
6069,3
16448,3
4605,3
21408,3
29265,3
28142,3
11181,3
13056,3
3228,3
13722,3
5910,3
9519,3
15895,3
11623,3
8521,3
16200,3
11011,3
22148,3
15898,3
18775,3
17090,3
19501,3
3150,3
3210,3
6491,3
16496,3
10233,3
11932,3
21741,3
19155,3
12239,3
19659,3
4671,3
21845,3
18970,3
15948,3
16404,3
23100,3
20484,3
1937,3
21511,3
17995,3
5582,3
19303,3
8505,3
4702,3
16352,3
1909,3
16924,3
22030,3
18301,3
2811,3
2812,3
5948,3
14077,3
1138,3
19824,3
27790,3
18588,3
18800,3
19069,3
16902,3
16833,3
18900,3
12333,3
26996,3
17086,3
23383,3
6438,3
10394,3
10731,3
3340,3
15934,3
13952,3
29350,3
6440,3
19179,3
6378,3
586,3
10844,3
21443,3
8562,3
21412,3
6380,3
17215,3
12845,3
930,3
20511,3
6443,3
15276,3
2741,3
21447,3
3212,3
16245,3
23398,3
18682,3
765,3
17670,3
16980,3
28036,3
15406,3
20604,3
1032,3
21547,3
4224,3
175,3
19198,3
16864,3
6068,3
15681,3
22631,3
16717,3
20858,3
8350,3
16157,3
15683,3
16090,3
17303,3
1807,3
8578,3
19493,3
17235,3
17149,3
18339,3
16267,3
16164,3
18835,3
20871,3
18045,3
1403,3
18534,3
1659,3
19527,3
613,3
1148,3
1051,3
3209,3
6006,3
18258,3
16368,3
2674,3
17157,3
17468,3
19217,3
17159,3
5982,3
27008,3
18053,3
19189,3
22213,3
9982,3
21481,3
15698,3
8310,3
19223,3
8311,3
20888,3
348,3
20788,3
1331,3
6520,3
16182,3
22283,3
20264,3
29312,3
970,3
12109,3
5284,3
17262,3
21711,3
4391,3
17678,3
22766,3
12091,3
21226,3
20154,3
11003,3
9390,3
4206,3
16587,3
17973,3
19238,3
6813,3
20565,3
639,3
1172,3
16593,3
11515,3
3488,3
2976,3
19561,3
23450,3
17186,3
811,3
18564,3
2705,3
3719,3
6109,3
29173,3
19088,3
6111,3
17284,3
6406,3
22795,3
15359,3
9906,3
18383,3
23098,3
29253,3
24232,3
23101,3
654,3
17105,3
17293,3
1418,3
23105,3
21517,3
27695,3
3248,3
20302,3
5907,3
29343,3
18985,3
8962,3
17712,3
8871,3
19175,3
18988,3
12134,3
16625,3
15741,3
20930,3
14678,3
18905,3
18595,3
5914,3
756,3
19286,3
16035,3
11121,3
4167,3
20321,3
17217,3
8884,3
21539,3
3744,3
11123,3
3351,3
16344,3
12822,3
11564,3
19395,3
16950,3
8570,3
18921,3
27068,3
7470,3
15287,3
6389,3
17137,3
1214,3
21456,3
413,3
16351,3
10860,3
18925,3
21458,3
4023,3
22764,3
6067,3
20611,3
20233,3
23111,3
3025,3
5927,3
606,3
6154,3
29143,3
3688,3
9745,3
6455,3
27243,3
19519,3
16266,3
608,3
11581,3
16359,3
6530,3
22249,3
21561,3
17559,3
29149,3
16364,3
1229,3
20958,3
19214,3
21472,3
11478,3
16367,3
3463,3
17467,3
20961,3
16669,3
20355,3
22209,3
18676,3
20357,3
29229,3
2958,3
29204,3
1058,3
5942,3
5943,3
13787,3
6170,3
8132,3
10996,3
13046,3
19667,3
9557,3
29160,3
19307,3
18174,3
23586,3
15994,3
1885,3
1423,3
16687,3
19036,3
21579,3
17174,3
11814,3
9569,3
17583,3
2175,3
13057,3
5952,3
6180,3
29245,3
28328,3
5955,3
15119,3
16907,3
20567,3
985,3
1257,3
11625,3
18774,3
16393,3
6912,3
9147,3
1177,3
6105,3
20905,3
29172,3
16102,3
1765,3
21000,3
4217,3
1524,3
15721,3
18197,3
16317,3
16010,3
17191,3
1267,3
19055,3
16610,3
20041,3
5131,3
1529,3
16111,3
23244,3
21006,3
19264,3
7538,3
2810,3
3082,3
23106,3
21009,3
6195,3
3330,3
2023,3
19067,3
13714,3
17016,3
5627,3
17621,3
19075,3
22046,3
14679,3
17908,3
16422,3
16423,3
4165,3
9722,3
15529,3
15836,3
17910,3
6672,3
23665,3
1464,3
18113,3
20419,3
13850,3
24157,3
16430,3
22514,3
6210,3
1467,3
29277,3
15175,3
20848,3
5985,3
22517,3
19001,3
11566,3
20330,3
10859,3
13410,3
1217,3
19820,3
3362,3
5445,3
5924,3
17645,3
16753,3
8376,3
16754,3
14839,3
273,3
21377,3
17834,3
181,3
23413,3
23024,3
17838,3
17555,3
17940,3
6703,3
16268,3
6531,3
1049,3
12097,3
19425,3
1050,3
10542,3
18152,3
18536,3
699,3
535,3
3623,3
20449,3
17567,3
18261,3
19758,3
8808,3
3290,3
19660,3
11491,3
12168,3
18542,3
20784,3
11703,3
17364,3
16782,3
1329,3
20262,3
6894,3
18545,3
8506,3
17676,3
18358,3
17079,3
19668,3
8510,3
17372,3
16990,3
13199,3
16991,3
16793,3
803,3
15894,3
29165,3
17684,3
19146,3
9694,3
308,3
19772,3
11008,3
18562,3
1079,3
25770,3
6734,3
23345,3
29170,3
29326,3
13207,3
29251,3
20480,3
21091,3
6027,3
4614,3
16805,3
5809,3
6492,3
6029,3
16807,3
19054,3
8249,3
1092,3
17397,3
20574,3
3240,3
6190,3
29334,3
21425,3
6497,3
18299,3
2362,3
24235,3
7961,3
18300,3
16115,3
3800,3
13597,3
19790,3
9712,3
11026,3
1368,3
29817,3
6505,3
15520,3
16224,3
20927,3
12836,3
18010,3
15267,3
19798,3
4631,3
22981,3
20312,3
838,3
1374,3
8268,3
12841,3
9369,3
29352,3
4636,3
9723,3
1122,3
22652,3
16847,3
18019,3
20845,3
5429,3
8274,3
7985,3
849,3
79,3
5248,3
1383,3
6775,3
850,3
16852,3
18414,3
21286,3
13967,3
9098,3
17540,3
9737,3
7994,3
18418,3
20607,3
21289,3
17139,3
15679,3
23407,3
2139,3
20529,3
19006,3
17830,3
9657,3
1219,3
27238,3
6524,3
29142,3
17742,3
1887,3
28284,3
9660,3
6528,3
3201,3
17234,3
9391,3
96,3
29145,3
20538,3
9392,3
13305,3
1657,3
29146,3
1402,3
5267,3
9395,3
5567,3
6533,3
19213,3
15973,3
13310,3
19842,3
16881,3
1660,3
5462,3
22687,3
19216,3
3211,3
20253,3
5273,3
19219,3
1664,3
2957,3
6538,3
6716,3
17568,3
29306,3
18945,3
18352,3
4672,3
18650,3
15986,3
3216,3
20887,3
15987,3
12106,3
17365,3
2075,3
16895,3
9322,3
114,3
16897,3
17856,3
209,3
16477,3
16901,3
9771,3
13676,3
11813,3
9775,3
19237,3
123,3
6179,3
17775,3
20898,3
1430,3
16906,3
22712,3
21498,3
1431,3
1687,3
9782,3
20568,3
17491,3
18962,3
18372,3
9146,3
20280,3
4436,3
27674,3
24221,3
17000,3
18673,3
1692,3
16006,3
9787,3
18674,3
19581,3
22723,3
18677,3
1932,3
17004,3
3239,3
1440,3
16918,3
29808,3
12126,3
15728,3
23102,3
17796,3
5904,3
8344,3
20581,3
17406,3
144,3
5620,3
6369,3
19791,3
25376,3
21518,3
20586,3
14045,3
5906,3
18395,3
12132,3
24428,3
150,3
9806,3
12969,3
16331,3
20591,3
21269,3
10839,3
6376,3
12136,3
21440,3
11118,3
5912,3
9811,3
15038,3
16030,3
3256,3
6512,3
8879,3
4166,3
6136,3
6382,3
18996,3
20937,3
164,3
25403,3
6383,3
12988,3
1722,3
6384,3
14067,3
16637,3
24459,3
15671,3
24027,3
17222,3
5919,3
18413,3
20601,3
3189,3
9733,3
17823,3
19632,3
264,3
18415,3
5921,3
18029,3
11874,3
27735,3
19819,3
18923,3
18132,3
1216,3
12148,3
15055,3
8374,3
29216,3
19743,3
11983,3
12150,3
15858,3
9961,3
12151,3
6395,3
19646,3
20234,3
607,3
3202,3
18337,3
5932,3
19652,3
23167,3
11583,3
9749,3
17557,3
6400,3
696,3
19752,3
16363,3
20348,3
17841,3
16366,3
20350,3
17842,3
21473,3
19327,3
4745,3
8305,3
2496,3
7495,3
10659,3
6405,3
6083,3
9215,3
26019,3
18752,3
6407,3
8923,3
22421,3
4752,3
15782,3
17476,3
6409,3
18758,3
20671,3
6410,3
22802,3
17577,3
11609,3
13048,3
19034,3
18452,3
16686,3
3483,3
21491,3
16989,3
8929,3
21321,3
6175,3
16088,3
22706,3
4679,3
5951,3
12178,3
18179,3
20984,3
3306,3
25617,3
5953,3
18461,3
2791,3
723,3
12182,3
19043,3
16094,3
17273,3
2522,3
3981,3
18773,3
17277,3
314,3
22818,3
22457,3
5960,3
5961,3
18195,3
20816,3
6188,3
11934,3
18783,3
15506,3
5715,3
2712,3
17890,3
22471,3
6927,3
7537,3
2019,3
4223,3
20396,3
17010,3
19374,3
740,3
16713,3
22478,3
17610,3
16715,3
17198,3
19068,3
17301,3
5412,3
19716,3
5975,3
8964,3
21354,3
17905,3
29266,3
16129,3
19720,3
15161,3
27359,3
24436,3
6204,3
19078,3
2639,3
16031,3
6134,3
6441,3
18809,3
2554,3
17912,3
15837,3
22855,3
20420,3
15173,3
1127,3
19732,3
21027,3
19628,3
5984,3
16144,3
29280,3
2469,3
18514,3
1213,3
12087,3
15177,3
8985,3
11567,3
22666,3
17228,3
20946,3
6216,3
17039,3
17040,3
3363,3
28278,3
2754,3
1477,3
1805,3
19405,3
22768,3
18830,3
16452,3
16357,3
17836,3
1976,3
21051,3
17343,3
15863,3
3370,3
6001,3
29297,3
17347,3
21055,3
17942,3
15688,3
12157,3
16165,3
6003,3
15198,3
9309,3
9310,3
6461,3
7592,3
1052,3
13883,3
4269,3
19429,3
9671,3
6713,3
18259,3
7916,3
18539,3
4271,3
18847,3
4272,3
18645,3
20782,3
19432,3
20659,3
9214,3
7919,3
18263,3
4274,3
625,3
18543,3
4599,3
16180,3
16580,3
711,3
1334,3
22135,3
2080,3
16381,3
17966,3
17680,3
16189,3
18863,3
22914,3
2603,3
21716,3
24207,3
6482,3
15893,3
1342,3
14324,3
6483,3
8232,3
23343,3
9142,3
8326,3
20811,3
18563,3
12815,3
22928,3
21414,3
16495,3
5297,3
17878,3
13581,3
27987,3
16205,3
17986,3
6359,3
13584,3
20817,3
16206,3
20818,3
21002,3
19782,3
12042,3
13223,3
20822,3
19159,3
5813,3
29335,3
15910,3
7959,3
325,3
22963,3
2625,3
19164,3
12204,3
6502,3
21763,3
14918,3
28013,3
6504,3
17711,3
21766,3
13604,3
1109,3
4629,3
13720,3
18308,3
21437,3
2119,3
6508,3
20837,3
10148,3
6509,3
22747,3
20931,3
16526,3
2122,3
18403,3
10508,3
17024,3
2124,3
6050,3
17123,3
8269,3
6295,3
20844,3
29353,3
1640,3
9371,3
16848,3
16243,3
18320,3
17820,3
27062,3
9373,3
20219,3
9374,3
22657,3
13961,3
17133,3
19814,3
1131,3
1300,3
17638,3
10075,3
2136,3
6066,3
12090,3
21290,3
17230,3
24050,3
29217,3
12092,3
18036,3
29370,3
1654,3
18931,3
6529,3
3452,3
18932,3
12156,3
2668,3
15687,3
15767,3
18046,3
20540,3
6532,3
18048,3
8303,3
698,3
17156,3
1150,3
24186,3
18154,3
2410,3
9121,3
4668,3
12102,3
108,3
5939,3
2246,3
16077,3
17849,3
2156,3
19220,3
29155,3
22695,3
17474,3
11804,3
6542,3
18356,3
16284,3
18948,3
17762,3
15989,3
12172,3
20890,3
17171,3
16184,3
15702,3
6547,3
6092,3
3222,3
21490,3
17172,3
17768,3
20560,3
23066,3
20894,3
8822,3
11812,3
9138,3
21868,3
18365,3
1425,3
18070,3
15997,3
5496,3
6552,3
15225,3
4284,3
20899,3
17180,3
6553,3
21873,3
2698,3
20566,3
17781,3
13345,3
5296,3
15715,3
3233,3
15899,3
5506,3
1928,3
14133,3
18084,3
15809,3
9150,3
21338,3
15810,3
1695,3
16009,3
6566,3
6363,3
25501,3
21003,3
21510,3
17193,3
10484,3
20915,3
1938,3
15363,3
16612,3
5903,3
19263,3
21898,3
5305,3
12128,3
656,3
23110,3
1706,3
16329,3
17514,3
3250,3
11113,3
5908,3
6577,3
29192,3
16333,3
17906,3
29194,3
17525,3
1954,3
5913,3
3258,3
161,3
12525,3
18111,3
22753,3
4169,3
8887,3
21285,3
8366,3
25968,3
20521,3
678,3
3433,3
18233,3
15050,3
21939,3
1134,3
1474,3
26389,3
5334,3
6865,3
11981,3
2660,3
18420,3
1970,3
18729,3
16355,3
18136,3
15762,3
2480,3
4181,3
29293,3
20953,3
6598,3
6398,3
9969,3
6158,3
21958,3
20956,3
19751,3
29222,3
3280,3
17460,3
17840,3
6978,3
1489,3
20349,3
3282,3
16072,3
20351,3
16274,3
9976,3
1053,3
12162,3
4746,3
21564,3
21565,3
7494,3
9315,3
538,3
29230,3
1234,3
16674,3
8400,3
29234,3
6892,3
2775,3
15784,3
13794,3
5946,3
16379,3
6411,3
13797,3
10343,3
6091,3
6412,3
28314,3
17857,3
21320,3
27789,3
3302,3
16689,3
18178,3
12179,3
3059,3
6177,3
11721,3
6730,3
27284,3
5954,3
17489,3
18370,3
17590,3
21331,3
1763,3
12119,3
26055,3
5959,3
4216,3
29327,3
730,3
16703,3
12353,3
16106,3
18198,3
5128,3
6031,3
4618,3
10911,3
21343,3
18477,3
17009,3
17891,3
18480,3
16711,3
3799,3
17609,3
5969,3
13826,3
3246,3
17297,3
3802,3
21010,3
1005,3
5970,3
20830,3
18214,3
241,3
15519,3
18488,3
23252,3
11951,3
23253,3
1453,3
4230,3
20720,3
1783,3
21014,3
15523,3
837,3
15655,3
24435,3
2550,3
29269,3
17813,3
17909,3
19727,3
16424,3
21635,3
13124,3
15531,3
1789,3
17126,3
5916,3
29356,3
16429,3
22058,3
2559,3
15943,3
21029,3
17323,3
22861,3
19396,3
21935,3
21370,3
21287,3
22865,3
19003,3
11980,3
11060,3
15680,3
16353,3
21946,3
18525,3
16557,3
18527,3
18245,3
15195,3
12753,3
11582,3
1978,3
16966,3
13422,3
19322,3
1981,3
11691,3
15200,3
22686,3
10097,3
20448,3
3464,3
4270,3
6983,3
23311,3
18260,3
22894,3
16464,3
6165,3
16975,3
19027,3
18159,3
5941,3
8497,3
6540,3
15781,3
16179,3
24196,3
9762,3
15597,3
24197,3
15600,3
19133,3
22903,3
29158,3
20263,3
27,3
6895,3
22134,3
9323,3
29781,3
4279,3
15889,3
552,3
20469,3
16790,3
18277,3
6413,3
18278,3
21407,3
10792,3
11345,3
24208,3
18281,3
1426,3
9040,3
15654,3
2428,3
4286,3
29321,3
24211,3
19240,3
8936,3
9695,3
6356,3
18671,3
16202,3
20479,3
16602,3
17494,3
3497,3
29252,3
20175,3
29330,3
11017,3
8534,3
16707,3
22619,3
1620,3
16611,3
9349,3
3656,3
8769,3
20485,3
4622,3
15729,3
3245,3
14042,3
19602,3
13598,3
1104,3
4452,3
1855,3
17410,3
20496,3
4628,3
21768,3
3252,3
16655,3
9039,3
5140,3
6578,3
4431,3
6581,3
20506,3
9925,3
22648,3
9370,3
12071,3
9725,3
19290,3
1959,3
15942,3
3262,3
8566,3
19813,3
8568,3
18323,3
6386,3
5920,3
6060,3
16251,3
19197,3
29364,3
9295,3
21319,3
6150,3
6153,3
18624,3
29371,3
20533,3
861,3
16558,3
19012,3
16723,3
1540,3
20441,3
2147,3
6815,3
1980,3
17463,3
2670,3
29299,3
697,3
17750,3
18153,3
23419,3
13773,3
16883,3
18349,3
19362,3
6081,3
2155,3
6166,3
15725,3
19661,3
16283,3
2961,3
16374,3
23053,3
8924,3
9130,3
15988,3
881,3
11502,3
20556,3
11607,3
631,3
15212,3
8474,3
20891,3
12111,3
9136,3
7930,3
15706,3
11811,3
29163,3
1424,3
17266,3
18662,3
19345,3
17084,3
21232,3
721,3
17488,3
9437,3
15711,3
21235,3
6182,3
16908,3
6911,3
21876,3
20569,3
29795,3
10578,3
18375,3
22311,3
27818,3
15172,3
9372,3
5962,3
2985,3
6565,3
20288,3
6495,3
18476,3
1441,3
22729,3
2018,3
3505,3
234,3
16613,3
8161,3
20397,3
4225,3
20298,3
24136,3
15731,3
20711,3
6545,3
15372,3
29263,3
17806,3
6199,3
6373,3
18426,3
16624,3
18427,3
15829,3
16726,3
25129,3
20935,3
17528,3
18710,3
15747,3
15746,3
15665,3
3285,3
21364,3
16369,3
6141,3
21282,3
18716,3
17955,3
1212,3
7468,3
1299,3
24,3
6449,3
11606,3
15053,3
22524,3
21548,3
11673,3
16647,3
20091,3
21806,3
29139,3
2194,3
3300,3
21073,3
11982,3
29289,3
11984,3
6070,3
20343,3
17682,3
6156,3
23284,3
16159,3
6416,3
20836,3
6437,3
12181,3
21298,3
15196,3
20955,3
1541,3
23386,3
21329,3
7487,3
8121,3
10191,3
900,3
16073,3
5917,3
17068,3
9675,3
12103,3
18441,3
8399,3
23427,3
15204,3
20666,3
9128,3
17853,3
6472,3
4276,3
5945,3
21070,3
11608,3
15820,3
18760,3
6174,3
12176,3
5949,3
16478,3
24206,3
6414,3
19443,3
19039,3
12114,3
24529,3
1512,3
1222,3
9661,3
6128,3
14325,3
9777,3
2005,3
3487,3
4609,3
12117,3
6554,3
2977,3
13912,3
22816,3
9897,3
899,3
9786,3
21090,3
74,3
17001,3
17318,3
15245,3
15877,3
2038,3
24124,3
24125,3
11935,3
15811,3
20819,3
10482,3
14943,3
20783,3
229,3
19702,3
6427,3
6567,3
7958,3
19130,3
4619,3
6429,3
18387,3
21346,3
18889,3
21609,3
17195,3
6569,3
16712,3
17895,3
912,3
9684,3
6753,3
20715,3
15152,3
6041,3
242,3
29264,3
15653,3
6372,3
16930,3
8321,3
20928,3
5976,3
6944,3
18143,3
17490,3
6846,3
21360,3
4010,3
5979,3
17629,3
5242,3
3283,3
11893,3
20281,3
11997,3
15718,3
848,3
21450,3
6211,3
29305,3
6425,3
1298,3
16740,3
6448,3
6213,3
6033,3
15640,3
2074,3
17074,3
9291,3
12146,3
1035,3
20524,3
19400,3
11979,3
11782,3
6451,3
6450,3
29286,3
18388,3
13711,3
6725,3
17108,3
18064,3
15564,3
14838,3
20951,3
15859,3
3087,3
7483,3
17903,3
8905,3
862,3
11722,3
5931,3
5801,3
21384,3
21874,3
22449,3
20900,3
6160,3
15199,3
2323,3
9667,3
20959,3
6402,3
4744,3
2704,3
24121,3
1263,3
3234,3
5981,3
21061,3
12163,3
19026,3
15777,3
6467,3
24702,3
5964,3
17669,3
18296,3
19332,3
21569,3
16373,3
18058,3
6891,3
29281,3
20786,3
21315,3
6193,3
29779,3
204,3
29310,3
6368,3
21402,3
19666,3
6399,3
3030,3
17107,3
4625,3
20558,3
16512,3
19442,3
21074,3
29162,3
2602,3
15891,3
17771,3
14321,3
3485,3
4205,3
18366,3
8716,3
26494,3
20590,3
11652,3
21410,3
20410,3
8325,3
13421,3
16502,3
5302,3
2101,3
16595,3
6555,3
6206,3
15530,3
20282,3
1215,3
15202,3
18051,3
17096,3
4109,3
14663,3
23465,3
4705,3
22017,3
7957,3
6496,3
16210,3
321,3
17400,3
26978,3
5717,3
17104,3
18092,3
9738,3
11674,3
4649,3
10402,3
22656,3
19505,3
5977,3
13256,3
16222,3
16120,3
4454,3
18216,3
2972,3
22917,3
7482,3
29249,3
5930,3
17305,3
4278,3
17469,3
3042,3
6103,3
15203,3
17603,3
6294,3
9486,3
20843,3
6560,3
4215,3
15806,3
18448,3
24054,3
18999,3
29236,3
22754,3
8362,3
22123,3
28303,3
19231,3
5925,3
9792,3
9287,3
21934,3
20942,3
18816,3
4248,3
18231,3
3774,3
18964,3
15178,3
5922,3
8134,3
4200,3
19096,3
17666,3
6714,3
20940,3
18540,3
19604,3
20703,3
14327,3
16011,3
918,3
18659,3
22913,3
17340,3
777,3
6454,3
19082,3
18468,3
17038,3
20296,3
16304,3
19627,3
8495,3
19430,3
1626,3
29450,3
15723,3
6421,3
6558,3
12159,3
20246,3
19656,3
5958,3
22423,3
6456,3
29212,3
29284,3
9292,3
6008,3
29275,3
20702,3
1616,3
12125,3
6817,3
20259,3
20736,3
16576,3
25238,3
21312,3
17232,3
21905,3
20707,3
6570,3
19740,3
4627,3
29773,3
6010,3
1562,3
8320,3
18956,3
19235,3
1780,3
3484,3
3742,3
16927,3
13747,3
14715,3
3088,3
9305,3
18140,3
16971,3
22453,3
11160,3
24238,3
15594,3
17081,3
2250,3
6357,3
17389,3
15907,3
2016,3
21023,3
10852,3
15812,3
20787,3
21035,3
21352,3
6638,3
16705,3
6364,3
762,3
19377,3
6503,3
24205,3
5915,3
11324,3
3797,3
18086,3
4617,3
13770,3
20360,3
15289,3
5935,3
29333,3
17359,3
19254,3
21296,3
12138,3
6123,3
24173,3
29202,3
18445,3
21406,3
20492,3
17239,3
20279,3
15176,3
6471,3
4238,3
6549,3
707,3
1508,3
6104,3
5986,3
15749,3
15044,3
1025,3
4237,3
29247,3
25499,3
3257,3
16110,3
17254,3
17082,3
5301,3
8335,3
17804,3
8228,3
15634,3
19605,3
330,3
16221,3
6489,3
1618,3
17482,3
6715,3
18302,3
25549,3
6370,3
2017,3
9770,3
22969,3
18982,3
6548,3
5905,3
17109,3
19271,3
14919,3
4602,3
1287,3
12144,3
5971,3
17569,3
2114,3
5978,3
22823,3
15405,3
14790,3
15752,3
2175,22
13680,22
3485,22
3307,22
18368,22
20454,22
21372,22
20564,22
12730,22
6454,22
22762,22
4206,22
23343,22
3487,22
2469,22
9792,22
9762,22
16991,22
12114,22
17682,22
3239,22
15706,22
17603,22
23283,22
3229,22
18393,22
5942,22
6461,22
29293,22
3228,22
4256,22
29165,22
18662,22
18174,22
6449,22
6455,22
29281,22
4722,22
5627,22
6069,22
180,22
18865,22
15199,22
4257,22
2340,22
18278,22
3483,22
14045,22
2306,22
2317,22
1374,22
18136,22
1499,22
19425,22
8230,22
19632,22
2080,22
1891,22
29212,22
14884,22
5937,22
18786,22
29316,22
24196,22
3181,22
21408,22
10934,22
8390,22
1826,22
6400,22
8227,22
24208,22
18621,22
15812,22
18263,22
250,22
3248,22
5420,22
17009,22
9684,22
24115,22
19231,22
397,22
5736,22
3884,22
11444,22
21329,22
10776,22
19798,22
2747,22
3675,22
19710,22
775,22
776,22
16990,22
3484,22
20894,22
3088,22
16024,22
5764,22
23445,22
781,22
15762,22
3452,22
16130,22
9275,22
1018,22
8624,22
10731,22
29146,22
2819,22
12634,22
3618,22
19429,22
21559,22
22124,22
179,22
8400,22
1825,22
6084,22
2016,22
10664,22
1805,22
6372,22
29673,22
2823,22
11623,22
19,22
15970,22
22914,22
29162,22
16478,22
15372,22
19271,22
4205,22
18731,22
7437,22
20521,22
6456,22
249,22
16697,22
29222,22
3280,22
8605,22
29351,22
21320,22
11116,22
15198,22
6441,22
15200,22
10303,22
13172,22
9971,22
14042,22
15594,22
6082,22
2122,22
15405,22
1709,22
9113,22
18340,22
16370,22
4204,22
5376,22
15520,22
6070,22
8310,22
777,22
3250,22
16624,22
15969,22
6437,22
8388,22
6369,22
5564,22
3488,22
9778,22
6206,22
9486,22
13734,22
4269,22
3697,22
18394,22
17556,22
1657,22
15037,22
20782,22
18816,22
28307,22
17222,22
20,22
18323,22
19223,22
6427,22
18058,22
1109,22
12574,22
5482,22
9305,22
17197,22
3245,22
2476,22
16353,22
29217,22
4705,22
6624,22
2812,22
2757,22
20410,22
96,22
13256,22
3255,22
2323,22
666,22
3257,22
22408,22
1928,22
18395,22
1781,22
5975,22
3885,22
19661,22
3290,22
19660,22
20452,22
9287,22
7468,22
27263,22
14943,22
20964,22
10132,22
10911,22
20259,22
20666,22
29808,22
3472,22
9291,22
566,22
1628,22
10839,22
24702,22
3246,22
774,22
711,22
970,22
3300,22
8597,22
30,22
9683,22
17171,22
1997,22
17408,22
17198,22
3249,22
2368,22
353,22
19175,22
12969,22
969,22
16559,22
1541,22
20723,22
6440,22
15688,22
29148,22
11121,22
8392,22
23872,22
3622,22
19214,22
1638,22
18349,22
6448,22
8166,22
8399,22
2560,22
5715,22
2017,22
5717,22
112,22
20041,22
3252,22
1710,22
19096,22
10558,22
4225,22
17107,22
1534,22
10482,22
20492,22
15861,22
778,22
16721,22
13584,22
8352,22
5729,22
16266,22
6438,22
17857,22
455,22
9310,22
22886,22
15531,22
18291,22
2369,22
4279,22
5946,22
17695,22
1822,22
3216,22
15814,22
5903,22
1780,22
17645,22
6066,22
12090,22
14804,22
9786,22
29360,22
17817,22
3123,22
13604,22
18493,22
2822,22
17986,22
13316,22
27255,22
1824,22
19863,22
17638,22
6447,22
2367,22
4724,22
18195,22
15986,22
17841,22
899,22
3701,22
6450,22
29160,22
9323,22
4201,22
17577,22
19332,22
1391,22
15647,22
15519,22
23245,22
15718,22
8595,22
2964,22
1562,22
5809,22
9479,22
1540,22
12134,22
15378,22
18729,22
1643,22
1404,22
20715,22
5603,22
4217,22
8395,22
9313,22
17567,22
21339,22
17692,22
24124,22
17568,22
6067,22
3195,22
1460,22
4721,22
5131,22
314,22
5813,22
4527,22
3240,22
17254,22
21447,22
18889,22
1418,22
3478,22
15829,22
24137,22
2015,22
15517,22
2020,22
6081,22
19026,22
19396,22
15518,22
6068,22
14057,22
2559,22
1610,22
15530,22
2250,22
3258,22
19740,22
19088,22
8884,22
19307,22
2887,22
9782,22
15529,22
4216,22
18673,22
22412,22
6451,22
29216,22
4165,22
6370,22
19605,22
2813,22
13912,22
20994,22
6443,22
14519,22
16679,22
5976,22
2372,22
3124,22
9295,22
5941,22
13187,22
16106,22
4723,22
22816,22
22928,22
15973,22
14024,22
4215,22
13324,22
1821,22
494,22
12371,22
1517,22
14998,22
20260,22
3670,22
4671,22
4252,22
5947,22
20500,22
2384,22
2270,22
17277,22
29367,22
29674,22
20558,22
3987,22
1256,22
9320,22
4223,22
16604,22
22861,22
903,22
9285,22
1128,22
22362,22
17004,22
968,22
29352,22
2267,22
9754,22
16773,22
2472,22
17725,22
3497,22
3506,22
5969,22
6150,22
6512,22
4224,22
6080,22
1630,22
16102,22
1641,22
856,22
21091,22
17320,22
398,22
17159,22
24159,22
1924,22
5710,22
2956,22
1897,22
18546,22
4602,22
26389,22
12128,22
3477,22
7127,22
8770,22
15055,22
9787,22
3410,22
16534,22
13598,22
1640,22
24308,22
6472,22
9444,22
3011,22
16284,22
13581,22
21364,22
9788,22
23246,22
912,22
2811,22
18205,22
4668,22
17195,22
3504,22
18564,22
14659,22
2013,22
1702,22
22818,22
2540,22
22802,22
3100,22
6368,22
5741,22
20524,22
3464,22
17629,22
29327,22
17318,22
113,22
3262,22
399,22
24359,22
20217,22
433,22
17257,22
18418,22
2410,22
2018,22
17796,22
2019,22
3259,22
29234,22
21425,22
9349,22
29335,22
21315,22
2332,10
18534,10
18874,10
7487,10
1657,10
426,10
10402,10
29271,10
6406,10
10844,10
29195,10
10516,10
7,10
22,10
6407,10
17908,10
8355,10
24436,10
15948,10
11491,10
1467,10
7919,10
26997,10
17718,10
21777,10
6363,10
28033,10
3280,10
29163,10
16094,10
6566,10
17910,10
16639,10
18872,10
8234,10
1459,10
14068,10
21472,10
8321,10
20894,10
18595,10
10187,10
21479,10
4643,10
17222,10
16445,10
13321,10
1865,10
16478,10
96,10
1234,10
15038,10
19432,10
23345,10
1221,10
27564,10
17323,10
16201,10
21498,10
247,10
798,10
23098,10
19760,10
2898,10
21973,10
2155,10
2691,10
15671,10
15934,10
19001,10
12914,10
6386,10
8808,10
22656,10
790,10
22148,10
27684,10
23972,10
4236,10
3177,10
18321,10
4202,10
13124,10
11836,10
22517,10
793,10
21561,10
18427,10
4083,10
15119,10
29781,10
2883,10
108,10
8230,10
1970,10
21456,10
21425,10
6846,10
1722,10
6405,10
21029,10
1789,10
18233,10
135,10
8268,10
19211,10
8305,10
19628,10
15943,10
21027,10
6384,10
6509,10
2603,10
3306,10
8374,10
8316,10
23407,10
18728,10
11782,10
18331,10
21287,10
18365,10
6389,10
12825,10
125,10
11722,10
18727,10
20506,10
1356,10
2014,10
6552,10
12821,10
9777,10
29306,10
6530,10
11623,10
6399,10
19014,10
18105,10
7480,10
16740,10
6672,10
82,10
1329,10
6378,10
16029,10
11857,10
24212,10
13680,10
24158,10
27284,10
19732,10
27062,10
7495,10
18645,10
2522,10
6581,10
1508,10
6542,10
4649,10
19060,10
17775,10
20898,10
15044,10
4271,10
14709,10
8225,10
6342,10
14077,10
2602,10
15993,10
8929,10
20343,10
27789,10
4208,10
17488,10
18461,10
3229,10
6467,10
16144,10
21282,10
23343,10
6376,10
4267,10
2486,10
22981,10
6531,10
2262,10
3340,10
6538,10
2016,10
18956,10
21023,10
3656,10
8570,10
9778,10
8232,10
6551,10
18070,10
1222,10
21458,10
3228,10
19758,10
7494,10
3212,10
22657,10
16010,10
8335,10
2975,10
11703,10
4238,10
17909,10
1212,10
17364,10
2019,10
14324,10
15798,10
15765,10
18132,10
19099,10
2754,10
1969,10
13797,10
8317,10
6548,10
1214,10
1219,10
18036,10
6549,10
17340,10
8310,10
6483,10
26996,10
10220,10
7483,10
6398,10
3203,10
6400,10
4237,10
1761,10
1695,10
6554,10
9207,10
17969,10
11567,10
2258,10
11621,10
3307,10
5556,10
2496,10
15720,10
3497,10
2015,10
17469,10
15359,10
11811,10
13320,10
9982,10
4019,10
19396,10
2261,10
12333,10
27,10
22058,10
19820,10
1217,10
9295,10
28314,10
5791,10
29237,10
19790,10
20558,10
17172,10
15994,10
6553,10
639,10
18659,10
8320,10
4179,10
4223,10
6567,10
2018,10
2879,10
6570,10
9139,10
16545,10
19098,10
21296,10
16359,10
13722,10
361,10
17149,10
6578,10
3255,10
8969,10
11833,10
18294,10
21562,10
4010,10
6294,10
6482,10
16406,10
11345,10
17684,10
11721,10
6529,10
10659,10
133,10
19121,10
23397,10
19627,10
18917,10
16086,10
6414,10
3302,10
29162,10
21312,10
13042,10
6409,10
22729,10
21397,10
18058,10
29319,10
17027,10
29356,10
6520,10
20091,10
3362,10
20855,10
5334,10
27695,10
10348,10
1515,10
3488,10
6524,10
21319,10
1452,10
7901,10
9743,10
17136,10
28284,10
10422,10
6315,10
3175,10
17906,10
20110,10
8936,10
15506,10
6425,10
17273,10
18045,10
6532,10
1461,10
2554,10
19082,10
6382,10
1514,10
23665,10
19730,10
1355,10
74,10
3317,10
20253,10
19659,10
6565,10
20264,10
2550,10
17966,10
2958,10
9215,10
8366,10
792,10
7469,10
15363,10
1131,10
739,10
4224,10
15552,10
22524,10
21290,10
11608,10
15357,10
19442,10
19054,10
6547,10
3197,10
1885,10
22807,10
1887,10
18527,10
8231,10
29165,10
4631,10
3420,10
24260,10
18931,10
22001,10
3487,10
28313,10
6413,10
8325,10
17397,10
17749,10
8269,10
2125,10
5982,10
6383,10
6854,10
16669,10
18113,10
19050,10
1524,10
8274,10
17159,10
6502,10
8376,10
15519,10
16980,10
1213,10
20736,10
5903,10
23244,10
1134,10
15600,10
22427,10
17406,10
8326,10
15809,10
6368,10
11609,10
8226,10
16927,10
6370,10
19605,10
1477,10
5757,10
29456,10
3484,10
22917,10
17973,10
8352,10
3202,10
19110,10
1783,10
17905,10
1664,10
29158,10
17197,10
8346,10
8344,10
15810,10
17624,10
17389,10
1462,10
16236,10
5242,10
17912,10
9976,10
1464,10
22653,10
4641,10
1466,10
16278,10
16325,10
11652,10
3222,10
24238,10
21073,10
20233,10
3319,10
2960,10
24196,10
21286,10
7957,10
15987,10
4619,10
19003,10
16351,10
1216,10
175,10
4225,10
16115,10
1135,10
1448,10
21289,10
8345,10
4233,10
3662,10
5284,10
23586,10
1138,10
28765,10
6658,10
29342,10
6395,10
273,10
8825,10
18281,10
4181,10
3368,10
20533,10
17554,10
21437,10
13720,10
4630,10
27359,10
19177,10
4234,10
8449,10
11710,10
17895,10
15731,10
8227,10
15789,10
19526,10
5978,10
29245,10
22449,10
17878,10
17214,10
3259,10
6380,10
22652,10
6295,10
17218,10
12820,10
3211,10
20449,10
19217,10
11876,10
12372,10
6577,10
19166,10
3483,10
18920,10
7470,10
1058,10
17891,10
23053,10
21343,10
22865,10
1272,10
492,10
30269,10
13794,10
8161,10
6412,10
3174,10
19216,10
22030,10
21490,10
1368,10
19743,10
29218,10
16157,10
29317,10
7482,10
3485,10
11951,10
19039,10
6416,10
29344,10
1453,10
26494,10
2194,10
2811,10
28,10
16924,10
23106,10
18214,10
18945,10
1762,10
1763,10
12845,10
6512,10
699,10
24186,10
18153,10
4719,10
5916,10
4217,10
6359,10
8245,10
21548,10
19842,10
4200,10
23110,10
111,10
791,10
6927,10
17890,10
16229,10
18300,10
6411,10
7897,10
16156,10
4452,10
4627,10
21377,10
1509,10
15520,10
8884,10
18997,10
17217,10
15653,10
18988,10
26984,10
2278,10
6508,10
6831,10
20263,10
19133,10
25888,10
2531,10
16920,10
18370,10
11566,10
17781,10
5915,10
4190,10
18048,10
18536,10
1148,10
4239,10
17126,10
21939,10
9130,10
21609,10
10097,10
6560,10
18299,10
3698,10
5305,10
15784,10
6471,10
29312,10
16446,10
20423,10
22619,10
23101,10
13787,10
20887,10
1645,10
3216,10
8311,10
24235,10
16712,10
20382,10
20720,10
6437,10
4216,10
17474,10
1164,10
625,10
1706,10
5655,10
3659,10
29371,10
16090,10
6528,10
15763,10
18092,10
15806,10
4668,10
2675,10
1418,10
6569,10
23105,10
17491,10
6545,10
20787,10
15811,10
823,10
29211,10
19223,10
19362,10
18356,10
6338,10
22457,10
21010,10
26654,10
22969,10
19823,10
13319,10
16404,10
16369,10
6410,10
22009,10
4454,10
3464,10
794,10
15681,10
21011,10
1177,10
19197,10
17198,10
15858,10
2712,10
21887,10
4391,10
20715,10
4215,10
1518,10
2020,10
22963,10
20234,10
16224,10
11181,10
22818,10
6402,10
11607,10
4622,10
15775,10
15243,10
6851,10
22450,10
6504,10
3936,10
19702,10
8301,10
15375,10
6357,10
9699,10
16080,10
8350,10
16180,10
20424,10
8341,10
2183,10
5297,10
8303,10
20822,10
2263,10
15908,10
21510,10
11874,10
17393,10
19130,10
6428,10
4394,10
1583,10
29338,10
6403,10
2017,10
6373,10
21224,10
15820,10
22661,10
20671,10
9121,10
24197,10
9620,10
28690,10
18565,10
18372,10
16711,10
6912,10
21473,10
2543,10
26,10
1781,10
2625,10
16081,10
19527,10
3684,10
15517,10
2469,10
16368,10
6558,10
1521,10
6555,10
16102,10
1463,10
23100,10
20903,10
16284,10
27238,10
18375,10
28013,10
23102,10
6427,10
21905,10
24136,10
29795,10
1780,10
21091,10
6356,10
18875,10
9292,10
11502,10
20926,10
18671,10
13770,10
1500,10
6491,10
19561,10
1215,10
6364,10
6372,10
22531,10
21845,10
18154,10
20246,10
20589,10
2532,10
20032,10
17762,10
21331,10
8132,10
6421,10
19055,10
17490,10
6533,10
15518,10
15634,10
17476,10
2182,10
6496,10
6082,10
16595,10
12103,10
12823,10
6495,10
24232,10
6540,10
21285,10
18216,10
6505,10
6503,10
17107,10
6638,10
6817,10
23777,10
18982,10
19791,10
5296,10
20830,10
23111,10
17489,10
6369,10
1251,35
18514,35
8288,35
21035,35
6860,35
28752,35
8708,35
800,35
21578,35
5164,35
19093,35
799,35
17410,35
20806,35
8231,35
2973,35
12566,35
1937,35
8716,35
16542,35
6153,35
8825,35
1210,35
2114,35
2972,35
22914,35
15194,35
6813,35
5559,35
2573,35
14966,35
16109,35
8269,35
13057,35
1938,35
20448,35
13201,35
6154,35
2344,35
4179,35
29788,35
18921,35
1479,35
5906,35
4248,35
8280,35
20330,35
20604,35
3915,35
12992,35
801,35
19018,35
15178,35
18029,35
794,35
8292,35
12182,35
18953,35
15763,35
1376,35
22524,35
16927,35
5978,35
4759,35
8227,35
20423,35
17624,35
858,35
1936,35
3087,35
11038,35
7442,35
6825,35
4269,35
29239,35
28478,35
5167,35
25955,35
22712,35
857,35
4431,35
72,35
25174,35
8226,35
307,35
707,35
24428,35
21304,35
697,35
5320,35
5321,35
69,35
3974,35
18038,35
2998,35
6814,35
4394,35
13056,35
5949,35
14083,35
6427,35
18452,35
6815,35
7537,35
21562,35
21777,35
19782,35
1526,35
2312,35
20586,35
15177,35
5582,35
15257,35
9044,35
792,35
1224,35
2999,35
18033,35
16992,35
1478,35
13027,35
13856,35
4525,35
23167,35
688,35
6846,35
17079,35
1515,35
8630,35
793,35
17403,35
1497,35
16179,35
15176,35
13331,35
6836,35
8268,35
20358,35
17137,35
8232,35
8285,35
20424,35
1516,35
6425,35
18198,35
10911,35
23972,35
1659,35
16364,35
29152,35
6842,35
29456,35
9694,35
17749,35
13203,35
15369,35
19813,35
2437,35
791,35
2898,35
4276,35
26894,35
3647,35
798,35
22703,35
3437,35
27008,35
790,35
8234,35
20830,35
1229,35
8262,35
9391,35
5952,35
29245,35
1226,35
21269,35
22682,35
18592,35
3317,35
2997,35
25501,35
12091,35
5905,35
18406,35
1204,35
15352,35
8245,35
14653,35
9695,35
8629,35
23383,35
10129,35
15721,35
16561,35
8214,35
3318,35
9761,35
8274,35
20574,35
3000,35
17254,35
8252,35
15511,35
3661,35
21235,35
4625,35
21009,35
29204,35
13954,35
14548,35
8230,35
21338,35
20866,35
24260,35
19177,35
2289,35
21559,35
2225,35
111,35
10904,35
15837,35
15720,35
6165,35
29252,35
12911,35
10130,35
12138,35
22706,35
6817,35
17266,35
17799,35
21611,35
16379,35
12372,35
2290,35
15173,35
16639,35
12357,35
811,35
1482,35
5903,35
2434,35
12864,35
25173,35
9738,35
17262,35
15681,35
18826,35
8362,35
6421,35
17389,35
6841,35
4617,35
2473,35
1584,35
1522,35
5301,35
8249,35
15175,35
18321,35
2775,35
4526,35
9743,35
12109,35
12824,35
15212,35
5302,35
15722,35
16496,35
8270,35
12835,35
17284,35
6865,35
12122,35
20837,35
5982,35
2574,35
21539,35
789,35
5904,35
5947,35
12148,35
10917,35
4200,35
11041,35
29365,35
27062,35
13046,35
1533,35
1444,35
15988,35
788,35
6834,35
18299,35
5674,35
192,35
20836,35
18997,35
8211,35
10524,35
17030,35
9969,35
16942,35
15600,35
12467,35
3296,35
22800,35
6429,35
6818,35
13773,35
12816,35
28640,35
3616,35
3623,35
3211,35
710,35
8225,35
74,35
796,35
16325,35
6874,35
4511,35
8683,35
26278,35
16125,35
11011,35
15765,35
18482,35
19227,35
23268,35
4436,35
2524,35
22801,35
9699,35
17090,35
12815,35
51,35
6428,35
27674,35
2024,30
29367,30
20475,30
1732,30
16448,30
14123,30
23972,30
8985,30
516,30
200,30
10522,30
21380,30
12753,30
1726,30
1238,30
18038,30
1734,30
148,30
3265,30
12459,30
775,30
1251,30
1417,30
5591,30
776,30
3277,30
22762,30
11676,30
2781,30
19189,30
16008,30
4220,30
22772,30
16013,30
2367,30
29673,30
29456,30
16991,30
273,30
6229,30
11845,30
23253,30
3469,30
1825,30
17922,30
250,30
3275,30
3123,30
17729,30
1733,30
9119,30
9138,30
18534,30
1201,30
32,30
13803,30
3266,30
3267,30
10303,30
1441,30
3209,30
2043,30
19944,30
1851,30
20424,30
3276,30
19527,30
20423,30
17323,30
9128,30
20866,30
21397,30
8390,30
18394,30
3273,30
2591,30
18536,30
1755,30
4394,30
1483,30
1202,30
6944,30
16990,30
91,30
81,30
19181,30
11929,30
2026,30
9743,30
17901,30
22518,30
9897,30
8234,30
6927,30
15671,30
19007,30
6719,30
6363,30
23465,30
934,30
1843,30
22648,30
3504,30
1374,30
8868,30
8232,30
9136,30
1998,30
20871,30
21377,30
179,30
1754,30
16637,30
9285,30
16109,30
20496,30
4664,30
3264,30
361,30
7861,30
12142,30
10097,30
22695,30
8997,30
20822,30
29770,30
18071,30
3788,30
2339,30
12566,30
21946,30
19396,30
4390,30
6921,30
420,30
16180,30
19557,30
16906,30
9116,30
18086,30
792,30
1413,30
866,30
3302,30
3609,30
3263,30
11664,30
16009,30
4578,30
24581,30
14093,30
6948,30
14385,30
117,30
1848,30
5527,30
18372,30
3789,30
2368,30
645,30
19558,30
23445,30
5564,30
3272,30
1844,30
777,30
15031,30
4629,30
12911,30
9969,30
1842,30
4082,30
11965,30
7560,30
14591,30
2887,30
3452,30
23246,30
1750,30
3467,30
20723,30
2369,30
3437,30
1174,30
17002,30
13676,30
20671,30
21339,30
8449,30
1203,30
8936,30
16437,30
24436,30
15037,30
3329,30
19668,30
9971,30
1731,30
19730,30
1274,30
24359,30
2642,30
844,30
24157,30
20174,30
1850,30
9120,30
4450,30
1735,30
1824,30
18356,30
29364,30
9479,30
29779,30
20116,30
18084,30
19223,30
15523,30
662,30
14659,30
19502,30
1847,30
21537,30
3271,30
17961,30
16182,30
1846,30
6919,30
18308,30
286,30
24308,30
536,30
3506,30
4449,30
15784,30
20253,30
29173,30
19177,30
11968,30
9121,30
20524,30
29192,30
20321,30
29780,30
23245,30
28647,30
4252,30
599,30
16913,30
15356,30
51,30
16807,30
1550,30
20816,30
2964,30
17157,30
268,30
9051,30
1549,30
968,30
8439,30
3269,30
8148,30
1897,30
18291,30
5819,30
384,48
1879,48
2710,48
2751,48
1363,48
13315,48
1856,2
11857,2
124,2
10670,2
279,2
1610,2
11793,2
5017,2
16270,2
17749,2
10894,2
3397,2
4794,2
25311,2
29349,2
16319,2
1614,2
10700,2
29350,2
9885,2
2742,2
13061,2
9751,2
4967,2
16918,2
16843,2
17540,2
5510,2
3235,2
193,2
3184,2
18666,2
824,2
9585,2
5618,2
8136,2
9761,2
119,2
4738,2
2534,2
15480,2
3251,2
3284,2
20480,2
30211,2
931,2
335,2
18547,2
17020,2
277,2
9663,2
21559,2
4959,2
18624,2
241,2
10655,2
16080,2
16769,2
5916,2
16025,2
3379,2
25448,2
25313,2
4698,2
7912,2
10665,2
23267,2
13905,2
4239,2
3194,2
12794,2
29311,2
11711,2
2338,2
20576,2
1587,2
25470,2
19429,2
28300,2
2485,2
1343,2
8232,2
219,2
5171,2
220,2
4767,2
27002,2
20811,2
17750,2
930,2
890,2
18674,2
22823,2
9906,2
20484,2
7122,2
10815,2
12857,2
86,2
19790,2
9770,2
22631,2
3188,2
4798,2
10389,2
16123,2
12833,2
27524,2
3171,2
3638,2
2790,2
11758,2
1284,2
2636,2
2347,2
3694,2
1577,2
4811,2
223,2
16206,2
15942,2
259,2
26644,2
877,2
170,2
9946,2
4950,2
2837,2
18922,2
2596,2
25556,2
9738,2
17011,2
4099,2
24171,2
16957,2
1971,2
17142,2
353,2
18929,2
21524,2
11756,2
23024,2
19176,2
97,2
18531,2
16966,2
16764,2
9116,2
6,2
18045,2
12097,2
3695,2
3374,2
23419,2
3696,2
869,2
4978,2
2954,2
5466,2
4984,2
18921,2
17759,2
4989,2
112,2
1589,2
294,2
5031,2
381,2
11075,2
22283,2
9421,2
4680,2
5008,2
9745,2
5009,2
20273,2
9777,2
11085,2
19875,2
21873,2
894,2
5014,2
2611,2
16307,2
1079,2
13912,2
21876,2
3718,2
15873,2
3399,2
403,2
17494,2
12122,2
29173,2
20911,2
1934,2
47,2
10484,2
12126,2
17505,2
11203,2
20915,2
5903,2
4913,2
4702,2
14662,2
16615,2
26887,2
15733,2
10145,2
18984,2
10041,2
7135,2
5038,2
4799,2
10043,2
2914,2
17718,2
12068,2
13728,2
18313,2
21443,2
7151,2
1957,2
16847,2
2645,2
16848,2
8362,2
21450,2
3747,2
19507,2
1960,2
9191,2
17138,2
4650,2
16646,2
4956,2
4957,2
26792,2
2661,2
16354,2
4964,2
16265,2
4966,2
5077,2
15968,2
9848,2
19014,2
4968,2
11792,2
11297,2
5081,2
19115,2
15973,2
19017,2
2489,2
2491,2
16367,2
191,2
1984,2
2767,2
19024,2
28302,2
19658,2
3555,2
876,2
4196,2
2592,2
1416,2
3385,2
29235,2
11908,2
1995,2
9419,2
4201,2
16086,2
26444,2
10212,2
5588,2
10892,2
10214,2
2784,2
8230,2
5952,2
2787,2
2788,2
12634,2
16992,2
1253,2
19043,2
26049,2
15488,2
15492,2
17876,2
7523,2
18964,2
16005,2
17277,2
647,2
1179,2
11632,2
731,2
1767,2
11196,2
732,2
486,2
10236,2
18476,2
3323,2
1096,2
16408,2
493,2
18482,2
11645,2
494,2
15819,2
22030,2
4920,2
3586,2
16716,2
19068,2
1281,2
19380,2
244,2
30244,2
17518,2
424,2
10608,2
501,2
5976,2
9923,2
3091,2
1542,2
5977,2
2032,2
8876,2
5978,2
13390,2
4940,2
17214,2
24151,2
7552,2
1289,2
23266,2
29271,2
6584,2
15172,2
19730,2
4815,2
19088,2
5919,2
1959,2
20848,2
9287,2
16346,2
4247,2
11775,2
172,2
12087,2
5065,2
13970,2
29214,2
23278,2
3536,2
15291,2
7569,2
272,2
8479,2
26944,2
22098,2
2759,2
17939,2
9113,2
1811,2
13528,2
5170,2
10297,2
12157,2
20110,2
15688,2
15311,2
2061,2
16165,2
10300,2
17659,2
2064,2
4269,2
7592,2
20448,2
9313,2
1322,2
11697,2
4983,2
29305,2
13541,2
16176,2
16977,2
25732,2
15204,2
1327,2
4042,2
16469,2
6723,2
7927,2
5099,2
17964,2
3633,2
5486,2
7621,2
10672,2
19767,2
16478,2
9878,2
29317,2
4284,2
20806,2
557,2
805,2
1344,2
21588,2
2348,2
16392,2
17978,2
20163,2
21412,2
20903,2
1611,2
19777,2
2094,2
1083,2
2095,2
4901,2
10366,2
19154,2
22155,2
11735,2
2618,2
19159,2
29333,2
2622,2
17995,2
2105,2
2900,2
18889,2
11747,2
5526,2
13598,2
576,2
2904,2
16826,2
831,2
13604,2
1371,2
15654,2
11757,2
10393,2
2120,2
1373,2
21135,2
26095,2
23386,2
19179,2
7454,2
2644,2
1377,2
1378,2
25675,2
5243,2
7696,2
19187,2
5245,2
342,2
3672,2
2924,2
19188,2
5546,2
1383,2
11774,2
2131,2
16542,2
4823,2
16950,2
27070,2
9499,2
3679,2
3435,2
15756,2
4828,2
18331,2
4831,2
7997,2
11575,2
12092,2
17742,2
25427,2
17454,2
22242,2
13644,2
6528,2
15686,2
610,2
278,2
19322,2
16363,2
2949,2
369,2
1404,2
189,2
3697,2
3376,2
6079,2
870,2
18348,2
871,2
20545,2
22691,2
16277,2
3702,2
12102,2
10105,2
6082,2
539,2
5873,2
3706,2
11804,2
26288,2
19223,2
17853,2
5282,2
8597,2
9420,2
712,2
11910,2
9422,2
9423,2
10791,2
18064,2
18956,2
4132,2
18662,2
5007,2
29953,2
20272,2
20897,2
12180,2
2975,2
16593,2
11514,2
5013,2
5598,2
1607,2
640,2
21237,2
12117,2
9439,2
10805,2
986,2
14648,2
11520,2
2180,2
11521,2
5394,2
10476,2
2182,2
22311,2
227,2
651,2
5403,2
1441,2
12947,2
15725,2
5405,2
18684,2
4445,2
12825,2
654,2
29180,2
5904,2
8343,2
1446,2
12129,2
417,2
9467,2
17804,2
1449,2
9468,2
1195,2
920,2
21521,2
15736,2
2025,2
16331,2
23120,2
10152,2
12136,2
5047,2
16629,2
20414,2
23388,2
15746,2
17815,2
20844,2
15041,2
11557,2
5639,2
18409,2
674,2
4721,2
20325,2
11773,2
4723,2
9945,2
20602,2
2931,2
11444,2
13856,2
18514,2
2750,2
18029,2
19400,2
11571,2
12149,2
29289,2
1568,2
12268,2
15761,2
689,2
17232,2
2481,2
1481,2
3760,2
3028,2
3029,2
6700,2
18427,2
17235,2
22776,2
23554,2
5079,2
11584,2
25176,2
8912,2
4188,2
17239,2
10873,2
13034,2
9856,2
5355,2
9533,2
17847,2
3041,2
2590,2
20452,2
5361,2
3468,2
5095,2
21973,2
27263,2
3045,2
2773,2
9320,2
8732,2
18448,2
20362,2
25202,2
11909,2
20363,2
17677,2
9872,2
3301,2
11611,2
11172,2
5377,2
3974,2
15890,2
24529,2
29163,2
17266,2
21580,2
19447,2
8231,2
1515,2
12181,2
27288,2
3569,2
6182,2
6638,2
5118,2
9897,2
11627,2
26465,2
2092,2
16701,2
2799,2
2525,2
8944,2
15808,2
26468,2
5399,2
3154,2
13815,2
8945,2
1768,2
734,2
817,2
16707,2
18477,2
18786,2
11202,2
29335,2
3159,2
17009,2
17608,2
11643,2
739,2
5409,2
11644,2
4789,2
741,2
22829,2
3999,2
21010,2
19067,2
1278,2
3334,2
16721,2
4161,2
1283,2
20410,2
5140,2
2822,2
12066,2
16422,2
19078,2
17719,2
11658,2
4812,2
11659,2
3100,2
24155,2
5981,2
2299,2
17320,2
15535,2
3605,2
10624,2
21454,2
23530,2
9953,2
2840,2
12741,2
27914,2
24170,2
12090,2
6696,2
12746,2
7575,2
5451,2
16159,2
3115,2
19110,2
20241,2
17688,2
23872,2
3622,2
12290,2
5937,2
5356,2
13540,2
1055,2
19,2
5469,2
3127,2
9676,2
20454,2
21066,2
2073,2
1060,2
15884,2
16782,2
29309,2
4046,2
3386,2
5480,2
26984,2
26985,2
1335,2
11712,2
16788,2
18277,2
21716,2
8747,2
3637,2
2086,2
20564,2
2606,2
27159,2
9479,2
4609,2
23758,2
1078,2
6764,2
6264,2
15803,2
16908,2
29195,2
4059,2
11011,2
9579,2
29326,2
3645,2
11733,2
16915,2
2183,2
8245,2
3649,2
6031,2
17101,2
11385,2
15908,2
15257,2
20485,2
8769,2
11745,2
19788,2
17404,2
22628,2
20825,2
19164,2
3163,2
17702,2
20492,2
21431,2
3166,2
21352,2
1628,2
18303,2
24428,2
2201,2
11790,2
16935,2
15655,2
18932,2
24006,2
12156,2
17212,2
15743,2
9485,2
7149,2
2034,2
8878,2
4636,2
15274,2
18019,2
18913,2
11768,2
22655,2
5547,2
25549,2
9497,2
6589,2
9190,2
23840,2
1797,2
9947,2
23841,2
12730,2
19197,2
21372,2
12148,2
18134,2
28765,2
6068,2
859,2
6697,2
29143,2
21050,2
5010,2
5932,2
16656,2
12334,2
3693,2
1048,2
2060,2
16907,2
5015,2
17559,2
3461,2
16366,2
15690,2
1149,2
16881,2
21836,2
17157,2
9402,2
4295,2
12101,2
19758,2
27773,2
5872,2
28114,2
18353,2
15698,2
880,2
10884,2
29158,2
15701,2
11503,2
22700,2
12109,2
16379,2
11911,2
17766,2
19863,2
3781,2
17678,2
12179,2
23443,2
2002,2
26995,2
17583,2
13720,2
5044,2
2912,2
20566,2
29167,2
1760,2
11087,2
27359,2
5115,2
16308,2
3398,2
1261,2
13207,2
16102,2
5357,2
21338,2
17190,2
26472,2
904,2
2273,2
9592,2
29179,2
6033,2
7663,2
9458,2
1445,2
17196,2
17798,2
656,2
2540,2
18300,2
16019,2
418,2
8063,2
22741,2
21522,2
5909,2
29265,2
19718,2
19075,2
2203,2
19652,2
9626,2
5045,2
15741,2
2698,2
11585,2
5351,2
12138,2
6135,2
11963,2
28737,2
18408,2
21279,2
1293,2
16343,2
18999,2
3013,2
21542,2
2302,2
5435,2
23272,2
1030,2
10277,2
1798,2
5922,2
2307,2
1799,2
17038,2
17830,2
2937,2
18133,2
24477,2
5072,2
22869,2
17234,2
28285,2
24176,2
3116,2
10607,2
16064,2
5417,2
27247,2
20028,2
2031,2
17180,2
10301,2
2490,2
24494,2
18347,2
24496,2
23615,2
9051,2
194,2
11597,2
15203,2
1324,2
3044,2
17568,2
17849,2
17850,2
4197,2
1328,2
10664,2
3387,2
3780,2
19036,2
11912,2
9874,2
5376,2
3635,2
17174,2
6628,2
4882,2
15266,2
29266,2
5078,2
5012,2
20476,2
2882,2
1314,2
5964,2
22352,2
9629,2
11554,2
20994,2
16201,2
6560,2
11628,2
20032,2
1379,2
4772,2
1264,2
12353,2
17004,2
6030,2
21003,2
3651,2
6496,2
11201,2
24128,2
6568,2
18788,2
6277,2
19707,2
24131,2
6430,2
6431,2
19266,2
12046,2
19709,2
11646,2
6753,2
16512,2
2544,2
1536,2
6504,2
1280,2
19069,2
19794,2
29189,2
1807,2
18010,2
1313,2
23167,2
22001,2
16065,2
13961,2
1723,2
5203,2
20377,2
2033,2
6765,2
19753,2
6294,2
25814,2
2035,2
5147,2
6295,2
9371,2
9444,2
28645,2
1873,2
5839,2
19733,2
8982,2
4724,2
2305,2
18414,2
5437,2
4198,2
19093,2
4249,2
7564,2
8472,2
236,2
2137,2
2841,2
15759,2
1067,2
29782,2
10287,2
6698,2
6598,2
9584,2
21354,2
5043,2
3205,2
19765,2
9022,2
3415,2
4008,2
2237,2
9975,2
9976,2
14097,2
17564,2
19389,2
4813,2
8495,2
15202,2
18428,2
9424,2
21406,2
11602,2
18264,2
2864,2
9414,2
4043,2
2103,2
23431,2
12907,2
1162,2
3762,2
1063,2
22802,2
18450,2
11945,2
9586,2
25092,2
10247,2
20574,2
9215,2
12114,2
11615,2
15477,2
4881,2
20730,2
6874,2
17305,2
20790,2
3156,2
13674,2
16715,2
12111,2
5806,2
11626,2
17428,2
28690,2
17843,2
14024,2
6699,2
15514,2
3657,2
1380,2
29356,2
29252,2
8335,2
22209,2
18321,2
23777,2
17172,2
20220,2
20601,2
17108,2
7659,2
5220,2
18231,2
17699,2
3384,2
10712,2
1700,2
20763,2
7565,2
15750,2
15652,2
16022,2
12749,2
15737,2
3560,2
14843,2
18847,2
8497,2
23066,2
7560,2
9275,2
668,2
2209,2
5157,2
12751,2
4982,2
29229,2
18295,2
2591,2
1796,2
1532,2
10658,2
6081,2
3723,2
19710,2
2054,2
3199,2
636,2
15763,2
1909,2
8884,2
20845,2
11696,2
20217,2
16773,2
19327,2
11656,2
5943,2
4976,2
727,2
19599,2
24132,2
1503,2
18259,2
17359,2
11772,2
4922,2
17254,2
5986,2
2806,2
1240,2
17571,2
512,2
2104,2
21011,2
12178,2
16370,2
8962,2
17365,2
20361,2
18177,2
1835,2
18546,2
2267,2
11629,2
17195,2
10631,2
6188,2
29773,2
22703,2
2844,2
19782,2
6741,2
12525,2
15700,2
17402,2
19151,2
3390,2
16720,2
1504,2
9292,2
1616,2
21004,2
12966,2
6450,2
522,2
2257,2
9310,2
21068,2
21035,2
5432,2
9453,2
8948,2
20343,2
14728,2
20351,2
23613,2
2091,2
23781,2
17636,2
29263,2
1480,2
635,2
29253,2
21047,2
1617,2
11587,2
17857,2
9589,2
302,53
3472,53
18385,53
9033,53
2459,53
21233,53
257,53
323,53
10102,53
23242,36
2567,36
1385,36
20728,36
1797,36
2566,36
843,36
3434,36
3098,36
5186,36
842,36
8867,36
102,36
12630,36
7561,36
3014,36
2166,36
5187,36
8823,36
2001,36
3197,36
5192,36
14921,36
2229,36
11916,36
7000,36
11915,36
2083,36
5195,36
2919,36
3203,36
12746,36
1066,36
7001,36
23245,36
1365,36
870,36
619,36
845,36
7936,36
9285,36
28643,36
10346,36
5206,36
10895,36
2921,36
10887,36
3508,36
5099,36
1893,36
3509,36
776,36
5215,36
99,36
23246,36
28283,36
5194,36
27736,36
11231,36
27734,36
8880,36
5216,36
2887,36
1801,36
3951,36
100,36
3451,36
101,36
846,36
22717,36
11584,36
425,36
5207,36
844,36
2920,36
13394,36
968,36
5655,66
4187,66
5717,66
12323,66
6993,66
18936,66
12746,66
14081,66
9480,66
9745,66
1030,66
1826,66
2637,66
5423,66
2967,66
2542,66
483,66
1126,66
10218,66
8816,66
768,47
29773,47
17849,47
18064,47
83,47
18029,47
17009,47
12126,47
17254,47
9676,47
5083,47
20574,47
24494,47
8335,47
14999,47
24151,47
2134,47
381,47
2827,47
27288,47
16918,47
30211,47
3394,47
20377,47
2773,47
4940,47
11658,47
19380,47
18477,47
1959,47
1934,47
28114,47
29189,47
20484,47
13912,47
651,47
21372,47
19765,47
5451,47
18045,47
4906,47
1585,47
24529,47
6450,47
12157,47
12068,47
5916,47
17678,47
6504,47
2884,47
16957,47
1723,47
17180,47
17172,47
11656,47
4956,47
9883,47
11611,47
24477,47
17750,47
27524,47
1984,47
20825,47
22628,47
168,47
9497,47
18999,47
12102,47
5031,47
17749,47
9770,47
10393,47
23066,47
12129,47
12857,47
9878,47
18921,47
12521,47
22352,47
16206,47
17677,47
12136,47
4905,47
5952,47
5903,47
5919,47
19658,47
3395,47
22098,47
23840,47
2926,47
9504,47
22311,47
4680,47
20566,47
8481,47
10212,47
19767,47
12122,47
1557,47
4957,47
12149,47
22631,47
5358,47
13992,47
3396,47
1960,47
4950,47
10869,47
8230,47
5677,47
17939,47
1264,47
5977,47
15876,47
19078,47
23167,47
19197,47
1542,47
20602,47
7927,47
20911,47
21873,47
1995,47
19652,47
227,47
17853,47
19043,47
1072,47
22030,47
12148,47
10366,47
8757,47
2097,47
98,47
839,47
5839,47
30244,47
19794,47
17995,47
16379,47
12097,47
20343,47
4269,47
11659,47
205,47
22700,47
4960,47
25104,47
23024,47
4901,47
11514,47
12181,47
23443,47
20845,47
12156,47
3447,47
20673,47
11503,47
17195,47
86,47
1606,47
741,47
19707,47
29265,47
29163,47
3327,47
4295,47
18547,47
29305,47
2829,47
4609,47
18010,47
24496,47
16201,47
5203,47
17011,47
19790,47
16701,47
15733,47
190,37
20602,37
12290,37
769,37
2408,37
786,37
3434,37
14097,37
2827,37
24494,37
9512,37
596,37
2227,37
13406,37
3394,37
18921,37
18064,37
5201,37
6647,37
9676,37
2734,37
16950,37
12126,37
11083,37
28283,37
7936,37
5197,37
7062,37
18385,37
19724,37
17939,37
7467,37
5560,37
2229,37
1542,37
4852,37
10376,37
10041,37
8974,37
6450,37
16149,37
21372,37
23443,37
770,37
12149,37
10840,37
11692,37
11857,37
20343,37
3530,37
5186,37
4940,37
3594,37
5187,37
20574,37
100,37
19898,37
2566,37
23066,37
3095,37
10459,37
841,37
843,37
8912,37
19827,37
29163,37
17653,37
15746,37
13532,37
5194,37
18045,37
11641,37
91,37
14928,37
23840,37
5977,37
24529,37
29773,37
7898,37
27288,37
21873,37
1385,37
5919,37
19597,37
1884,37
11576,37
20377,37
14061,37
3097,37
2082,37
10187,37
627,37
2316,37
19652,37
12068,37
23167,37
2733,37
8854,37
381,37
3014,37
2773,37
1430,37
18477,37
2083,37
7934,37
14822,37
23024,37
24212,37
17180,37
11639,37
13675,37
9033,37
1921,37
4959,37
8867,37
3443,37
11501,37
2001,37
12156,37
26992,37
8747,37
2899,37
2885,37
11500,37
17678,37
17830,37
10212,37
4764,37
16206,37
17011,37
2271,37
12136,37
29306,37
1893,37
14872,37
2160,37
6177,37
2567,37
7939,37
2737,37
17009,37
8754,37
11646,37
19043,37
25479,37
1960,37
19765,37
19270,37
7135,37
5195,37
12102,37
17750,37
19828,37
17254,37
2735,37
20566,37
17116,37
11231,37
101,37
19078,37
22631,37
10793,37
25857,37
12097,37
10887,37
16957,37
3203,37
12193,37
20911,37
17172,37
16918,37
2571,37
16201,37
18029,37
842,37
333,37
99,37
15095,37
12857,37
10104,37
7897,37
18962,37
15733,37
16699,37
5206,37
11638,37
102,37
4680,37
748,37
12181,37
30211,37
5952,37
1995,37
3030,37
21973,37
118,37
5184,37
741,37
11625,37
5451,37
7932,37
878,37
17195,37
27524,37
2184,37
22030,37
26454,37
4609,37
3396,37
12039,37
29305,37
1959,37
9770,37
16495,37
2731,37
17875,37
29189,37
6568,37
7901,37
29265,37
2739,37
30244,37
12129,37
17995,37
2833,37
2650,37
206,37
3310,37
5198,37
22098,37
8748,37
18999,37
17816,37
5203,37
18878,37
1984,37
5192,37
20484,37
17849,37
2166,37
4957,37
1506,37
8230,37
29311,37
6364,37
1612,37
12119,37
11503,37
17940,37
746,37
3444,37
26985,37
10367,37
21806,37
2214,37
5215,37
21365,37
28114,37
7931,37
24496,37
8479,37
3448,37
13661,37
647,37
16379,37
11768,37
24477,37
888,37
13912,37
17677,37
19794,37
16007,37
15820,37
7927,37
77,37
19767,37
10142,37
19658,37
5464,37
9315,37
2921,37
10393,37
3508,37
3451,37
2920,37
20845,37
17631,37
20670,37
10102,37
22628,37
16275,37
3049,37
5066,37
14921,37
285,37
12847,37
5089,37
11644,37
12148,37
846,37
9500,37
4269,37
2919,37
12849,37
8757,37
12122,37
22311,37
5903,37
3495,37
15209,37
9030,37
19790,37
17853,37
6569,37
8862,37
20032,37
28643,37
619,37
18010,37
5916,37
772,37
11645,37
334,37
20825,37
19707,37
16701,37
1582,37
15210,37
547,37
312,37
5207,37
548,37
