geneNID,geneId,geneName,geneDescription,pLI,DSI,DPI
2,2,A2M,alpha-2-macroglobulin,4.5229e-11,0.529,0.769
4,9,NAT1,N-acetyltransferase 1,1.9294e-14,0.536,0.846
5,10,NAT2,N-acetyltransferase 2,3.2744e-06,0.451,0.885
6,12,SERPINA3,serpin family A member 3,8.833e-14,0.486,0.846
9,15,AANAT,aralkylamine N-acetyltransferase,0.002969,0.67,0.692
10,16,AARS1,alanyl-tRNA synthetase 1,1.8242e-08,0.647,0.462
12,18,ABAT,4-aminobutyrate aminotransferase,0.0063216,0.628,0.538
13,19,ABCA1,ATP binding cassette subfamily A member 1,1.4525e-13,0.467,0.846
15,21,ABCA3,ATP binding cassette subfamily A member 3,6.6226e-08,0.592,0.615
16,22,ABCB7,ATP binding cassette subfamily B member 7,0.99994,0.678,0.385
17,23,ABCF1,ATP binding cassette subfamily F member 1,1.2823e-09,0.674,0.538
18,24,ABCA4,ATP binding cassette subfamily A member 4,5.3499e-48,0.493,0.769
19,25,ABL1,"ABL proto-oncogene 1, non-receptor tyrosine kinase",0.99998,0.432,0.923
20,26,AOC1,amine oxidase copper containing 1,6.7236e-08,0.628,0.769
22,28,ABO,"ABO, alpha 1-3-N-acetylgalactosaminyltransferase and alpha 1-3-galactosyltransferase",,0.427,0.885
25,31,ACACA,acetyl-CoA carboxylase alpha,1,0.48,0.846
27,33,ACADL,acyl-CoA dehydrogenase long chain,1.743e-12,0.736,0.462
28,34,ACADM,acyl-CoA dehydrogenase medium chain,2.0548e-12,0.638,0.462
29,35,ACADS,acyl-CoA dehydrogenase short chain,2.8026e-06,0.663,0.538
30,36,ACADSB,acyl-CoA dehydrogenase short/branched chain,2.6565e-11,0.691,0.5
31,37,ACADVL,acyl-CoA dehydrogenase very long chain,4.2385e-15,0.653,0.654
32,38,ACAT1,acetyl-CoA acetyltransferase 1,9.8525e-08,0.538,0.692
33,39,ACAT2,acetyl-CoA acetyltransferase 2,5.5303e-07,0.686,0.462
34,40,ASIC2,acid sensing ion channel subunit 2,0.99912,0.653,0.538
36,43,ACHE,acetylcholinesterase (Cartwright blood group),0.99827,0.445,0.885
38,47,ACLY,ATP citrate lyase,0.083556,0.563,0.692
41,50,ACO2,aconitase 2,0.20791,0.619,0.654
42,51,ACOX1,acyl-CoA oxidase 1,0.062095,0.61,0.731
45,54,ACP5,"acid phosphatase 5, tartrate resistant",0.078651,0.561,0.731
46,55,ACP3,acid phosphatase 3,2.5463e-16,0.525,0.731
48,58,ACTA1,"actin alpha 1, skeletal muscle",1.1385e-06,0.54,0.769
49,59,ACTA2,"actin alpha 2, smooth muscle",0.93017,0.508,0.846
50,60,ACTB,actin beta,0.98564,0.325,0.923
52,70,ACTC1,actin alpha cardiac muscle 1,0.73668,0.61,0.538
53,71,ACTG1,actin gamma 1,0.0047837,0.477,0.846
54,72,ACTG2,"actin gamma 2, smooth muscle",0.071036,0.505,0.808
55,81,ACTN4,actinin alpha 4,1,0.508,0.808
56,86,ACTL6A,actin like 6A,0.99665,0.678,0.346
58,88,ACTN2,actinin alpha 2,0.99968,0.686,0.462
60,90,ACVR1,activin A receptor type 1,0.3254,0.535,0.731
61,91,ACVR1B,activin A receptor type 1B,0.99969,0.663,0.385
63,93,ACVR2B,activin A receptor type 2B,0.83412,0.601,0.615
64,94,ACVRL1,activin A receptor like type 1,0.00096719,0.493,0.769
65,95,ACY1,aminoacylase 1,6.9169e-09,0.653,0.577
68,100,ADA,adenosine deaminase,2.8825e-12,0.44,0.885
70,102,ADAM10,ADAM metallopeptidase domain 10,1,0.489,0.846
71,103,ADAR,adenosine deaminase RNA specific,0.026282,0.501,0.808
73,105,ADARB2,adenosine deaminase RNA specific B2 (inactive),0.85603,0.716,0.308
76,108,ADCY2,adenylate cyclase 2,0.99898,0.695,0.308
77,109,ADCY3,adenylate cyclase 3,1.9545e-11,0.678,0.615
78,111,ADCY5,adenylate cyclase 5,0.99928,0.617,0.577
79,112,ADCY6,adenylate cyclase 6,0.0058268,0.729,0.5
80,113,ADCY7,adenylate cyclase 7,9.4815e-07,0.656,0.462
81,114,ADCY8,adenylate cyclase 8,1.7766e-06,0.705,0.577
82,115,ADCY9,adenylate cyclase 9,0.97943,0.682,0.538
83,116,ADCYAP1,adenylate cyclase activating polypeptide 1,0.52424,0.51,0.846
85,118,ADD1,adducin 1,0.9883,0.612,0.615
86,119,ADD2,adducin 2,0.9961,0.678,0.615
87,120,ADD3,adducin 3,0.9988,0.641,0.5
89,124,ADH1A,"alcohol dehydrogenase 1A (class I), alpha polypeptide",1.7118e-11,0.647,0.577
90,125,ADH1B,"alcohol dehydrogenase 1B (class I), beta polypeptide",9.934e-07,0.502,0.846
91,126,ADH1C,"alcohol dehydrogenase 1C (class I), gamma polypeptide",,0.547,0.731
92,127,ADH4,"alcohol dehydrogenase 4 (class II), pi polypeptide",8.0684e-07,0.641,0.462
95,131,ADH7,"alcohol dehydrogenase 7 (class IV), mu or sigma polypeptide",1.5123e-11,0.656,0.462
96,132,ADK,adenosine kinase,0.00031276,0.584,0.769
97,133,ADM,adrenomedullin,0.040831,0.436,0.808
98,134,ADORA1,adenosine A1 receptor,0.015215,0.578,0.692
99,135,ADORA2A,adenosine A2a receptor,0.5971,0.526,0.769
103,142,PARP1,poly(ADP-ribose) polymerase 1,0.00033366,0.389,0.923
108,150,ADRA2A,adrenoceptor alpha 2A,0.00081816,0.578,0.615
109,151,ADRA2B,adrenoceptor alpha 2B,4.4533e-06,0.465,0.846
110,152,ADRA2C,adrenoceptor alpha 2C,0.50159,0.682,0.346
111,153,ADRB1,adrenoceptor beta 1,2.8786e-06,0.555,0.769
112,154,ADRB2,adrenoceptor beta 2,0.52545,0.442,0.923
113,155,ADRB3,adrenoceptor beta 3,2.4637e-07,0.532,0.731
114,156,GRK2,G protein-coupled receptor kinase 2,0.99998,0.532,0.654
116,158,ADSL,adenylosuccinate lyase,8.9207e-12,0.631,0.654
121,163,AP2B1,adaptor related protein complex 2 subunit beta 1,0.9983,0.711,0.423
122,164,AP1G1,adaptor related protein complex 1 subunit gamma 1,0.99998,0.89,0.115
123,165,AEBP1,AE binding protein 1,7.3471e-11,0.631,0.654
127,172,AFG3L1P,"AFG3 like matrix AAA peptidase subunit 1, pseudogene",,0.931,0.115
129,174,AFP,alpha fetoprotein,1.1383e-11,0.429,0.885
130,175,AGA,aspartylglucosaminidase,4.2802e-06,0.57,0.808
131,176,ACAN,aggrecan,1,0.528,0.846
132,177,AGER,advanced glycosylation end-product specific receptor,6.3528e-16,0.42,0.885
133,178,AGL,"amylo-alpha-1, 6-glucosidase, 4-alpha-glucanotransferase",2.7564e-27,0.644,0.615
135,182,JAG1,jagged canonical Notch ligand 1,1,0.429,0.808
136,183,AGT,angiotensinogen,4.9706e-08,0.367,0.923
137,185,AGTR1,angiotensin II receptor type 1,0.00053161,0.423,0.846
138,186,AGTR2,angiotensin II receptor type 2,0.0082345,0.496,0.808
140,189,AGXT,alanine--glyoxylate and serine--pyruvate aminotransferase,1.2332e-07,0.593,0.731
141,190,NR0B1,nuclear receptor subfamily 0 group B member 1,0.97025,0.494,0.808
142,191,AHCY,adenosylhomocysteinase,0.035922,0.582,0.692
144,196,AHR,aryl hydrocarbon receptor,0.99999,0.41,0.923
145,197,AHSG,alpha 2-HS glycoprotein,3.209e-10,0.506,0.846
146,199,AIF1,allograft inflammatory factor 1,1.8793e-06,0.521,0.808
148,203,AK1,adenylate kinase 1,0.027319,0.711,0.5
149,204,AK2,adenylate kinase 2,6.2706e-05,0.678,0.423
151,207,AKT1,AKT serine/threonine kinase 1,0.9759,0.311,0.962
152,208,AKT2,AKT serine/threonine kinase 2,0.64432,0.474,0.769
153,210,ALAD,aminolevulinate dehydratase,5.6185e-05,0.556,0.615
155,212,ALAS2,5'-aminolevulinate synthase 2,0.99586,0.606,0.577
156,213,ALB,albumin,0.64329,0.317,0.962
157,214,ALCAM,activated leukocyte cell adhesion molecule,0.73267,0.502,0.808
158,215,ABCD1,ATP binding cassette subfamily D member 1,0.99896,0.563,0.731
159,216,ALDH1A1,aldehyde dehydrogenase 1 family member A1,0.95448,0.46,0.846
160,217,ALDH2,aldehyde dehydrogenase 2 family member,3.3959e-10,0.457,0.885
163,220,ALDH1A3,aldehyde dehydrogenase 1 family member A3,0.14128,0.578,0.654
164,221,ALDH3B1,aldehyde dehydrogenase 3 family member B1,6.2437e-06,0.821,0.346
166,223,ALDH9A1,aldehyde dehydrogenase 9 family member A1,1.0995e-11,0.76,0.269
167,224,ALDH3A2,aldehyde dehydrogenase 3 family member A2,9.4055e-06,0.619,0.769
169,226,ALDOA,"aldolase, fructose-bisphosphate A",0.0013228,0.631,0.615
170,229,ALDOB,"aldolase, fructose-bisphosphate B",7.8786e-07,0.623,0.538
172,231,AKR1B1,aldo-keto reductase family 1 member B,2.0216e-05,0.491,0.885
174,238,ALK,ALK receptor tyrosine kinase,3.2299e-06,0.396,0.846
176,240,ALOX5,arachidonate 5-lipoxygenase,1.2059e-06,0.447,0.885
177,241,ALOX5AP,arachidonate 5-lipoxygenase activating protein,0.070729,0.612,0.731
178,242,ALOX12B,"arachidonate 12-lipoxygenase, 12R type",0.00075626,0.603,0.577
181,246,ALOX15,arachidonate 15-lipoxygenase,1.1397e-23,0.502,0.846
182,247,ALOX15B,arachidonate 15-lipoxygenase type B,1.4819e-18,0.663,0.462
184,249,ALPL,"alkaline phosphatase, biomineralization associated",0.0003636,0.546,0.769
188,257,ALX3,ALX homeobox 3,0.019117,0.578,0.692
190,259,AMBP,alpha-1-microglobulin/bikunin precursor,2.7886e-13,0.537,0.731
194,265,AMELX,amelogenin X-linked,0.074507,0.599,0.769
195,266,AMELY,amelogenin Y-linked,8.3683e-05,0.743,0.269
196,267,AMFR,autocrine motility factor receptor,5.8368e-05,0.599,0.692
197,268,AMH,anti-Mullerian hormone,3.3974e-12,0.476,0.846
198,269,AMHR2,anti-Mullerian hormone receptor type 2,2.7013e-10,0.638,0.423
199,270,AMPD1,adenosine monophosphate deaminase 1,1.9099e-21,0.573,0.692
200,271,AMPD2,adenosine monophosphate deaminase 2,4.5084e-07,0.663,0.577
201,272,AMPD3,adenosine monophosphate deaminase 3,1.1323e-12,0.743,0.385
202,273,AMPH,amphiphysin,1.7006e-05,0.653,0.462
203,274,BIN1,bridging integrator 1,0.77822,0.55,0.692
204,275,AMT,aminomethyltransferase,0.0027214,0.674,0.692
205,276,AMY1A,amylase alpha 1A,0.00032325,0.644,0.731
211,283,ANG,angiogenin,0.28738,0.511,0.769
212,284,ANGPT1,angiopoietin 1,0.95208,0.446,0.808
213,285,ANGPT2,angiopoietin 2,0.83208,0.41,0.846
214,286,ANK1,ankyrin 1,1,0.54,0.885
215,287,ANK2,ankyrin 2,1,0.626,0.538
216,288,ANK3,ankyrin 3,1,0.578,0.654
218,290,ANPEP,"alanyl aminopeptidase, membrane",3.7492e-09,0.462,0.769
219,291,SLC25A4,solute carrier family 25 member 4,0.45334,0.568,0.692
222,301,ANXA1,annexin A1,1.2009e-07,0.442,0.885
223,302,ANXA2,annexin A2,9.7728e-05,0.453,0.808
227,307,ANXA4,annexin A4,1.1858e-08,0.599,0.692
228,308,ANXA5,annexin A5,3.7978e-15,0.458,0.769
229,309,ANXA6,annexin A6,1.0804e-08,0.514,0.846
231,311,ANXA11,annexin A11,4.7001e-10,0.65,0.692
236,317,APAF1,apoptotic peptidase activating factor 1,9.6242e-06,0.525,0.769
237,318,NUDT2,nudix hydrolase 2,0.0057495,0.78,0.154
239,320,APBA1,amyloid beta precursor protein binding family A member 1,0.53701,0.743,0.346
240,321,APBA2,amyloid beta precursor protein binding family A member 2,0.74272,0.7,0.385
243,324,APC,APC regulator of WNT signaling pathway,1,0.373,0.962
244,325,APCS,"amyloid P component, serum",0.031714,0.531,0.808
245,326,AIRE,autoimmune regulator,4.0468e-12,0.516,0.808
246,327,APEH,acylaminoacyl-peptide hydrolase,5.0018e-13,0.666,0.577
247,328,APEX1,apurinic/apyrimidinic endodeoxyribonuclease 1,1.9191e-07,0.458,0.846
248,329,BIRC2,baculoviral IAP repeat containing 2,0.42708,0.535,0.731
249,330,BIRC3,baculoviral IAP repeat containing 3,0.065597,0.491,0.769
250,331,XIAP,X-linked inhibitor of apoptosis,0.91837,0.447,0.808
251,332,BIRC5,baculoviral IAP repeat containing 5,0.055854,0.495,0.731
254,335,APOA1,apolipoprotein A1,0.00054909,0.429,0.885
257,338,APOB,apolipoprotein B,1.9234e-16,0.453,0.808
259,341,APOC1,apolipoprotein C1,0.21685,0.581,0.577
262,344,APOC2,apolipoprotein C2,0.40164,0.606,0.577
263,345,APOC3,apolipoprotein C3,0.010024,0.531,0.731
264,346,APOC4,apolipoprotein C4,8.893e-08,0.743,0.385
265,347,APOD,apolipoprotein D,0.00054449,0.584,0.577
266,348,APOE,apolipoprotein E,0.0018685,0.338,0.962
267,350,APOH,apolipoprotein H,1.5614e-15,0.563,0.769
268,351,APP,amyloid beta precursor protein,0.046544,0.422,0.846
269,353,APRT,adenine phosphoribosyltransferase,5.4539e-13,0.423,0.846
270,354,KLK3,kallikrein related peptidase 3,4.4271e-06,0.443,0.885
271,355,FAS,Fas cell surface death receptor,0.8117,0.372,0.923
272,356,FASLG,Fas ligand,0.18345,0.43,0.885
273,357,SHROOM2,shroom family member 2,0.0029403,0.729,0.385
274,358,AQP1,aquaporin 1 (Colton blood group),2.5697e-07,0.467,0.885
275,359,AQP2,aquaporin 2,2.4855e-06,0.581,0.769
277,361,AQP4,aquaporin 4,0.0022919,0.456,0.885
278,362,AQP5,aquaporin 5,0.053249,0.552,0.769
281,366,AQP9,aquaporin 9,0.24027,0.565,0.808
282,367,AR,androgen receptor,0.98837,0.351,0.846
283,368,ABCC6,ATP binding cassette subfamily C member 6,5.6167e-35,0.54,0.654
285,372,ARCN1,archain 1,0.99997,0.705,0.462
287,374,AREG,amphiregulin,0.35407,0.487,0.769
288,375,ARF1,ADP ribosylation factor 1,0.89967,0.626,0.615
294,383,ARG1,arginase 1,0.00035944,0.476,0.846
296,387,RHOA,ras homolog family member A,0.60405,0.502,0.808
298,389,RHOC,ras homolog family member C,0.76766,0.641,0.308
303,394,ARHGAP5,Rho GTPase activating protein 5,0.99862,0.769,0.192
308,399,RHOH,ras homolog family member H,0.14861,0.666,0.462
311,402,ARL2,ADP ribosylation factor like GTPase 2,0.021417,0.743,0.269
312,403,ARL3,ADP ribosylation factor like GTPase 3,0.0014071,0.603,0.615
313,405,ARNT,aryl hydrocarbon receptor nuclear translocator,0.99581,0.575,0.692
314,406,ARNTL,aryl hydrocarbon receptor nuclear translocator like,0.99444,0.51,0.885
318,410,ARSA,arylsulfatase A,1.0893e-11,0.448,0.923
319,411,ARSB,arylsulfatase B,7.0009e-09,0.595,0.692
320,412,STS,steroid sulfatase,0.80886,0.431,0.846
323,415,ARSL,arylsulfatase L,0.58982,0.663,0.654
328,421,ARVCF,ARVCF delta catenin family member,5.0422e-11,0.54,0.769
331,427,ASAH1,N-acylsphingosine amidohydrolase 1,1.2588e-12,0.526,0.808
332,429,ASCL1,achaete-scute family bHLH transcription factor 1,0.67692,0.552,0.692
337,434,ASIP,agouti signaling protein,0.016298,0.584,0.692
338,435,ASL,argininosuccinate lyase,8.5727e-10,0.593,0.731
339,438,ASMT,acetylserotonin O-methyltransferase,1.2722e-20,0.691,0.346
341,440,ASNS,asparagine synthetase (glutamine-hydrolyzing),9.3611e-06,0.595,0.692
342,443,ASPA,aspartoacylase,0.00041128,0.564,0.731
343,444,ASPH,aspartate beta-hydroxylase,6.6268e-15,0.61,0.615
344,445,ASS1,argininosuccinate synthase 1,1.5095e-09,0.523,0.731
345,460,ASTN1,astrotactin 1,0.99998,0.736,0.308
346,462,SERPINC1,serpin family C member 1,0.99892,0.507,0.769
347,463,ZFHX3,zinc finger homeobox 3,0.44753,0.621,0.654
350,467,ATF3,activating transcription factor 3,0.089296,0.494,0.885
351,468,ATF4,activating transcription factor 4,0.015659,0.507,0.769
354,472,ATM,ATM serine/threonine kinase,5.5884e-47,0.374,0.885
355,473,RERE,arginine-glutamic acid dipeptide repeats,1,0.526,0.846
358,476,ATP1A1,ATPase Na+/K+ transporting subunit alpha 1,1,0.601,0.808
359,477,ATP1A2,ATPase Na+/K+ transporting subunit alpha 2,0.00018093,0.597,0.615
360,478,ATP1A3,ATPase Na+/K+ transporting subunit alpha 3,1,0.544,0.615
363,481,ATP1B1,ATPase Na+/K+ transporting subunit beta 1,0.99881,0.7,0.462
366,486,FXYD2,FXYD domain containing ion transport regulator 2,0.11431,0.78,0.346
368,488,ATP2A2,ATPase sarcoplasmic/endoplasmic reticulum Ca2+ transporting 2,0.99945,0.529,0.808
369,489,ATP2A3,ATPase sarcoplasmic/endoplasmic reticulum Ca2+ transporting 3,2.247e-09,0.617,0.577
370,490,ATP2B1,ATPase plasma membrane Ca2+ transporting 1,1,0.666,0.5
372,492,ATP2B3,ATPase plasma membrane Ca2+ transporting 3,0.99945,0.631,0.692
373,493,ATP2B4,ATPase plasma membrane Ca2+ transporting 4,0.0015112,0.659,0.577
376,498,ATP5F1A,ATP synthase F1 subunit alpha,0.99945,0.604,0.731
377,501,ALDH7A1,aldehyde dehydrogenase 7 family member A1,1.3923e-22,0.551,0.769
378,506,ATP5F1B,ATP synthase F1 subunit beta,0.97679,0.626,0.654
380,513,ATP5F1D,ATP synthase F1 subunit delta,0.073813,0.674,0.5
381,514,ATP5F1E,ATP synthase F1 subunit epsilon,0.0088748,0.686,0.5
385,522,ATP5PF,ATP synthase peripheral stalk subunit F6,0.006131,0.716,0.538
386,523,ATP6V1A,ATPase H+ transporting V1 subunit A,0.86801,0.579,0.615
387,525,ATP6V1B1,ATPase H+ transporting V1 subunit B1,2.3997e-09,0.695,0.346
388,526,ATP6V1B2,ATPase H+ transporting V1 subunit B2,0.99154,0.606,0.577
391,529,ATP6V1E1,ATPase H+ transporting V1 subunit E1,0.528,0.61,0.769
393,534,ATP6V1G2,ATPase H+ transporting V1 subunit G2,0.0028604,0.839,0.269
395,537,ATP6AP1,ATPase H+ transporting accessory protein 1,0.99079,0.691,0.577
396,538,ATP7A,ATPase copper transporting alpha,0.99983,0.494,0.769
398,540,ATP7B,ATPase copper transporting beta,4.8001e-30,0.529,0.654
399,545,ATR,ATR serine/threonine kinase,3.5177e-09,0.456,0.923
400,546,ATRX,ATRX chromatin remodeler,1,0.452,0.808
401,547,KIF1A,kinesin family member 1A,1,0.559,0.692
402,549,AUH,AU RNA binding methylglutaconyl-CoA hydratase,8.024e-06,0.686,0.346
404,551,AVP,arginine vasopressin,0.074413,0.436,0.846
405,552,AVPR1A,arginine vasopressin receptor 1A,6.8987e-07,0.663,0.5
406,553,AVPR1B,arginine vasopressin receptor 1B,0.00037047,0.705,0.385
407,554,AVPR2,arginine vasopressin receptor 2,0.55589,0.568,0.769
408,558,AXL,AXL receptor tyrosine kinase,0.012951,0.489,0.615
410,563,AZGP1,"alpha-2-glycoprotein 1, zinc-binding",4.1545e-06,0.566,0.769
412,567,B2M,beta-2-microglobulin,0.56167,0.447,0.846
413,570,BAAT,bile acid-CoA:amino acid N-acyltransferase,7.8651e-08,0.578,0.654
416,573,BAG1,BAG cochaperone 1,6.5264e-06,0.538,0.769
418,575,ADGRB1,adhesion G protein-coupled receptor B1,1,0.695,0.231
421,578,BAK1,BCL2 antagonist/killer 1,7.4028e-06,0.555,0.769
422,579,NKX3-2,NK3 homeobox 2,0.63821,0.736,0.308
423,580,BARD1,BRCA1 associated RING domain 1,1.3777e-24,0.597,0.538
424,581,BAX,"BCL2 associated X, apoptosis regulator",0.31746,0.417,0.885
425,582,BBS1,Bardet-Biedl syndrome 1,3.4063e-12,0.593,0.692
426,583,BBS2,Bardet-Biedl syndrome 2,1.0328e-17,0.565,0.654
427,585,BBS4,Bardet-Biedl syndrome 4,1.4549e-16,0.647,0.615
429,587,BCAT2,branched chain amino acid transaminase 2,2.826e-12,0.686,0.385
430,590,BCHE,butyrylcholinesterase,1.0643e-13,0.447,0.923
431,593,BCKDHA,branched chain keto acid dehydrogenase E1 subunit alpha,9.8243e-09,0.695,0.423
432,594,BCKDHB,branched chain keto acid dehydrogenase E1 subunit beta,4.3112e-09,0.682,0.5
433,595,CCND1,cyclin D1,0.89057,0.344,0.923
434,596,BCL2,BCL2 apoptosis regulator,0.55903,0.291,0.885
435,597,BCL2A1,BCL2 related protein A1,0.20785,0.529,0.731
436,598,BCL2L1,BCL2 like 1,0.93667,0.493,0.885
438,602,BCL3,BCL3 transcription coactivator,0.98871,0.541,0.731
440,604,BCL6,BCL6 transcription repressor,0.96038,0.444,0.808
441,605,BCL7A,BAF chromatin remodeling complex subunit BCL7A,0.07823,0.736,0.385
443,607,BCL9,BCL9 transcription coactivator,0.49607,0.595,0.615
446,611,OPN1SW,"opsin 1, short wave sensitive",0.021134,0.519,0.769
447,613,BCR,BCR activator of RhoGEF and GTPase,0.98761,0.431,0.885
449,617,BCS1L,"BCS1 homolog, ubiquinol-cytochrome c reductase complex chaperone",4.6972e-13,0.534,0.808
451,622,BDH1,3-hydroxybutyrate dehydrogenase 1,7.5703e-08,0.729,0.423
452,623,BDKRB1,bradykinin receptor B1,0.0046897,0.619,0.731
453,624,BDKRB2,bradykinin receptor B2,0.11863,0.585,0.808
454,627,BDNF,brain derived neurotrophic factor,0.65626,0.345,0.923
455,629,CFB,complement factor B,4.6696e-16,0.532,0.769
456,631,BFSP1,beaded filament structural protein 1,1.8463e-07,0.729,0.231
457,632,BGLAP,bone gamma-carboxyglutamate protein,4.6155e-08,0.462,0.846
458,633,BGN,biglycan,0.45229,0.484,0.808
459,634,CEACAM1,CEA cell adhesion molecule 1,0.00078816,0.525,0.731
461,636,BICD1,BICD cargo adaptor 1,1.5724e-05,0.821,0.231
462,637,BID,BH3 interacting domain death agonist,1.5646e-11,0.555,0.808
463,638,BIK,BCL2 interacting killer,5.0334e-06,0.653,0.462
464,639,PRDM1,PR/SET domain 1,0.9565,0.538,0.731
465,640,BLK,"BLK proto-oncogene, Src family tyrosine kinase",8.348e-14,0.585,0.769
466,641,BLM,BLM RecQ like helicase,1.5376e-15,0.535,0.808
469,644,BLVRA,biliverdin reductase A,0.00034786,0.663,0.423
470,645,BLVRB,biliverdin reductase B,4.1869e-06,0.695,0.423
472,648,BMI1,"BMI1 proto-oncogene, polycomb ring finger",0.94286,0.448,0.808
473,649,BMP1,bone morphogenetic protein 1,0.00088564,0.554,0.769
474,650,BMP2,bone morphogenetic protein 2,0.98799,0.432,0.846
476,652,BMP4,bone morphogenetic protein 4,0.9564,0.422,0.808
477,653,BMP5,bone morphogenetic protein 5,0.00090084,0.653,0.577
478,654,BMP6,bone morphogenetic protein 6,0.75947,0.531,0.808
479,655,BMP7,bone morphogenetic protein 7,0.12727,0.498,0.769
481,657,BMPR1A,bone morphogenetic protein receptor type 1A,0.90333,0.522,0.731
482,658,BMPR1B,bone morphogenetic protein receptor type 1B,0.99863,0.573,0.615
483,659,BMPR2,bone morphogenetic protein receptor type 2,0.99998,0.538,0.654
488,664,BNIP3,BCL2 interacting protein 3,1.9687e-05,0.52,0.731
489,665,BNIP3L,BCL2 interacting protein 3 like,0.15274,0.636,0.654
490,666,BOK,BCL2 family apoptosis regulator BOK,0.16279,0.722,0.346
491,667,DST,dystonin,1,0.552,0.846
492,668,FOXL2,forkhead box L2,0.87762,0.542,0.692
496,672,BRCA1,BRCA1 DNA repair associated,9.2157e-29,0.367,0.923
497,673,BRAF,"B-Raf proto-oncogene, serine/threonine kinase",0.99995,0.319,0.846
498,675,BRCA2,BRCA2 DNA repair associated,2.3581e-25,0.379,0.846
500,677,ZFP36L1,ZFP36 ring finger protein like 1,0.67406,0.659,0.5
503,682,BSG,basigin (Ok blood group),2.5873e-05,0.458,0.769
504,683,BST1,bone marrow stromal cell antigen 1,4.2099e-11,0.67,0.423
507,686,BTD,biotinidase,1.4972e-07,0.628,0.654
509,688,KLF5,Kruppel like factor 5,0.8181,0.534,0.769
512,694,BTG1,BTG anti-proliferation factor 1,0.53641,0.564,0.692
513,695,BTK,Bruton tyrosine kinase,0.99996,0.464,0.808
515,699,BUB1,BUB1 mitotic checkpoint serine/threonine kinase,4.8813e-09,0.528,0.731
517,701,BUB1B,BUB1 mitotic checkpoint serine/threonine kinase B,6.998e-10,0.502,0.808
519,706,TSPO,translocator protein,0.00027398,0.444,0.885
521,710,SERPING1,serpin family G member 1,0.96351,0.507,0.769
522,712,C1QA,complement C1q A chain,0.0038204,0.623,0.654
523,713,C1QB,complement C1q B chain,0.15392,0.711,0.538
525,715,C1R,complement C1r,0.77888,0.638,0.654
526,716,C1S,complement C1s,0.00067654,0.705,0.462
527,717,C2,complement C2,1.3494e-16,0.617,0.692
528,718,C3,complement C3,0.90421,0.445,0.885
530,720,C4A,complement C4A (Rodgers blood group),1.5416e-11,0.563,0.769
531,721,C4B,complement C4B (Chido blood group),0.83464,0.603,0.808
534,726,CAPN5,calpain 5,2.5197e-08,0.663,0.615
535,727,C5,complement C5,8.079e-24,0.55,0.731
536,728,C5AR1,complement C5a receptor 1,0.40249,0.513,0.808
537,729,C6,complement C6,5.8646e-22,0.7,0.615
540,732,C8B,complement C8 beta chain,2.3057e-19,0.76,0.269
543,735,C9,complement C9,1.6323e-24,0.619,0.692
548,745,MYRF,myelin regulatory factor,1,0.584,0.731
549,746,TMEM258,transmembrane protein 258,0.0018504,0.644,0.654
554,754,PTTG1IP,PTTG1 interacting protein,0.0049827,0.678,0.346
555,755,CFAP410,cilia and flagella associated protein 410,3.291e-07,0.633,0.615
558,759,CA1,carbonic anhydrase 1,4.7481e-11,0.623,0.769
559,760,CA2,carbonic anhydrase 2,1.6946e-06,0.506,0.808
560,761,CA3,carbonic anhydrase 3,0.0017251,0.682,0.5
561,762,CA4,carbonic anhydrase 4,7.1318e-06,0.674,0.577
562,763,CA5A,carbonic anhydrase 5A,7.9051e-05,0.686,0.5
565,767,CA8,carbonic anhydrase 8,0.0082516,0.595,0.654
566,768,CA9,carbonic anhydrase 9,1.3027e-09,0.483,0.731
570,773,CACNA1A,calcium voltage-gated channel subunit alpha1 A,1,0.489,0.769
571,774,CACNA1B,calcium voltage-gated channel subunit alpha1 B,0.99998,0.65,0.577
572,775,CACNA1C,calcium voltage-gated channel subunit alpha1 C,1,0.51,0.846
573,776,CACNA1D,calcium voltage-gated channel subunit alpha1 D,1,0.582,0.577
574,777,CACNA1E,calcium voltage-gated channel subunit alpha1 E,1,0.65,0.577
575,778,CACNA1F,calcium voltage-gated channel subunit alpha1 F,1.2337e-05,0.595,0.5
576,779,CACNA1S,calcium voltage-gated channel subunit alpha1 S,6.2588e-12,0.595,0.692
577,780,DDR1,discoidin domain receptor tyrosine kinase 1,4.6331e-06,0.497,0.808
578,781,CACNA2D1,calcium voltage-gated channel auxiliary subunit alpha2delta 1,0.99989,0.641,0.5
579,782,CACNB1,calcium voltage-gated channel auxiliary subunit beta 1,0.78689,0.792,0.154
580,783,CACNB2,calcium voltage-gated channel auxiliary subunit beta 2,2.6719e-06,0.659,0.538
582,785,CACNB4,calcium voltage-gated channel auxiliary subunit beta 4,0.030679,0.653,0.231
584,788,SLC25A20,solute carrier family 25 member 20,1.1972e-07,0.563,0.769
585,790,CAD,"carbamoyl-phosphate synthetase 2, aspartate transcarbamylase, and dihydroorotase",0.99993,0.482,0.846
589,796,CALCA,calcitonin related polypeptide alpha,0.015562,0.416,0.923
591,799,CALCR,calcitonin receptor,3.1176e-09,0.464,0.846
593,801,CALM1,calmodulin 1,0.94473,0.472,0.808
594,805,CALM2,calmodulin 2,0.92086,0.472,0.808
595,808,CALM3,calmodulin 3,0.92749,0.485,0.846
597,811,CALR,calreticulin,0.89133,0.413,0.923
600,815,CAMK2A,calcium/calmodulin dependent protein kinase II alpha,0.99845,0.612,0.538
603,818,CAMK2G,calcium/calmodulin dependent protein kinase II gamma,0.9991,0.67,0.462
608,823,CAPN1,calpain 1,5.8554e-10,0.539,0.808
609,824,CAPN2,calpain 2,3.519e-22,0.59,0.692
610,825,CAPN3,calpain 3,3.5865e-19,0.564,0.615
617,832,CAPZB,capping actin protein of muscle Z-line subunit beta,0.91165,0.729,0.308
619,834,CASP1,caspase 1,3.5183e-05,0.413,0.885
621,836,CASP3,caspase 3,0.10017,0.351,0.923
625,840,CASP7,caspase 7,5.3589e-05,0.581,0.654
626,841,CASP8,caspase 8,3.7236e-06,0.404,0.923
627,842,CASP9,caspase 9,7.3826e-06,0.458,0.808
628,843,CASP10,caspase 10,4.6392e-12,0.528,0.692
630,845,CASQ2,calsequestrin 2,1.3885e-12,0.691,0.385
631,846,CASR,calcium sensing receptor,0.046698,0.41,0.846
632,847,CAT,catalase,1.6263e-10,0.359,0.962
634,857,CAV1,caveolin 1,0.008274,0.388,0.885
635,858,CAV2,caveolin 2,0.026973,0.575,0.692
636,859,CAV3,caveolin 3,0.0054565,0.564,0.692
637,860,RUNX2,RUNX family transcription factor 2,0.94884,0.437,0.846
638,861,RUNX1,RUNX family transcription factor 1,0.65377,0.425,0.808
639,862,RUNX1T1,RUNX1 partner transcriptional co-repressor 1,0.97768,0.53,0.808
641,864,RUNX3,RUNX family transcription factor 3,0.84295,0.459,0.731
642,865,CBFB,core-binding factor subunit beta,0.9589,0.601,0.538
643,866,SERPINA6,serpin family A member 6,8.3448e-07,0.606,0.731
644,867,CBL,Cbl proto-oncogene,0.00060921,0.527,0.769
647,871,SERPINH1,serpin family H member 1,0.027553,0.545,0.769
650,875,CBS,cystathionine beta-synthase,3.0799e-05,0.465,0.885
654,885,CCK,cholecystokinin,3.3034e-05,0.453,0.846
655,886,CCKAR,cholecystokinin A receptor,0.0040329,0.615,0.5
656,887,CCKBR,cholecystokinin B receptor,2.1404e-06,0.573,0.615
657,889,KRIT1,KRIT1 ankyrin repeat containing,0.00069333,0.5,0.808
659,891,CCNB1,cyclin B1,0.15993,0.512,0.731
661,894,CCND2,cyclin D2,0.98658,0.477,0.808
662,896,CCND3,cyclin D3,0.98347,0.554,0.654
663,898,CCNE1,cyclin E1,0.97187,0.538,0.731
664,899,CCNF,cyclin F,0.12679,0.7,0.615
667,902,CCNH,cyclin H,0.00081328,0.595,0.769
677,914,CD2,CD2 molecule,0.47108,0.641,0.577
678,915,CD3D,CD3d molecule,8.5898e-05,0.626,0.577
679,916,CD3E,CD3e molecule,0.00034464,0.615,0.615
681,919,CD247,CD247 molecule,0.016734,0.539,0.731
682,920,CD4,CD4 molecule,0.00078914,0.604,0.654
684,922,CD5L,CD5 molecule like,4.2297e-17,0.593,0.846
685,923,CD6,CD6 molecule,9.2695e-05,0.489,0.808
690,928,CD9,CD9 molecule,0.0047221,0.528,0.769
691,929,CD14,CD14 molecule,4.8813e-05,0.392,0.885
692,930,CD19,CD19 molecule,0.90496,0.43,0.885
693,931,MS4A1,membrane spanning 4-domains A1,5.0781e-05,0.411,0.846
697,940,CD28,CD28 molecule,0.35779,0.436,0.885
698,941,CD80,CD80 molecule,0.010898,0.475,0.769
699,942,CD86,CD86 molecule,0.94879,0.483,0.769
700,943,TNFRSF8,TNF receptor superfamily member 8,0.86407,0.444,0.808
702,945,CD33,CD33 molecule,5.6888e-07,0.524,0.769
703,946,SIGLEC6,sialic acid binding Ig like lectin 6,0.0058774,0.861,0.192
704,947,CD34,CD34 molecule,4.9881e-06,0.368,0.808
705,948,CD36,CD36 molecule,1.0857e-60,0.446,0.846
706,949,SCARB1,scavenger receptor class B member 1,0.066228,0.559,0.731
707,950,SCARB2,scavenger receptor class B member 2,8.9495e-05,0.606,0.615
709,952,CD38,CD38 molecule,2.3129e-06,0.407,0.885
710,953,ENTPD1,ectonucleoside triphosphate diphosphohydrolase 1,0.0080716,0.499,0.769
711,954,ENTPD2,ectonucleoside triphosphate diphosphohydrolase 2,1.4578e-14,0.76,0.269
715,958,CD40,CD40 molecule,0.84603,0.396,0.846
716,959,CD40LG,CD40 ligand,0.72079,0.414,0.846
717,960,CD44,CD44 molecule (Indian blood group),2.4476e-07,0.363,0.962
721,965,CD58,CD58 molecule,0.25092,0.584,0.769
722,966,CD59,CD59 molecule (CD59 blood group),0.60568,0.469,0.808
724,968,CD68,CD68 molecule,1.4063e-06,0.408,0.808
725,969,CD69,CD69 molecule,0.029691,0.488,0.923
728,972,CD74,CD74 molecule,0.24889,0.512,0.808
729,973,CD79A,CD79a molecule,0.69226,0.536,0.731
730,974,CD79B,CD79b molecule,0.9163,0.576,0.577
731,975,CD81,CD81 molecule,0.91844,0.555,0.846
734,978,CDA,cytidine deaminase,0.0081038,0.558,0.731
737,983,CDK1,cyclin dependent kinase 1,0.99206,0.482,0.808
739,987,LRBA,LPS responsive beige-like anchor protein,7.1503e-12,0.608,0.692
742,990,CDC6,cell division cycle 6,1.1499e-09,0.552,0.731
749,998,CDC42,cell division cycle 42,0.78728,0.458,0.846
750,999,CDH1,cadherin 1,0.14631,0.401,0.808
751,1000,CDH2,cadherin 2,0.99171,0.535,0.731
752,1001,CDH3,cadherin 3,2.7988e-10,0.56,0.615
753,1002,CDH4,cadherin 4,0.74348,0.695,0.462
754,1003,CDH5,cadherin 5,0.51314,0.561,0.692
756,1005,CDH7,cadherin 7,0.5975,0.769,0.231
760,1009,CDH11,cadherin 11,0.9999,0.512,0.808
761,1010,CDH12,cadherin 12,0.00036444,0.821,0.308
762,1012,CDH13,cadherin 13,0.0007058,0.501,0.846
763,1013,CDH15,cadherin 15,1.7656e-14,0.653,0.615
764,1014,CDH16,cadherin 16,3.6527e-25,0.76,0.154
765,1015,CDH17,cadherin 17,3.4172e-14,0.636,0.615
766,1016,CDH18,cadherin 18,0.21478,0.769,0.269
767,1017,CDK2,cyclin dependent kinase 2,0.61054,0.456,0.692
769,1019,CDK4,cyclin dependent kinase 4,0.062909,0.412,0.808
770,1020,CDK5,cyclin dependent kinase 5,0.13892,0.495,0.846
771,1021,CDK6,cyclin dependent kinase 6,0.98315,0.471,0.731
773,1024,CDK8,cyclin dependent kinase 8,0.40964,0.597,0.654
774,1025,CDK9,cyclin dependent kinase 9,8.893e-05,0.498,0.769
775,1026,CDKN1A,cyclin dependent kinase inhibitor 1A,0.0018575,0.403,0.769
776,1027,CDKN1B,cyclin dependent kinase inhibitor 1B,0.62376,0.409,0.769
777,1028,CDKN1C,cyclin dependent kinase inhibitor 1C,0.81963,0.456,0.846
778,1029,CDKN2A,cyclin dependent kinase inhibitor 2A,0.39474,0.3,0.885
779,1030,CDKN2B,cyclin dependent kinase inhibitor 2B,0.0073369,0.417,0.769
780,1031,CDKN2C,cyclin dependent kinase inhibitor 2C,0.39526,0.527,0.654
786,1040,CDS1,CDP-diacylglycerol synthase 1,0.00064056,0.647,0.462
787,1041,CDSN,corneodesmosin,0.46391,0.585,0.731
790,1045,CDX2,caudal type homeobox 2,0.52887,0.458,0.769
793,1048,CEACAM5,CEA cell adhesion molecule 5,4.1625e-10,0.42,0.846
794,1050,CEBPA,CCAAT enhancer binding protein alpha,0.55365,0.496,0.692
795,1051,CEBPB,CCAAT enhancer binding protein beta,0.35809,0.508,0.731
796,1052,CEBPD,CCAAT enhancer binding protein delta,0.61219,0.57,0.769
800,1056,CEL,carboxyl ester lipase,1.538e-06,0.514,0.808
806,1062,CENPE,centromere protein E,0.24146,0.636,0.692
807,1063,CENPF,centromere protein F,1.8822e-36,0.601,0.654
808,1066,CES1,carboxylesterase 1,3.3228e-15,0.59,0.692
812,1071,CETP,cholesteryl ester transfer protein,1.1892e-23,0.512,0.731
813,1072,CFL1,cofilin 1,0.55563,0.529,0.769
814,1073,CFL2,cofilin 2,6.4399e-05,0.659,0.5
815,1075,CTSC,cathepsin C,1.1451e-07,0.541,0.731
816,1080,CFTR,CF transmembrane conductance regulator,2.1735e-58,0.424,0.885
817,1081,CGA,"glycoprotein hormones, alpha polypeptide",0.34518,0.508,0.808
826,1103,CHAT,choline O-acetyltransferase,5.6328e-11,0.52,0.808
828,1105,CHD1,chromodomain helicase DNA binding protein 1,1,0.628,0.692
829,1106,CHD2,chromodomain helicase DNA binding protein 2,1,0.585,0.577
830,1107,CHD3,chromodomain helicase DNA binding protein 3,1,0.67,0.577
831,1108,CHD4,chromodomain helicase DNA binding protein 4,1,0.593,0.654
832,1109,AKR1C4,aldo-keto reductase family 1 member C4,2.2341e-17,0.587,0.846
833,1111,CHEK1,checkpoint kinase 1,3.14e-08,0.492,0.808
834,1112,FOXN3,forkhead box N3,0.93167,0.686,0.538
835,1113,CHGA,chromogranin A,0.030369,0.49,0.808
837,1116,CHI3L1,chitinase 3 like 1,1.1133e-05,0.419,0.885
839,1118,CHIT1,chitinase 1,7.1716e-16,0.525,0.692
841,1120,CHKB,choline kinase beta,3.7831e-07,0.663,0.423
842,1121,CHM,CHM Rab escort protein,0.99899,0.592,0.654
844,1123,CHN1,chimerin 1,0.030508,0.573,0.615
845,1124,CHN2,chimerin 2,0.0023008,0.711,0.615
846,1128,CHRM1,cholinergic receptor muscarinic 1,0.99059,0.65,0.577
847,1129,CHRM2,cholinergic receptor muscarinic 2,0.18197,0.585,0.615
848,1130,LYST,lysosomal trafficking regulator,0.015026,0.621,0.692
849,1131,CHRM3,cholinergic receptor muscarinic 3,0.99253,0.464,0.885
850,1132,CHRM4,cholinergic receptor muscarinic 4,0.97439,0.821,0.231
852,1134,CHRNA1,cholinergic receptor nicotinic alpha 1 subunit,2.0681e-08,0.615,0.577
853,1135,CHRNA2,cholinergic receptor nicotinic alpha 2 subunit,6.4532e-10,0.705,0.385
854,1136,CHRNA3,cholinergic receptor nicotinic alpha 3 subunit,1.4197e-07,0.588,0.692
855,1137,CHRNA4,cholinergic receptor nicotinic alpha 4 subunit,8.5474e-05,0.492,0.808
856,1138,CHRNA5,cholinergic receptor nicotinic alpha 5 subunit,2.1488e-06,0.593,0.577
857,1139,CHRNA7,cholinergic receptor nicotinic alpha 7 subunit,0.00041549,0.532,0.654
858,1140,CHRNB1,cholinergic receptor nicotinic beta 1 subunit,5.0456e-08,0.7,0.462
859,1141,CHRNB2,cholinergic receptor nicotinic beta 2 subunit,0.00072964,0.617,0.308
860,1142,CHRNB3,cholinergic receptor nicotinic beta 3 subunit,8.5898e-06,0.705,0.308
861,1143,CHRNB4,cholinergic receptor nicotinic beta 4 subunit,0.1427,0.644,0.423
862,1144,CHRND,cholinergic receptor nicotinic delta subunit,5.4466e-09,0.641,0.462
863,1145,CHRNE,cholinergic receptor nicotinic epsilon subunit,4.7293e-09,0.636,0.577
864,1146,CHRNG,cholinergic receptor nicotinic gamma subunit,3.3338e-19,0.573,0.692
865,1147,CHUK,component of inhibitor of nuclear factor kappa B kinase complex,0.99403,0.556,0.731
867,1152,CKB,creatine kinase B,0.2189,0.608,0.615
872,1159,CKMT1B,"creatine kinase, mitochondrial 1B",3.2331e-05,0.729,0.346
874,1161,ERCC8,"ERCC excision repair 8, CSA ubiquitin ligase complex subunit",2.7974e-15,0.551,0.885
875,1163,CKS1B,CDC28 protein kinase regulatory subunit 1B,0.4314,0.587,0.654
880,1175,AP2S1,adaptor related protein complex 2 subunit sigma 1,0.78518,0.705,0.346
882,1178,CLC,Charcot-Leyden crystal galectin,2.3026e-05,0.65,0.731
884,1180,CLCN1,chloride voltage-gated channel 1,3.2501e-20,0.641,0.423
885,1181,CLCN2,chloride voltage-gated channel 2,5.546e-12,0.626,0.462
886,1182,CLCN3,chloride voltage-gated channel 3,0.99973,0.621,0.615
887,1183,CLCN4,chloride voltage-gated channel 4,0.99893,0.587,0.654
888,1184,CLCN5,chloride voltage-gated channel 5,0.99242,0.593,0.577
890,1186,CLCN7,chloride voltage-gated channel 7,0.27238,0.59,0.731
891,1187,CLCNKA,chloride voltage-gated channel Ka,4.2296e-17,0.711,0.385
892,1188,CLCNKB,chloride voltage-gated channel Kb,1.4025e-22,0.593,0.692
893,1191,CLU,clusterin,7.8072e-05,0.426,0.885
894,1192,CLIC1,chloride intracellular channel 1,0.00019265,0.601,0.5
895,1193,CLIC2,chloride intracellular channel 2,0.049547,0.7,0.5
900,1200,TPP1,tripeptidyl peptidase 1,6.2564e-07,0.551,0.808
901,1201,CLN3,"CLN3 lysosomal/endosomal transmembrane protein, battenin",1.3327e-07,0.572,0.692
902,1203,CLN5,CLN5 intracellular trafficking protein,1.7111e-08,0.705,0.269
906,1211,CLTA,clathrin light chain A,0.96319,0.628,0.654
908,1213,CLTC,clathrin heavy chain,1,0.558,0.769
909,1215,CMA1,chymase 1,7.5861e-09,0.514,0.692
911,1230,CCR1,C-C motif chemokine receptor 1,0.38775,0.531,0.769
912,1232,CCR3,C-C motif chemokine receptor 3,0.00012636,0.527,0.808
913,1233,CCR4,C-C motif chemokine receptor 4,0.06863,0.51,0.731
914,1234,CCR5,C-C motif chemokine receptor 5 (gene/pseudogene),4.3094e-10,0.398,0.885
915,1235,CCR6,C-C motif chemokine receptor 6,0.0057867,0.485,0.808
916,1236,CCR7,C-C motif chemokine receptor 7,0.057623,0.443,0.769
917,1237,CCR8,C-C motif chemokine receptor 8,0.0077492,0.597,0.692
918,1238,ACKR2,atypical chemokine receptor 2,0.001388,0.641,0.615
920,1241,LTB4R,leukotriene B4 receptor,0.11994,0.576,0.692
922,1244,ABCC2,ATP binding cassette subfamily C member 2,5.2025e-47,0.483,0.808
928,1259,CNGA1,cyclic nucleotide gated channel subunit alpha 1,2.7618e-11,0.695,0.269
933,1265,CNN2,calponin 2,0.024399,0.666,0.538
936,1268,CNR1,cannabinoid receptor 1,0.50652,0.446,0.808
937,1269,CNR2,cannabinoid receptor 2,6.5369e-06,0.509,0.846
938,1270,CNTF,ciliary neurotrophic factor,2.3384e-05,0.561,0.615
940,1272,CNTN1,contactin 1,0.15131,0.599,0.577
942,1277,COL1A1,collagen type I alpha 1 chain,1,0.43,0.808
943,1278,COL1A2,collagen type I alpha 2 chain,1,0.486,0.846
944,1280,COL2A1,collagen type II alpha 1 chain,1,0.444,0.846
945,1281,COL3A1,collagen type III alpha 1 chain,1,0.477,0.808
946,1282,COL4A1,collagen type IV alpha 1 chain,1,0.484,0.731
947,1284,COL4A2,collagen type IV alpha 2 chain,3.5842e-15,0.563,0.654
948,1285,COL4A3,collagen type IV alpha 3 chain,1.0699e-12,0.552,0.692
949,1286,COL4A4,collagen type IV alpha 4 chain,6.7123e-16,0.644,0.5
950,1287,COL4A5,collagen type IV alpha 5 chain,1,0.553,0.654
951,1288,COL4A6,collagen type IV alpha 6 chain,0.89901,0.686,0.423
952,1289,COL5A1,collagen type V alpha 1 chain,1,0.536,0.769
953,1290,COL5A2,collagen type V alpha 2 chain,1,0.568,0.731
954,1291,COL6A1,collagen type VI alpha 1 chain,0.99995,0.587,0.731
955,1292,COL6A2,collagen type VI alpha 2 chain,6.5112e-08,0.599,0.692
956,1293,COL6A3,collagen type VI alpha 3 chain,1.8131e-20,0.563,0.769
957,1294,COL7A1,collagen type VII alpha 1 chain,2.4411e-40,0.545,0.808
959,1296,COL8A2,collagen type VIII alpha 2 chain,0.11765,0.67,0.423
960,1297,COL9A1,collagen type IX alpha 1 chain,3.0742e-19,0.566,0.731
961,1298,COL9A2,collagen type IX alpha 2 chain,1.0453e-08,0.572,0.769
962,1299,COL9A3,collagen type IX alpha 3 chain,3.278e-12,0.569,0.769
963,1300,COL10A1,collagen type X alpha 1 chain,2.9839e-05,0.619,0.5
964,1301,COL11A1,collagen type XI alpha 1 chain,1,0.495,0.846
965,1302,COL11A2,collagen type XI alpha 2 chain,0.70197,0.435,0.846
966,1303,COL12A1,collagen type XII alpha 1 chain,0.97361,0.615,0.692
967,1305,COL13A1,collagen type XIII alpha 1 chain,3.7355e-14,0.608,0.654
970,1308,COL17A1,collagen type XVII alpha 1 chain,2.2869e-27,0.545,0.769
972,1311,COMP,cartilage oligomeric matrix protein,1.3462e-09,0.503,0.808
973,1312,COMT,catechol-O-methyltransferase,1.1377e-06,0.4,0.923
974,1314,COPA,COPI coat complex subunit alpha,1,0.7,0.385
975,1315,COPB1,COPI coat complex subunit beta 1,0.99994,0.89,0.192
982,1327,COX4I1,cytochrome c oxidase subunit 4I1,0.39416,0.691,0.5
986,1340,COX6B1,cytochrome c oxidase subunit 6B1,0.12065,0.7,0.577
991,1349,COX7B,cytochrome c oxidase subunit 7B,0.67459,0.595,0.654
993,1351,COX8A,cytochrome c oxidase subunit 8A,0.11606,0.4,0.846
994,1352,COX10,cytochrome c oxidase assembly factor heme A:farnesyltransferase COX10,0.08405,0.623,0.654
996,1355,COX15,cytochrome c oxidase assembly homolog COX15,1.1031e-13,0.638,0.538
997,1356,CP,ceruloplasmin,4.2013e-10,0.466,0.846
998,1357,CPA1,carboxypeptidase A1,2.6567e-11,0.65,0.577
1000,1359,CPA3,carboxypeptidase A3,2.0416e-16,0.729,0.346
1001,1360,CPB1,carboxypeptidase B1,2.6104e-22,0.626,0.654
1002,1361,CPB2,carboxypeptidase B2,2.7076e-17,0.536,0.846
1005,1364,CLDN4,claudin 4,6.9789e-05,0.514,0.692
1007,1366,CLDN7,claudin 7,0.0028828,0.494,0.808
1010,1370,CPN2,carboxypeptidase N subunit 2,0.0026009,0.839,0.192
1011,1371,CPOX,coproporphyrinogen oxidase,0.17152,0.488,0.846
1012,1373,CPS1,carbamoyl-phosphate synthase 1,1.0947e-09,0.59,0.615
1013,1374,CPT1A,carnitine palmitoyltransferase 1A,5.114e-09,0.555,0.808
1014,1375,CPT1B,carnitine palmitoyltransferase 1B,1.5291e-11,0.653,0.538
1015,1376,CPT2,carnitine palmitoyltransferase 2,4.598e-10,0.542,0.769
1016,1378,CR1,complement C3b/C4b receptor 1 (Knops blood group),1.6488e-35,0.533,0.808
1018,1380,CR2,complement C3d receptor 2,4.7399e-19,0.556,0.654
1019,1381,CRABP1,cellular retinoic acid binding protein 1,0.0058779,0.631,0.615
1021,1384,CRAT,carnitine O-acetyltransferase,9.4796e-12,0.656,0.577
1022,1385,CREB1,cAMP responsive element binding protein 1,0.99673,0.463,0.885
1023,1386,ATF2,activating transcription factor 2,0.99131,0.551,0.808
1024,1387,CREBBP,CREB binding protein,1,0.427,0.808
1025,1388,ATF6B,activating transcription factor 6 beta,3.1036e-07,0.839,0.192
1026,1389,CREBL2,cAMP responsive element binding protein like 2,0.72167,1,0.077
1027,1390,CREM,cAMP responsive element modulator,0.50878,0.573,0.692
1028,1392,CRH,corticotropin releasing hormone,0.71614,0.439,0.808
1029,1393,CRHBP,corticotropin releasing hormone binding protein,0.21476,0.659,0.5
1030,1394,CRHR1,corticotropin releasing hormone receptor 1,3.7856e-05,0.517,0.769
1031,1395,CRHR2,corticotropin releasing hormone receptor 2,8.5473e-17,0.584,0.731
1035,1399,CRKL,"CRK like proto-oncogene, adaptor protein",0.44604,0.553,0.769
1037,1401,CRP,C-reactive protein,0.0036969,0.299,0.962
1038,1404,HAPLN1,hyaluronan and proteoglycan link protein 1,0.60242,0.663,0.577
1039,1406,CRX,cone-rod homeobox,0.51043,0.565,0.692
1041,1408,CRY2,cryptochrome circadian regulator 2,0.00031808,0.599,0.692
1042,1409,CRYAA,crystallin alpha A,0.17396,0.653,0.385
1043,1410,CRYAB,crystallin alpha B,0.02247,0.515,0.731
1044,1411,CRYBA1,crystallin beta A1,6.4088e-05,0.716,0.269
1046,1413,CRYBA4,crystallin beta A4,3.4999e-09,0.716,0.269
1047,1414,CRYBB1,crystallin beta B1,0.00070069,0.686,0.231
1048,1415,CRYBB2,crystallin beta B2,0.38956,0.623,0.462
1050,1417,CRYBB3,crystallin beta B3,3.5766e-11,0.769,0.269
1052,1419,CRYGB,crystallin gamma B,8.1381e-08,0.78,0.269
1053,1420,CRYGC,crystallin gamma C,0.0006061,0.612,0.577
1054,1421,CRYGD,crystallin gamma D,0.00030317,0.51,0.808
1055,1427,CRYGS,crystallin gamma S,0.023028,0.743,0.192
1058,1431,CS,citrate synthase,0.98402,0.59,0.654
1059,1432,MAPK14,mitogen-activated protein kinase 14,0.37466,0.379,0.923
1060,1434,CSE1L,chromosome segregation 1 like,1,0.521,0.808
1061,1435,CSF1,colony stimulating factor 1,0.99634,0.473,0.808
1062,1436,CSF1R,colony stimulating factor 1 receptor,0.13278,0.448,0.808
1063,1437,CSF2,colony stimulating factor 2,0.83468,0.33,0.962
1064,1438,CSF2RA,colony stimulating factor 2 receptor subunit alpha,2.3956e-10,0.67,0.615
1066,1440,CSF3,colony stimulating factor 3,0.38046,0.377,0.885
1067,1441,CSF3R,colony stimulating factor 3 receptor,1.5225e-10,0.55,0.692
1070,1444,CSHL1,chorionic somatomammotropin hormone like 1,3.0815e-12,0.647,0.577
1071,1445,CSK,C-terminal Src kinase,0.99977,0.606,0.692
1080,1457,CSNK2A1,casein kinase 2 alpha 1,0.98711,0.597,0.731
1083,1462,VCAN,versican,1,0.497,0.808
1084,1463,NCAN,neurocan,0.068,0.67,0.5
1091,1471,CST3,cystatin C,0.0039011,0.436,0.808
1095,1475,CSTA,cystatin A,0.00015316,0.592,0.731
1096,1476,CSTB,cystatin B,0.0065562,0.53,0.692
1101,1482,NKX2-5,NK2 homeobox 5,0.94531,0.533,0.692
1105,1487,CTBP1,C-terminal binding protein 1,0.98442,0.559,0.692
1108,1490,CCN2,cellular communication network factor 2,0.00050202,0.399,0.846
1109,1491,CTH,cystathionine gamma-lyase,7.482e-08,0.578,0.615
1110,1493,CTLA4,cytotoxic T-lymphocyte associated protein 4,0.94085,0.369,0.923
1111,1495,CTNNA1,catenin alpha 1,0.96962,0.584,0.538
1112,1496,CTNNA2,catenin alpha 2,0.42501,0.663,0.5
1113,1497,CTNS,"cystinosin, lysosomal cystine transporter",0.00030924,0.628,0.538
1115,1499,CTNNB1,catenin beta 1,0.99999,0.303,0.885
1116,1500,CTNND1,catenin delta 1,0.99999,0.5,0.808
1117,1501,CTNND2,catenin delta 2,1,0.578,0.731
1119,1504,CTRB1,chymotrypsinogen B1,2.4233e-06,0.76,0.385
1121,1508,CTSB,cathepsin B,5.8819e-11,0.457,0.846
1122,1509,CTSD,cathepsin D,0.00091747,0.478,0.846
1123,1510,CTSE,cathepsin E,1.4371e-14,0.631,0.615
1125,1512,CTSH,cathepsin H,1.2518e-08,0.626,0.654
1126,1513,CTSK,cathepsin K,3.0989e-05,0.497,0.808
1127,1514,CTSL,cathepsin L,0.0080454,0.488,0.846
1130,1520,CTSS,cathepsin S,0.34178,0.539,0.731
1132,1522,CTSZ,cathepsin Z,2.2587e-16,0.647,0.577
1133,1523,CUX1,cut like homeobox 1,1,0.465,0.846
1134,1524,CX3CR1,C-X3-C motif chemokine receptor 1,0.061371,0.457,0.885
1137,1528,CYB5A,cytochrome b5 type A,0.0015821,0.601,0.654
1139,1535,CYBA,cytochrome b-245 alpha chain,8.8678e-06,0.52,0.769
1140,1536,CYBB,cytochrome b-245 beta chain,0.99904,0.452,0.885
1144,1540,CYLD,CYLD lysine 63 deubiquitinase,0.99993,0.498,0.846
1146,1543,CYP1A1,cytochrome P450 family 1 subfamily A member 1,1.0635e-17,0.436,0.846
1147,1544,CYP1A2,cytochrome P450 family 1 subfamily A member 2,2.4795e-10,0.494,0.923
1148,1545,CYP1B1,cytochrome P450 family 1 subfamily B member 1,2.2024e-05,0.457,0.769
1149,1548,CYP2A6,cytochrome P450 family 2 subfamily A member 6,5.401e-09,0.555,0.731
1150,1549,CYP2A7,cytochrome P450 family 2 subfamily A member 7,3.7792e-15,0.686,0.538
1152,1553,CYP2A13,cytochrome P450 family 2 subfamily A member 13,8.6461e-07,0.695,0.462
1155,1557,CYP2C19,cytochrome P450 family 2 subfamily C member 19,6.4882e-20,0.467,0.846
1156,1558,CYP2C8,cytochrome P450 family 2 subfamily C member 8,1.9759e-22,0.615,0.615
1157,1559,CYP2C9,cytochrome P450 family 2 subfamily C member 9,1.2709e-10,0.506,0.885
1160,1565,CYP2D6,cytochrome P450 family 2 subfamily D member 6,1.0793e-25,0.437,0.885
1162,1571,CYP2E1,cytochrome P450 family 2 subfamily E member 1,8.0688e-09,0.459,0.885
1164,1573,CYP2J2,cytochrome P450 family 2 subfamily J member 2,1.6181e-15,0.628,0.615
1165,1576,CYP3A4,cytochrome P450 family 3 subfamily A member 4,5.7979e-11,0.461,0.885
1166,1577,CYP3A5,cytochrome P450 family 3 subfamily A member 5,6.2948e-17,0.511,0.846
1168,1579,CYP4A11,cytochrome P450 family 4 subfamily A member 11,1.087e-24,0.695,0.462
1170,1581,CYP7A1,cytochrome P450 family 7 subfamily A member 1,0.00024507,0.576,0.615
1171,1582,CYP8B1,cytochrome P450 family 8 subfamily B member 1,2.0558e-05,0.711,0.269
1172,1583,CYP11A1,cytochrome P450 family 11 subfamily A member 1,5.4912e-07,0.547,0.731
1173,1584,CYP11B1,cytochrome P450 family 11 subfamily B member 1,8.245e-07,0.563,0.615
1174,1585,CYP11B2,cytochrome P450 family 11 subfamily B member 2,7.1321e-19,0.553,0.615
1175,1586,CYP17A1,cytochrome P450 family 17 subfamily A member 1,0.00026255,0.462,0.769
1177,1588,CYP19A1,cytochrome P450 family 19 subfamily A member 1,1.7022e-05,0.41,0.885
1178,1589,CYP21A2,cytochrome P450 family 21 subfamily A member 2,0.00025989,0.525,0.769
1180,1591,CYP24A1,cytochrome P450 family 24 subfamily A member 1,3.1964e-23,0.518,0.692
1181,1592,CYP26A1,cytochrome P450 family 26 subfamily A member 1,8.4269e-11,0.619,0.577
1182,1593,CYP27A1,cytochrome P450 family 27 subfamily A member 1,5.2916e-19,0.538,0.731
1183,1594,CYP27B1,cytochrome P450 family 27 subfamily B member 1,1.9194e-07,0.502,0.769
1185,1600,DAB1,DAB adaptor protein 1,0.99915,0.626,0.615
1190,1605,DAG1,dystroglycan 1,0.98117,0.498,0.808
1192,1607,DGKB,diacylglycerol kinase beta,0.52991,0.716,0.423
1193,1608,DGKG,diacylglycerol kinase gamma,6.0186e-13,0.76,0.462
1195,1610,DAO,D-amino acid oxidase,6.2271e-22,0.636,0.615
1196,1611,DAP,death associated protein,0.0035018,0.53,0.808
1197,1612,DAPK1,death associated protein kinase 1,0.99767,0.472,0.808
1199,1615,DARS1,aspartyl-tRNA synthetase 1,8.536e-06,0.711,0.5
1200,1616,DAXX,death domain associated protein,0.098633,0.544,0.692
1201,1617,DAZ1,deleted in azoospermia 1,,0.705,0.385
1204,1621,DBH,dopamine beta-hydroxylase,3.3352e-10,0.511,0.846
1208,1629,DBT,dihydrolipoamide branched chain transacylase E2,1.0467e-05,0.638,0.462
1209,1630,DCC,DCC netrin 1 receptor,0.99448,0.471,0.808
1212,1634,DCN,decorin,0.31231,0.457,0.808
1214,1636,ACE,angiotensin I converting enzyme,1.0344e-37,0.328,0.923
1215,1637,DCR,Down syndrome chromosome region,,0.674,0.538
1217,1639,DCTN1,dynactin subunit 1,0.084251,0.597,0.5
1218,1641,DCX,doublecortin,0.3042,0.511,0.769
1220,1643,DDB2,damage specific DNA binding protein 2,7.397e-06,0.576,0.654
1221,1644,DDC,dopa decarboxylase,3.7519e-08,0.535,0.769
1222,1645,AKR1C1,aldo-keto reductase family 1 member C1,3.524e-15,0.593,0.615
1223,1646,AKR1C2,aldo-keto reductase family 1 member C2,6.8956e-11,0.608,0.577
1224,1647,GADD45A,growth arrest and DNA damage inducible alpha,0.044075,0.526,0.769
1225,1649,DDIT3,DNA damage inducible transcript 3,0.59066,0.467,0.846
1226,1650,DDOST,dolichyl-diphosphooligosaccharide--protein glycosyltransferase non-catalytic subunit,0.00061409,0.644,0.692
1229,1654,DDX3X,DEAD-box helicase 3 X-linked,0.99986,0.537,0.769
1231,1656,DDX6,DEAD-box helicase 6,0.99964,0.663,0.385
1236,1663,DDX11,DEAD/H-box helicase 11,2.3461e-21,0.674,0.577
1242,1670,DEFA5,defensin alpha 5,5.1896e-06,0.695,0.423
1244,1672,DEFB1,defensin beta 1,0.4059,0.509,0.808
1245,1673,DEFB4A,defensin beta 4A,0.0011637,0.507,0.769
1246,1674,DES,desmin,0.0088282,0.46,0.846
1250,1678,TIMM8A,translocase of inner mitochondrial membrane 8A,0.65195,0.51,0.846
1252,1687,GSDME,gasdermin E,3.2843e-09,0.656,0.423
1254,1690,COCH,cochlin,1.2365e-07,0.659,0.385
1261,1716,DGUOK,deoxyguanosine kinase,3.7122e-07,0.593,0.5
1262,1717,DHCR7,7-dehydrocholesterol reductase,3.949e-13,0.5,0.846
1263,1718,DHCR24,24-dehydrocholesterol reductase,0.031029,0.498,0.769
1264,1719,DHFR,dihydrofolate reductase,0.0343,0.513,0.808
1265,1723,DHODH,dihydroorotate dehydrogenase (quinone),0.0029884,0.576,0.769
1266,1725,DHPS,deoxyhypusine synthase,0.00016305,0.67,0.538
1267,1727,CYB5R3,cytochrome b5 reductase 3,0.00019204,0.638,0.654
1268,1728,NQO1,NAD(P)H quinone dehydrogenase 1,1.1867e-09,0.433,0.885
1269,1729,DIAPH1,diaphanous related formin 1,0.91507,0.623,0.654
1275,1735,DIO3,iodothyronine deiodinase 3,0.62331,0.593,0.731
1276,1736,DKC1,dyskerin pseudouridine synthase 1,0.99916,0.547,0.769
1277,1737,DLAT,dihydrolipoamide S-acetyltransferase,2.2998e-08,0.576,0.731
1278,1738,DLD,dihydrolipoamide dehydrogenase,0.0095142,0.517,0.769
1279,1739,DLG1,discs large MAGUK scaffold protein 1,0.99393,0.647,0.654
1280,1740,DLG2,discs large MAGUK scaffold protein 2,0.70796,0.67,0.577
1281,1741,DLG3,discs large MAGUK scaffold protein 3,0.99999,0.544,0.615
1282,1742,DLG4,discs large MAGUK scaffold protein 4,0.99954,0.595,0.654
1283,1743,DLST,dihydrolipoamide S-succinyltransferase,0.48474,0.653,0.615
1285,1745,DLX1,distal-less homeobox 1,0.96232,0.695,0.462
1287,1747,DLX3,distal-less homeobox 3,0.0025519,0.601,0.692
1288,1748,DLX4,distal-less homeobox 4,0.016921,0.585,0.654
1289,1749,DLX5,distal-less homeobox 5,0.21842,0.604,0.692
1290,1750,DLX6,distal-less homeobox 6,0.92126,0.659,0.615
1291,1755,DMBT1,deleted in malignant brain tumors 1,4.476e-63,0.533,0.654
1292,1756,DMD,dystrophin,1,0.423,0.923
1294,1758,DMP1,dentin matrix acidic phosphoprotein 1,1.4881e-07,0.556,0.615
1295,1759,DNM1,dynamin 1,0.99917,0.595,0.692
1296,1760,DMPK,DM1 protein kinase,0.038339,0.603,0.692
1298,1762,DMWD,"DM1 locus, WD repeat containing",0.36917,0.89,0.192
1299,1763,DNA2,DNA replication helicase/nuclease 2,1.2748e-18,0.626,0.731
1300,1767,DNAH5,dynein axonemal heavy chain 5,4.8607e-64,0.59,0.692
1301,1768,DNAH6,dynein axonemal heavy chain 6,1.1201e-36,0.769,0.462
1302,1769,DNAH8,dynein axonemal heavy chain 8,1.1489e-60,0.556,0.731
1303,1770,DNAH9,dynein axonemal heavy chain 9,3.0547e-60,0.716,0.5
1304,1773,DNASE1,deoxyribonuclease 1,6.9801e-21,0.505,0.846
1306,1775,DNASE1L2,deoxyribonuclease 1 like 2,3.3152e-07,0.931,0.115
1307,1776,DNASE1L3,deoxyribonuclease 1 like 3,3.0012e-05,0.575,0.769
1309,1778,DYNC1H1,dynein cytoplasmic 1 heavy chain 1,1,0.547,0.769
1311,1781,DYNC1I2,dynein cytoplasmic 1 intermediate chain 2,1.0648e-08,0.76,0.385
1313,1785,DNM2,dynamin 2,0.99998,0.542,0.769
1314,1786,DNMT1,DNA methyltransferase 1,1,0.406,0.885
1316,1788,DNMT3A,DNA methyltransferase 3 alpha,7.3538e-39,0.445,0.846
1317,1789,DNMT3B,DNA methyltransferase 3 beta,0.19964,0.453,0.846
1319,1793,DOCK1,dedicator of cytokinesis 1,0.0068117,0.641,0.577
1321,1795,DOCK3,dedicator of cytokinesis 3,1,0.619,0.692
1324,1798,DPAGT1,dolichyl-phosphate N-acetylglucosaminephosphotransferase 1,1.117e-05,0.621,0.538
1325,1800,DPEP1,dipeptidase 1,3.473e-10,0.57,0.654
1328,1803,DPP4,dipeptidyl peptidase 4,7.2797e-09,0.42,0.808
1329,1804,DPP6,dipeptidyl peptidase like 6,0.33997,0.603,0.692
1330,1805,DPT,dermatopontin,4.2743e-06,0.641,0.654
1331,1806,DPYD,dihydropyrimidine dehydrogenase,3.3686e-22,0.493,0.846
1333,1808,DPYSL2,dihydropyrimidinase like 2,0.99375,0.584,0.692
1335,1810,DR1,down-regulator of transcription 1,0.92117,0.839,0.231
1337,1812,DRD1,dopamine receptor D1,0.9555,0.529,0.808
1338,1813,DRD2,dopamine receptor D2,0.74709,0.436,0.846
1339,1814,DRD3,dopamine receptor D3,0.0023694,0.529,0.692
1340,1815,DRD4,dopamine receptor D4,9.3362e-09,0.517,0.577
1341,1816,DRD5,dopamine receptor D5,1.348e-16,0.603,0.423
1345,1822,ATN1,atrophin 1,0.99992,0.409,0.885
1347,1824,DSC2,desmocollin 2,5.1749e-08,0.61,0.538
1348,1825,DSC3,desmocollin 3,2.2848e-21,0.57,0.808
1349,1826,DSCAM,DS cell adhesion molecule,1,0.686,0.385
1350,1827,RCAN1,regulator of calcineurin 1,0.016675,0.572,0.808
1351,1828,DSG1,desmoglein 1,0.92688,0.606,0.538
1352,1829,DSG2,desmoglein 2,2.7913e-10,0.601,0.692
1353,1830,DSG3,desmoglein 3,1.4584e-20,0.603,0.654
1355,1832,DSP,desmoplakin,0.99978,0.514,0.808
1357,1834,DSPP,dentin sialophosphoprotein,1.1191e-07,0.556,0.769
1358,1836,SLC26A2,solute carrier family 26 member 2,7.4963e-07,0.553,0.692
1361,1839,HBEGF,heparin binding EGF like growth factor,0.07563,0.52,0.769
1363,1841,DTYMK,deoxythymidylate kinase,6.1537e-05,0.705,0.231
1365,1843,DUSP1,dual specificity phosphatase 1,0.010151,0.491,0.808
1367,1845,DUSP3,dual specificity phosphatase 3,0.46156,0.705,0.308
1370,1848,DUSP6,dual specificity phosphatase 6,0.97603,0.511,0.846
1371,1849,DUSP7,dual specificity phosphatase 7,0.69024,0.743,0.308
1375,1855,DVL1,dishevelled segment polarity protein 1,3.7313e-06,0.531,0.769
1377,1857,DVL3,dishevelled segment polarity protein 3,0.38544,0.537,0.731
1379,1859,DYRK1A,dual specificity tyrosine phosphorylation regulated kinase 1A,0.99967,0.533,0.769
1380,1861,TOR1A,torsin family 1 member A,0.00050557,0.566,0.731
1383,1869,E2F1,E2F transcription factor 1,0.9877,0.441,0.846
1384,1870,E2F2,E2F transcription factor 2,0.25505,0.599,0.692
1385,1871,E2F3,E2F transcription factor 3,0.9458,0.57,0.692
1390,1879,EBF1,EBF transcription factor 1,0.99697,0.584,0.654
1391,1880,GPR183,G protein-coupled receptor 183,0.017257,0.7,0.462
1394,1889,ECE1,endothelin converting enzyme 1,0.95987,0.541,0.769
1395,1890,TYMP,thymidine phosphorylase,0.00011694,0.495,0.769
1397,1892,ECHS1,"enoyl-CoA hydratase, short chain 1",0.00087731,0.601,0.654
1398,1893,ECM1,extracellular matrix protein 1,4.6627e-14,0.576,0.731
1400,1896,EDA,ectodysplasin A,0.97391,0.553,0.808
1401,1901,S1PR1,sphingosine-1-phosphate receptor 1,0.73269,0.546,0.769
1402,1902,LPAR1,lysophosphatidic acid receptor 1,0.18603,0.534,0.808
1404,1906,EDN1,endothelin 1,0.45504,0.38,0.846
1405,1907,EDN2,endothelin 2,0.060323,0.716,0.462
1406,1908,EDN3,endothelin 3,0.024568,0.608,0.577
1407,1909,EDNRA,endothelin receptor type A,0.99158,0.426,0.885
1408,1910,EDNRB,endothelin receptor type B,0.0092419,0.47,0.846
1409,1911,PHC1,polyhomeotic homolog 1,0.99938,0.644,0.692
1413,1915,EEF1A1,eukaryotic translation elongation factor 1 alpha 1,0.97863,0.584,0.654
1414,1917,EEF1A2,eukaryotic translation elongation factor 1 alpha 2,0.99558,0.554,0.808
1419,1938,EEF2,eukaryotic translation elongation factor 2,0.99995,0.599,0.731
1422,1942,EFNA1,ephrin A1,0.46263,0.61,0.5
1426,1946,EFNA5,ephrin A5,0.96051,0.615,0.654
1427,1947,EFNB1,ephrin B1,0.93251,0.561,0.769
1428,1948,EFNB2,ephrin B2,0.98845,0.561,0.692
1430,1950,EGF,epidermal growth factor,8.5294e-17,0.357,0.923
1431,1951,CELSR3,cadherin EGF LAG seven-pass G-type receptor 3,0.99998,0.716,0.423
1432,1952,CELSR2,cadherin EGF LAG seven-pass G-type receptor 2,0.99994,0.656,0.577
1434,1954,MEGF8,multiple EGF like domains 8,1.9329e-05,0.584,0.538
1436,1956,EGFR,epidermal growth factor receptor,0.36837,0.295,0.885
1438,1958,EGR1,early growth response 1,0.3509,0.433,0.923
1439,1959,EGR2,early growth response 2,0.50292,0.547,0.769
1440,1960,EGR3,early growth response 3,0.95288,0.599,0.731
1442,1962,EHHADH,enoyl-CoA hydratase and 3-hydroxyacyl CoA dehydrogenase,5.2377e-10,0.67,0.5
1443,1964,EIF1AX,eukaryotic translation initiation factor 1A X-linked,0.91015,0.716,0.231
1444,1965,EIF2S1,eukaryotic translation initiation factor 2 subunit alpha,0.97031,0.587,0.692
1445,1967,EIF2B1,eukaryotic translation initiation factor 2B subunit alpha,7.615e-05,0.663,0.538
1446,1968,EIF2S3,eukaryotic translation initiation factor 2 subunit gamma,0.96388,0.604,0.731
1450,1975,EIF4B,eukaryotic translation initiation factor 4B,0.99999,0.705,0.385
1452,1978,EIF4EBP1,eukaryotic translation initiation factor 4E binding protein 1,0.20762,0.494,0.885
1454,1981,EIF4G1,eukaryotic translation initiation factor 4 gamma 1,1,0.553,0.808
1457,1984,EIF5A,eukaryotic translation initiation factor 5A,0.73709,0.612,0.692
1458,1990,CELA1,chymotrypsin like elastase 1,0.00023937,0.7,0.385
1459,1991,ELANE,"elastase, neutrophil expressed",0.0012274,0.447,0.846
1464,1996,ELAVL4,ELAV like RNA binding protein 4,0.90806,0.682,0.269
1467,1999,ELF3,E74 like ETS transcription factor 3,0.98323,0.551,0.808
1473,2006,ELN,elastin,2.1429e-14,0.415,0.885
1474,2009,EML1,EMAP like 1,0.99608,0.705,0.462
1475,2010,EMD,emerin,0.93178,0.542,0.731
1481,2016,EMX1,empty spiracles homeobox 1,0.89532,0.861,0.231
1487,2022,ENG,endoglin,0.99858,0.446,0.846
1488,2023,ENO1,enolase 1,1.914e-05,0.481,0.885
1489,2026,ENO2,enolase 2,0.38396,0.475,0.846
1491,2028,ENPEP,glutamyl aminopeptidase,1.3878e-28,0.564,0.731
1492,2029,ENSA,endosulfine alpha,0.34917,0.76,0.308
1493,2030,SLC29A1,solute carrier family 29 member 1 (Augustine blood group),0.90069,0.587,0.731
1494,2033,EP300,E1A binding protein p300,1,0.459,0.846
1495,2034,EPAS1,endothelial PAS domain protein 1,0.5961,0.454,0.731
1499,2038,EPB42,erythrocyte membrane protein band 4.2,9.9014e-09,0.729,0.269
1502,2041,EPHA1,EPH receptor A1,1.4624e-23,0.544,0.731
1505,2044,EPHA5,EPH receptor A5,7.2877e-05,0.626,0.615
1506,2045,EPHA7,EPH receptor A7,1,0.619,0.5
1508,2047,EPHB1,EPH receptor B1,0.9985,0.518,0.846
1511,2050,EPHB4,EPH receptor B4,0.013497,0.524,0.692
1512,2051,EPHB6,EPH receptor B6,1.2013e-07,0.619,0.538
1513,2052,EPHX1,epoxide hydrolase 1,3.2154e-09,0.5,0.846
1514,2053,EPHX2,epoxide hydrolase 2,1.7936e-21,0.568,0.654
1515,2054,STX2,syntaxin 2,2.1087e-07,0.626,0.577
1516,2055,CLN8,CLN8 transmembrane ER and ERGIC protein,0.0035591,0.682,0.423
1517,2056,EPO,erythropoietin,0.01125,0.381,0.885
1518,2057,EPOR,erythropoietin receptor,0.0101,0.526,0.692
1519,2058,EPRS1,glutamyl-prolyl-tRNA synthetase 1,1.0353e-09,0.644,0.538
1520,2059,EPS8,epidermal growth factor receptor pathway substrate 8,0.97308,0.608,0.615
1523,2064,ERBB2,erb-b2 receptor tyrosine kinase 2,0.0059892,0.328,0.923
1524,2065,ERBB3,erb-b2 receptor tyrosine kinase 3,1.7003e-15,0.448,0.808
1525,2066,ERBB4,erb-b2 receptor tyrosine kinase 4,0.99912,0.455,0.846
1526,2067,ERCC1,"ERCC excision repair 1, endonuclease non-catalytic subunit",1.5933e-07,0.445,0.846
1527,2068,ERCC2,"ERCC excision repair 2, TFIIH core complex helicase subunit",7.0654e-20,0.42,0.846
1529,2070,EYA4,EYA transcriptional coactivator and phosphatase 4,0.04872,0.604,0.615
1530,2071,ERCC3,"ERCC excision repair 3, TFIIH core complex helicase subunit",3.4312e-11,0.504,0.846
1531,2072,ERCC4,"ERCC excision repair 4, endonuclease catalytic subunit",1.3758e-12,0.468,0.846
1532,2073,ERCC5,"ERCC excision repair 5, endonuclease",2.732e-13,0.499,0.731
1533,2074,ERCC6,"ERCC excision repair 6, chromatin remodeling factor",5.1622e-22,0.507,0.808
1534,2077,ERF,ETS2 repressor factor,0.98968,0.572,0.654
1535,2078,ERG,ETS transcription factor ERG,0.96413,0.453,0.808
1542,2098,ESD,esterase D,5.3945e-07,0.656,0.615
1543,2099,ESR1,estrogen receptor 1,0.9992,0.324,0.962
1544,2100,ESR2,estrogen receptor 2,4.4516e-08,0.4,0.923
1545,2101,ESRRA,estrogen related receptor alpha,0.59696,0.548,0.654
1546,2103,ESRRB,estrogen related receptor beta,0.12609,0.565,0.846
1547,2104,ESRRG,estrogen related receptor gamma,0.071232,0.621,0.692
1548,2107,ETF1,eukaryotic translation termination factor 1,0.996,0.78,0.269
1549,2108,ETFA,electron transfer flavoprotein subunit alpha,0.0029217,0.508,0.731
1550,2109,ETFB,electron transfer flavoprotein subunit beta,0.016558,0.711,0.538
1551,2110,ETFDH,electron transfer flavoprotein dehydrogenase,2.778e-13,0.678,0.462
1553,2113,ETS1,"ETS proto-oncogene 1, transcription factor",0.7816,0.444,0.731
1555,2115,ETV1,ETS variant transcription factor 1,0.93694,0.631,0.385
1559,2119,ETV5,ETS variant transcription factor 5,0.99999,0.565,0.731
1560,2120,ETV6,ETS variant transcription factor 6,0.9735,0.477,0.731
1561,2121,EVC,EvC ciliary complex subunit 1,3.462e-25,0.587,0.577
1562,2122,MECOM,MDS1 and EVI1 complex locus,1,0.513,0.731
1567,2130,EWSR1,EWS RNA binding protein 1,0.99981,0.474,0.692
1568,2131,EXT1,exostosin glycosyltransferase 1,0.99732,0.522,0.769
1569,2132,EXT2,exostosin glycosyltransferase 2,1.3179e-09,0.576,0.654
1573,2137,EXTL3,exostosin like glycosyltransferase 3,2.5023e-05,0.599,0.731
1574,2138,EYA1,EYA transcriptional coactivator and phosphatase 1,0.94588,0.531,0.731
1575,2139,EYA2,EYA transcriptional coactivator and phosphatase 2,0.097959,0.636,0.462
1578,2146,EZH2,enhancer of zeste 2 polycomb repressive complex 2 subunit,1,0.376,0.885
1579,2147,F2,"coagulation factor II, thrombin",0.0011118,0.415,0.885
1580,2149,F2R,coagulation factor II thrombin receptor,0.0084678,0.444,0.846
1581,2150,F2RL1,F2R like trypsin receptor 1,0.00014843,0.48,0.769
1583,2152,F3,"coagulation factor III, tissue factor",0.018872,0.415,0.846
1584,2153,F5,coagulation factor V,5.919e-15,0.441,0.846
1585,2155,F7,coagulation factor VII,1.349e-05,0.623,0.615
1586,2157,F8,coagulation factor VIII,1,0.542,0.769
1587,2158,F9,coagulation factor IX,0.99776,0.465,0.885
1588,2159,F10,coagulation factor X,2.3473e-06,0.493,0.769
1589,2160,F11,coagulation factor XI,3.6146e-26,0.59,0.692
1590,2161,F12,coagulation factor XII,8.2526e-08,0.612,0.577
1591,2162,F13A1,coagulation factor XIII A chain,5.2851e-08,0.575,0.731
1592,2165,F13B,coagulation factor XIII B chain,8.9128e-10,0.686,0.5
1593,2166,FAAH,fatty acid amide hydrolase,4.4449e-11,0.544,0.692
1594,2167,FABP4,fatty acid binding protein 4,5.1764e-05,0.5,0.808
1596,2169,FABP2,fatty acid binding protein 2,0.0049806,0.608,0.654
1598,2171,FABP5,fatty acid binding protein 5,0.047008,0.585,0.731
1600,2173,FABP7,fatty acid binding protein 7,0.00078595,0.584,0.577
1601,2175,FANCA,FA complementation group A,1.5943e-68,0.505,0.731
1602,2176,FANCC,FA complementation group C,2.7921e-13,0.507,0.808
1603,2177,FANCD2,FA complementation group D2,1.0974e-30,0.479,0.885
1604,2178,FANCE,FA complementation group E,1.5278e-06,0.553,0.808
1605,2180,ACSL1,acyl-CoA synthetase long chain family member 1,0.0015324,0.617,0.577
1607,2182,ACSL4,acyl-CoA synthetase long chain family member 4,0.98103,0.561,0.769
1608,2184,FAH,fumarylacetoacetate hydrolase,4.0347e-17,0.612,0.538
1609,2185,PTK2B,protein tyrosine kinase 2 beta,0.93536,0.448,0.808
1610,2186,BPTF,bromodomain PHD finger transcription factor,1,0.56,0.769
1611,2187,FANCB,FA complementation group B,0.99631,0.468,0.769
1612,2188,FANCF,FA complementation group F,0.45886,0.535,0.731
1613,2189,FANCG,FA complementation group G,2.4859e-14,0.556,0.769
1614,2191,FAP,fibroblast activation protein alpha,1.9009e-28,0.496,0.808
1616,2193,FARSA,phenylalanyl-tRNA synthetase subunit alpha,0.014084,0.89,0.154
1617,2194,FASN,fatty acid synthase,1,0.474,0.846
1618,2195,FAT1,FAT atypical cadherin 1,1.1969e-12,0.508,0.808
1622,2200,FBN1,fibrillin 1,1,0.417,0.846
1623,2201,FBN2,fibrillin 2,1,0.505,0.808
1624,2202,EFEMP1,EGF containing fibulin extracellular matrix protein 1,0.99992,0.54,0.769
1625,2203,FBP1,fructose-bisphosphatase 1,0.079124,0.575,0.692
1627,2205,FCER1A,Fc fragment of IgE receptor Ia,3.0826e-05,0.705,0.385
1629,2207,FCER1G,Fc fragment of IgE receptor Ig,0.66327,0.674,0.615
1630,2208,FCER2,Fc fragment of IgE receptor II,7.6122e-12,0.56,0.654
1633,2212,FCGR2A,Fc fragment of IgG receptor IIa,2.0054e-06,0.48,0.769
1634,2213,FCGR2B,Fc fragment of IgG receptor IIb,0.45637,0.522,0.846
1636,2215,FCGR3B,Fc fragment of IgG receptor IIIb,3.0294e-07,0.452,0.962
1637,2217,FCGRT,Fc fragment of IgG receptor and transporter,0.041493,0.563,0.654
1638,2218,FKTN,fukutin,8.6576e-07,0.511,0.692
1642,2222,FDFT1,farnesyl-diphosphate farnesyltransferase 1,4.0998e-15,0.621,0.615
1649,2235,FECH,ferrochelatase,0.0027587,0.585,0.577
1650,2237,FEN1,flap structure-specific endonuclease 1,4.7743e-05,0.55,0.731
1651,2239,GPC4,glypican 4,0.92613,0.547,0.769
1652,2241,FER,FER tyrosine kinase,0.6633,0.628,0.615
1653,2242,FES,"FES proto-oncogene, tyrosine kinase",3.7916e-15,0.593,0.769
1654,2243,FGA,fibrinogen alpha chain,1.2236e-13,0.573,0.769
1655,2244,FGB,fibrinogen beta chain,0.56616,0.584,0.692
1656,2245,FGD1,"FYVE, RhoGEF and PH domain containing 1",0.9997,0.573,0.731
1657,2246,FGF1,fibroblast growth factor 1,0.44406,0.507,0.846
1658,2247,FGF2,fibroblast growth factor 2,0.0184,0.383,0.923
1659,2248,FGF3,fibroblast growth factor 3,9.3139e-05,0.505,0.808
1661,2250,FGF5,fibroblast growth factor 5,2.0811e-10,0.641,0.5
1663,2252,FGF7,fibroblast growth factor 7,0.77089,0.519,0.846
1664,2253,FGF8,fibroblast growth factor 8,0.67676,0.507,0.769
1665,2254,FGF9,fibroblast growth factor 9,0.94704,0.528,0.846
1666,2255,FGF10,fibroblast growth factor 10,0.93779,0.53,0.692
1668,2257,FGF12,fibroblast growth factor 12,0.62294,0.619,0.615
1670,2259,FGF14,fibroblast growth factor 14,0.90887,0.619,0.692
1671,2260,FGFR1,fibroblast growth factor receptor 1,0.99984,0.362,0.885
1672,2261,FGFR3,fibroblast growth factor receptor 3,1.6432e-05,0.391,0.846
1673,2262,GPC5,glypican 5,3.9864e-10,0.626,0.654
1674,2263,FGFR2,fibroblast growth factor receptor 2,0.99731,0.38,0.808
1675,2264,FGFR4,fibroblast growth factor receptor 4,7.1917e-13,0.49,0.769
1676,2266,FGG,fibrinogen gamma chain,0.04963,0.633,0.615
1680,2271,FH,fumarate hydratase,0.08824,0.489,0.846
1681,2272,FHIT,fragile histidine triad diadenosine triphosphatase,0.0057055,0.444,0.846
1682,2273,FHL1,four and a half LIM domains 1,0.96979,0.532,0.731
1683,2274,FHL2,four and a half LIM domains 2,2.8693e-05,0.556,0.731
1697,2289,FKBP5,FKBP prolyl isomerase 5,0.73393,0.524,0.769
1698,2290,FOXG1,forkhead box G1,0.94355,0.522,0.692
1699,2294,FOXF1,forkhead box F1,0.95792,0.54,0.692
1701,2296,FOXC1,forkhead box C1,0.95337,0.483,0.846
1704,2299,FOXI1,forkhead box I1,0.77268,0.686,0.462
1706,2301,FOXE3,forkhead box E3,0.18135,0.568,0.654
1708,2303,FOXC2,forkhead box C2,0.13356,0.515,0.731
1709,2304,FOXE1,forkhead box E1,0.79203,0.573,0.731
1710,2305,FOXM1,forkhead box M1,0.0007414,0.441,0.769
1712,2307,FOXS1,forkhead box S1,0.23329,0.769,0.115
1713,2308,FOXO1,forkhead box O1,0.99725,0.433,0.846
1714,2309,FOXO3,forkhead box O3,0.98806,0.431,0.808
1715,2312,FLG,filaggrin,0.00028793,0.525,0.846
1716,2313,FLI1,"Fli-1 proto-oncogene, ETS transcription factor",0.9894,0.468,0.692
1717,2314,FLII,FLII actin remodeling protein,5.5313e-12,0.52,0.808
1718,2315,MLANA,melan-A,1.2584e-09,0.579,0.692
1719,2316,FLNA,filamin A,1,0.419,0.846
1720,2317,FLNB,filamin B,6.0505e-10,0.458,0.923
1721,2318,FLNC,filamin C,0.99994,0.568,0.615
1722,2319,FLOT2,flotillin 2,7.1158e-05,0.633,0.615
1723,2321,FLT1,fms related receptor tyrosine kinase 1,0.99983,0.419,0.846
1724,2322,FLT3,fms related receptor tyrosine kinase 3,0.60777,0.462,0.654
1725,2323,FLT3LG,fms related receptor tyrosine kinase 3 ligand,0.9404,0.564,0.577
1726,2324,FLT4,fms related receptor tyrosine kinase 4,1,0.457,0.808
1733,2332,FMR1,FMRP translational regulator 1,0.64718,0.473,0.769
1734,2334,AFF2,AF4/FMR2 family member 2,0.99577,0.636,0.538
1735,2335,FN1,fibronectin 1,0.0014045,0.365,0.962
1738,2346,FOLH1,folate hydrolase 1,6.1977e-09,0.453,0.885
1739,2348,FOLR1,folate receptor alpha,0.12642,0.522,0.885
1740,2350,FOLR2,folate receptor beta,5.4816e-06,0.559,0.654
1742,2353,FOS,"Fos proto-oncogene, AP-1 transcription factor subunit",0.26176,0.41,0.885
1743,2354,FOSB,"FosB proto-oncogene, AP-1 transcription factor subunit",0.97553,0.463,0.846
1745,2356,FPGS,folylpolyglutamate synthase,1.1579e-06,0.644,0.423
1746,2357,FPR1,formyl peptide receptor 1,,0.576,0.769
1752,2395,FXN,frataxin,0.34491,0.51,0.654
1767,2444,FRK,fyn related Src family tyrosine kinase,1.8071e-12,0.674,0.5
1776,2475,MTOR,mechanistic target of rapamycin kinase,1,0.343,0.885
1781,2483,FRG1,FSHD region gene 1,6.1368e-07,0.722,0.423
1782,2487,FRZB,frizzled related protein,0.0010842,0.573,0.654
1783,2488,FSHB,follicle stimulating hormone subunit beta,0.34452,0.631,0.577
1787,2492,FSHR,follicle stimulating hormone receptor,1.3689e-11,0.539,0.654
1788,2494,NR5A2,nuclear receptor subfamily 5 group A member 2,0.23807,0.563,0.731
1789,2495,FTH1,ferritin heavy chain 1,0.13999,0.559,0.731
1791,2512,FTL,ferritin light chain,1.6617e-09,0.559,0.692
1793,2516,NR5A1,nuclear receptor subfamily 5 group A member 1,0.9896,0.479,0.731
1794,2517,FUCA1,alpha-L-fucosidase 1,2.6956e-08,0.623,0.577
1797,2521,FUS,FUS RNA binding protein,0.9993,0.47,0.846
1800,2524,FUT2,fucosyltransferase 2,5.3218e-14,0.552,0.731
1802,2526,FUT4,fucosyltransferase 4,7.7294e-06,0.505,0.731
1806,2530,FUT8,fucosyltransferase 8,0.0099264,0.603,0.692
1807,2531,KDSR,3-ketodihydrosphingosine reductase,0.11662,0.674,0.538
1808,2532,ACKR1,atypical chemokine receptor 1 (Duffy blood group),0.00021424,0.608,0.731
1810,2534,FYN,"FYN proto-oncogene, Src family tyrosine kinase",0.99406,0.556,0.731
1811,2535,FZD2,frizzled class receptor 2,0.65266,0.558,0.654
1813,2538,G6PC,glucose-6-phosphatase catalytic subunit,1.8404e-05,0.56,0.692
1814,2539,G6PD,glucose-6-phosphate dehydrogenase,0.97158,0.424,0.846
1815,2542,SLC37A4,solute carrier family 37 member 4,1.6748e-05,0.617,0.654
1816,2543,GAGE1,G antigen 1,0.013113,0.716,0.231
1818,2548,GAA,"glucosidase alpha, acid",2.8174e-18,0.631,0.577
1819,2549,GAB1,GRB2 associated binding protein 1,0.18433,0.584,0.654
1820,2550,GABBR1,gamma-aminobutyric acid type B receptor subunit 1,0.99991,0.587,0.769
1823,2554,GABRA1,gamma-aminobutyric acid type A receptor subunit alpha1,0.91489,0.563,0.577
1825,2556,GABRA3,gamma-aminobutyric acid type A receptor subunit alpha3,0.038786,0.636,0.577
1827,2558,GABRA5,gamma-aminobutyric acid type A receptor subunit alpha5,0.90535,0.621,0.385
1829,2560,GABRB1,gamma-aminobutyric acid type A receptor subunit beta1,0.98116,0.686,0.5
1830,2561,GABRB2,gamma-aminobutyric acid type A receptor subunit beta2,0.84876,0.619,0.5
1831,2562,GABRB3,gamma-aminobutyric acid type A receptor subunit beta3,0.95138,0.546,0.615
1832,2563,GABRD,gamma-aminobutyric acid type A receptor subunit delta,0.99345,0.558,0.692
1834,2565,GABRG1,gamma-aminobutyric acid type A receptor subunit gamma1,9.7634e-05,0.78,0.192
1835,2566,GABRG2,gamma-aminobutyric acid type A receptor subunit gamma2,0.73852,0.548,0.654
1840,2571,GAD1,glutamate decarboxylase 1,0.046164,0.486,0.885
1841,2572,GAD2,glutamate decarboxylase 2,0.75083,0.529,0.731
1847,2580,GAK,cyclin G associated kinase,0.0051818,0.805,0.231
1848,2581,GALC,galactosylceramidase,5.2142e-15,0.604,0.615
1849,2582,GALE,UDP-galactose-4-epimerase,1.4757e-10,0.722,0.385
1850,2583,B4GALNT1,"beta-1,4-N-acetyl-galactosaminyltransferase 1",3.9259e-05,0.644,0.615
1851,2584,GALK1,galactokinase 1,1.042e-05,0.682,0.346
1853,2587,GALR1,galanin receptor 1,0.00053174,0.653,0.5
1854,2588,GALNS,galactosamine (N-acetyl)-6-sulfatase,2.9611e-10,0.56,0.808
1856,2590,GALNT2,polypeptide N-acetylgalactosaminyltransferase 2,0.0084175,0.678,0.538
1857,2591,GALNT3,polypeptide N-acetylgalactosaminyltransferase 3,7.4143e-09,0.603,0.769
1858,2592,GALT,galactose-1-phosphate uridylyltransferase,2.0533e-06,0.612,0.654
1859,2593,GAMT,guanidinoacetate N-methyltransferase,0.0094758,0.691,0.269
1861,2596,GAP43,growth associated protein 43,0.021461,0.564,0.731
1862,2597,GAPDH,glyceraldehyde-3-phosphate dehydrogenase,0.11388,0.447,0.808
1863,2615,LRRC32,leucine rich repeat containing 32,0.001078,0.619,0.577
1864,2617,GARS1,glycyl-tRNA synthetase 1,0.3065,0.623,0.5
1866,2619,GAS1,growth arrest specific 1,0.81915,0.587,0.654
1868,2621,GAS6,growth arrest specific 6,0.034477,0.5,0.769
1869,2622,GAS8,growth arrest specific 8,1.0876e-12,0.636,0.654
1870,2623,GATA1,GATA binding protein 1,0.94798,0.483,0.808
1871,2624,GATA2,GATA binding protein 2,0.97927,0.496,0.654
1872,2625,GATA3,GATA binding protein 3,0.89887,0.415,0.846
1873,2626,GATA4,GATA binding protein 4,0.49308,0.458,0.846
1874,2627,GATA6,GATA binding protein 6,0.99709,0.478,0.808
1875,2628,GATM,glycine amidinotransferase,0.051418,0.666,0.615
1876,2629,GBA,glucosylceramidase beta,1.4355e-06,0.5,0.808
1877,2630,GBAP1,glucosylceramidase beta pseudogene 1,,0.623,0.538
1878,2631,NIPSNAP2,nipsnap homolog 2,1.3407e-08,0.89,0.077
1879,2632,GBE1,"1,4-alpha-glucan branching enzyme 1",1.1497e-12,0.612,0.654
1885,2638,GC,GC vitamin D binding protein,2.7301e-11,0.489,0.885
1886,2639,GCDH,glutaryl-CoA dehydrogenase,0.004856,0.691,0.385
1887,2641,GCG,glucagon,0.034814,0.431,0.885
1888,2642,GCGR,glucagon receptor,2.2154e-06,0.656,0.308
1889,2643,GCH1,GTP cyclohydrolase 1,0.90292,0.511,0.846
1891,2645,GCK,glucokinase,0.63464,0.523,0.808
1892,2646,GCKR,glucokinase regulator,8.5354e-19,0.604,0.615
1897,2651,GCNT2,glucosaminyl (N-acetyl) transferase 2 (I blood group),2.4065e-05,0.65,0.538
1898,2652,OPN1MW,"opsin 1, medium wave sensitive",0.037781,0.572,0.769
1899,2653,GCSH,glycine cleavage system protein H,0.001602,0.76,0.385
1901,2657,GDF1,growth differentiation factor 1,0.41237,0.529,0.692
1902,2658,GDF2,growth differentiation factor 2,0.0024656,0.529,0.731
1905,2662,GDF10,growth differentiation factor 10,0.0053478,0.628,0.654
1906,2664,GDI1,GDP dissociation inhibitor 1,0.99471,0.572,0.654
1909,2668,GDNF,glial cell derived neurotrophic factor,0.2035,0.434,0.885
1911,2670,GFAP,glial fibrillary acidic protein,1.4601e-06,0.421,0.885
1913,2672,GFI1,growth factor independent 1 transcriptional repressor,0.25492,0.546,0.769
1914,2673,GFPT1,glutamine--fructose-6-phosphate transaminase 1,0.89953,0.612,0.654
1915,2674,GFRA1,GDNF family receptor alpha 1,0.1175,0.619,0.615
1916,2675,GFRA2,GDNF family receptor alpha 2,0.097532,0.716,0.423
1917,2676,GFRA3,GDNF family receptor alpha 3,0.027638,0.736,0.346
1918,2677,GGCX,gamma-glutamyl carboxylase,2.0199e-14,0.678,0.538
1919,2678,GGT1,gamma-glutamyltransferase 1,7.5307e-05,0.496,0.885
1924,2688,GH1,growth hormone 1,0.030057,0.373,0.923
1926,2690,GHR,growth hormone receptor,8.4385e-05,0.49,0.846
1927,2691,GHRH,growth hormone releasing hormone,0.14964,0.502,0.769
1928,2692,GHRHR,growth hormone releasing hormone receptor,1.0082e-07,0.568,0.692
1929,2693,GHSR,growth hormone secretagogue receptor,0.0065825,0.528,0.769
1930,2694,CBLIF,cobalamin binding intrinsic factor,0.00024911,0.507,0.808
1931,2695,GIP,gastric inhibitory polypeptide,0.27108,0.57,0.654
1932,2696,GIPR,gastric inhibitory polypeptide receptor,1.9703e-29,0.67,0.538
1933,2697,GJA1,gap junction protein alpha 1,0.15523,0.393,0.885
1934,2700,GJA3,gap junction protein alpha 3,0.0013126,0.647,0.346
1936,2702,GJA5,gap junction protein alpha 5,0.017871,0.575,0.577
1937,2703,GJA8,gap junction protein alpha 8,0.002205,0.587,0.577
1938,2705,GJB1,gap junction protein beta 1,0.84627,0.514,0.731
1939,2706,GJB2,gap junction protein beta 2,6.562e-16,0.441,0.846
1940,2707,GJB3,gap junction protein beta 3,0.0021767,0.621,0.462
1942,2710,GK,glycerol kinase,0.98937,0.656,0.577
1944,2717,GLA,galactosidase alpha,0.99675,0.537,0.769
1945,2719,GPC3,glypican 3,0.9982,0.466,0.808
1946,2720,GLB1,galactosidase beta 1,7.9215e-10,0.448,0.808
1948,2723,GLC1C,"glaucoma 1, open angle, C",,0.861,0.038
1951,2729,GCLC,glutamate-cysteine ligase catalytic subunit,0.42718,0.509,0.885
1953,2731,GLDC,glycine decarboxylase,6.5777e-28,0.628,0.577
1954,2733,GLE1,GLE1 RNA export mediator,2.0536e-10,0.628,0.577
1955,2734,GLG1,golgi glycoprotein 1,1,0.821,0.192
1956,2735,GLI1,GLI family zinc finger 1,7.6639e-14,0.431,0.846
1957,2736,GLI2,GLI family zinc finger 2,0.97303,0.446,0.846
1958,2737,GLI3,GLI family zinc finger 3,0.99999,0.436,0.846
1960,2739,GLO1,glyoxalase I,9.6718e-07,0.537,0.769
1961,2740,GLP1R,glucagon like peptide 1 receptor,0.29347,0.471,0.846
1962,2741,GLRA1,glycine receptor alpha 1,0.00015816,0.628,0.5
1964,2743,GLRB,glycine receptor beta,0.0014157,0.705,0.308
1965,2744,GLS,glutaminase,0.96154,0.489,0.808
1966,2745,GLRX,glutaredoxin,5.6744e-07,0.619,0.577
1967,2746,GLUD1,glutamate dehydrogenase 1,0.0070495,0.584,0.731
1968,2747,GLUD2,glutamate dehydrogenase 2,0.03152,0.678,0.423
1969,2752,GLUL,glutamate-ammonia ligase,0.9957,0.513,0.731
1970,2760,GM2A,GM2 ganglioside activator,0.03103,0.678,0.692
1972,2762,GMDS,"GDP-mannose 4,6-dehydratase",0.99132,0.716,0.385
1974,2765,GML,glycosylphosphatidylinositol anchored molecule like,0.21757,0.705,0.423
1976,2767,GNA11,G protein subunit alpha 11,0.88941,0.563,0.731
1979,2770,GNAI1,G protein subunit alpha i1,0.91125,0.751,0.538
1980,2771,GNAI2,G protein subunit alpha i2,0.89194,0.636,0.577
1981,2773,GNAI3,G protein subunit alpha i3,0.038287,0.653,0.615
1982,2774,GNAL,G protein subunit alpha L,0.99829,0.674,0.308
1983,2775,GNAO1,G protein subunit alpha o1,0.98963,0.523,0.808
1984,2776,GNAQ,G protein subunit alpha q,0.98069,0.516,0.808
1985,2778,GNAS,GNAS complex locus,0.68076,0.42,0.885
1986,2779,GNAT1,G protein subunit alpha transducin 1,9.8532e-13,0.666,0.308
1987,2780,GNAT2,G protein subunit alpha transducin 2,6.9544e-06,0.674,0.231
1989,2782,GNB1,G protein subunit beta 1,0.9992,0.617,0.731
1991,2784,GNB3,G protein subunit beta 3,3.3303e-11,0.518,0.808
1994,2787,GNG5,G protein subunit gamma 5,0.18814,0.89,0.231
1996,2791,GNG11,G protein subunit gamma 11,0.54709,0.76,0.231
2000,2796,GNRH1,gonadotropin releasing hormone 1,0.15146,0.524,0.731
2002,2798,GNRHR,gonadotropin releasing hormone receptor,0.067566,0.54,0.654
2003,2799,GNS,glucosamine (N-acetyl)-6-sulfatase,0.00056441,0.705,0.538
2006,2802,GOLGA3,golgin A3,0.0067951,0.931,0.115
2007,2803,GOLGA4,golgin A4,9.481e-16,0.656,0.692
2009,2805,GOT1,glutamic-oxaloacetic transaminase 1,0.0011573,0.601,0.692
2010,2806,GOT2,glutamic-oxaloacetic transaminase 2,0.014233,0.529,0.731
2011,2810,SFN,stratifin,0.36544,0.561,0.769
2012,2811,GP1BA,glycoprotein Ib platelet subunit alpha,0.0032325,0.565,0.692
2013,2812,GP1BB,glycoprotein Ib platelet subunit beta,0.51249,0.524,0.769
2016,2815,GP9,glycoprotein IX platelet,0.47575,0.695,0.5
2017,2817,GPC1,glypican 1,0.015547,0.587,0.731
2018,2819,GPD1,glycerol-3-phosphate dehydrogenase 1,0.0055506,0.67,0.5
2019,2820,GPD2,glycerol-3-phosphate dehydrogenase 2,8.1316e-11,0.678,0.538
2020,2821,GPI,glucose-6-phosphate isomerase,2.8385e-06,0.491,0.769
2025,2826,CCR10,C-C motif chemokine receptor 10,0.00050508,0.626,0.654
2032,2833,CXCR3,C-X-C motif chemokine receptor 3,0.181,0.436,0.808
2035,2837,UTS2R,urotensin 2 receptor,2.3172e-05,0.566,0.692
2039,2842,GPR19,G protein-coupled receptor 19,0.10405,0.792,0.269
2043,2846,LPAR4,lysophosphatidic acid receptor 4,0.0022346,0.769,0.346
2048,2852,GPER1,G protein-coupled estrogen receptor 1,0.57434,0.505,0.731
2051,2857,GPR34,G protein-coupled receptor 34,0.26387,0.743,0.346
2052,2859,GPR35,G protein-coupled receptor 35,0.0049273,0.587,0.654
2055,2863,GPR39,G protein-coupled receptor 39,2.8069e-09,0.65,0.615
2061,2869,GRK5,G protein-coupled receptor kinase 5,0.67567,0.587,0.769
2062,2870,GRK6,G protein-coupled receptor kinase 6,0.00048726,0.67,0.654
2067,2876,GPX1,glutathione peroxidase 1,3.8518e-05,0.457,0.923
2070,2879,GPX4,glutathione peroxidase 4,4.7865e-05,0.516,0.808
2075,2887,GRB10,growth factor receptor bound protein 10,0.93945,0.628,0.615
2076,2888,GRB14,growth factor receptor bound protein 14,0.053089,0.743,0.346
2077,2889,RAPGEF1,Rap guanine nucleotide exchange factor 1,0.99995,0.751,0.308
2078,2890,GRIA1,glutamate ionotropic receptor AMPA type subunit 1,0.99869,0.57,0.577
2079,2891,GRIA2,glutamate ionotropic receptor AMPA type subunit 2,0.99916,0.573,0.692
2080,2892,GRIA3,glutamate ionotropic receptor AMPA type subunit 3,0.99976,0.566,0.692
2081,2893,GRIA4,glutamate ionotropic receptor AMPA type subunit 4,0.01831,0.631,0.615
2082,2894,GRID1,glutamate ionotropic receptor delta type subunit 1,0.99931,0.743,0.385
2083,2895,GRID2,glutamate ionotropic receptor delta type subunit 2,1,0.67,0.5
2084,2896,GRN,granulin precursor,0.069666,0.435,0.846
2085,2897,GRIK1,glutamate ionotropic receptor kainate type subunit 1,1.1948e-09,0.641,0.462
2086,2898,GRIK2,glutamate ionotropic receptor kainate type subunit 2,0.99841,0.561,0.769
2087,2899,GRIK3,glutamate ionotropic receptor kainate type subunit 3,0.99998,0.674,0.538
2088,2900,GRIK4,glutamate ionotropic receptor kainate type subunit 4,0.11126,0.678,0.423
2090,2902,GRIN1,glutamate ionotropic receptor NMDA type subunit 1,0.97629,0.561,0.692
2091,2903,GRIN2A,glutamate ionotropic receptor NMDA type subunit 2A,0.99998,0.522,0.808
2092,2904,GRIN2B,glutamate ionotropic receptor NMDA type subunit 2B,1,0.509,0.692
2094,2906,GRIN2D,glutamate ionotropic receptor NMDA type subunit 2D,0.99996,0.65,0.538
2096,2908,NR3C1,nuclear receptor subfamily 3 group C member 1,0.96958,0.393,0.885
2098,2911,GRM1,glutamate metabotropic receptor 1,0.14279,0.528,0.808
2099,2912,GRM2,glutamate metabotropic receptor 2,0.12019,0.582,0.577
2100,2913,GRM3,glutamate metabotropic receptor 3,0.78458,0.606,0.538
2102,2915,GRM5,glutamate metabotropic receptor 5,0.99872,0.525,0.846
2103,2916,GRM6,glutamate metabotropic receptor 6,4.4632e-17,0.7,0.308
2104,2917,GRM7,glutamate metabotropic receptor 7,0.99896,0.628,0.538
2105,2918,GRM8,glutamate metabotropic receptor 8,4.5334e-07,0.636,0.577
2106,2919,CXCL1,C-X-C motif chemokine ligand 1,0.11845,0.449,0.923
2107,2920,CXCL2,C-X-C motif chemokine ligand 2,3.6079e-07,0.513,0.885
2109,2922,GRP,gastrin releasing peptide,0.0025347,0.524,0.769
2115,2932,GSK3B,glycogen synthase kinase 3 beta,0.95571,0.43,0.846
2117,2934,GSN,gelsolin,3.8905e-11,0.475,0.885
2119,2936,GSR,glutathione-disulfide reductase,1.2922e-06,0.494,0.846
2120,2937,GSS,glutathione synthetase,1.7584e-06,0.626,0.731
2121,2938,GSTA1,glutathione S-transferase alpha 1,1.7305e-06,0.561,0.731
2124,2941,GSTA4,glutathione S-transferase alpha 4,0.010958,0.678,0.462
2126,2944,GSTM1,glutathione S-transferase mu 1,0.0020641,0.38,0.923
2127,2946,GSTM2,glutathione S-transferase mu 2,3.3913e-07,0.488,0.808
2128,2947,GSTM3,glutathione S-transferase mu 3,4.3638e-07,0.552,0.808
2130,2949,GSTM5,glutathione S-transferase mu 5,1.1942e-07,0.78,0.231
2131,2950,GSTP1,glutathione S-transferase pi 1,0.014155,0.383,0.923
2132,2952,GSTT1,glutathione S-transferase theta 1,0.00014834,0.393,0.923
2135,2956,MSH6,mutS homolog 6,3.6705e-05,0.462,0.731
2136,2957,GTF2A1,general transcription factor IIA subunit 1,0.99038,0.805,0.192
2139,2961,GTF2E2,general transcription factor IIE subunit 2,0.039299,0.617,0.692
2142,2965,GTF2H1,general transcription factor IIH subunit 1,0.98982,0.469,0.846
2146,2969,GTF2I,general transcription factor IIi,0.99592,0.5,0.808
2149,2972,BRF1,BRF1 RNA polymerase III transcription initiation factor subunit,0.00010409,0.7,0.462
2150,2973,GTS,Gilles de la Tourette syndrome,,0.682,0.615
2153,2976,GTF3C2,general transcription factor IIIC subunit 2,0.9944,0.931,0.115
2155,2978,GUCA1A,guanylate cyclase activator 1A,0.00041429,0.647,0.5
2156,2979,GUCA1B,guanylate cyclase activator 1B,0.00021337,0.682,0.423
2159,2982,GUCY1A1,guanylate cyclase 1 soluble subunit alpha 1,3.1253e-08,0.686,0.577
2161,2984,GUCY2C,guanylate cyclase 2C,1.3919e-30,0.599,0.577
2163,2987,GUK1,guanylate kinase 1,2.3324e-05,0.769,0.346
2165,2990,GUSB,glucuronidase beta,4.0382e-08,0.53,0.846
2166,2992,GYG1,glycogenin 1,4.8291e-12,0.722,0.308
2169,2995,GYPC,glycophorin C (Gerbich blood group),0.11297,0.641,0.654
2171,2997,GYS1,glycogen synthase 1,0.0002914,0.722,0.385
2172,2998,GYS2,glycogen synthase 2,9.7872e-22,0.686,0.462
2174,3000,GUCY2D,"guanylate cyclase 2D, retinal",6.4574e-10,0.57,0.769
2176,3002,GZMB,granzyme B,3.6674e-14,0.453,0.808
2180,3006,H1-2,"H1.2 linker histone, cluster member",0.0275,0.722,0.423
2187,3014,H2AX,H2A.X variant histone,0.17652,0.484,0.808
2191,3020,H3-3A,H3.3 histone A,0.1231,0.559,0.692
2194,3026,HABP2,hyaluronan binding protein 2,1.9637e-15,0.593,0.615
2195,3028,HSD17B10,hydroxysteroid 17-beta dehydrogenase 10,0.93604,0.656,0.538
2197,3030,HADHA,hydroxyacyl-CoA dehydrogenase trifunctional multienzyme complex subunit alpha,4.4354e-06,0.569,0.769
2198,3032,HADHB,hydroxyacyl-CoA dehydrogenase trifunctional multienzyme complex subunit beta,1.5183e-11,0.619,0.692
2199,3033,HADH,hydroxyacyl-CoA dehydrogenase,6.5638e-05,0.65,0.538
2201,3035,HARS1,histidyl-tRNA synthetase 1,2.3839e-06,0.569,0.808
2205,3039,HBA1,hemoglobin subunit alpha 1,0.0067313,0.508,0.808
2206,3040,HBA2,hemoglobin subunit alpha 2,0.003063,0.512,0.808
2208,3042,HBM,hemoglobin subunit mu,0.012271,0.805,0.269
2209,3043,HBB,hemoglobin subunit beta,1.2274e-09,0.494,0.808
2212,3046,HBE1,hemoglobin subunit epsilon 1,0.019963,0.686,0.269
2213,3047,HBG1,hemoglobin subunit gamma 1,0.56611,0.615,0.538
2214,3048,HBG2,hemoglobin subunit gamma 2,0.66982,0.565,0.692
2216,3050,HBZ,hemoglobin subunit zeta,0.020559,0.686,0.346
2218,3052,HCCS,holocytochrome c synthase,0.88624,0.559,0.731
2220,3054,HCFC1,host cell factor C1,1,0.601,0.692
2221,3055,HCK,"HCK proto-oncogene, Src family tyrosine kinase",0.01976,0.663,0.5
2224,3060,HCRT,hypocretin neuropeptide precursor,0.028774,0.5,0.808
2225,3061,HCRTR1,hypocretin receptor 1,0.00017378,0.623,0.654
2226,3062,HCRTR2,hypocretin receptor 2,0.005035,0.7,0.577
2227,3064,HTT,huntingtin,1,0.548,0.654
2228,3065,HDAC1,histone deacetylase 1,0.61427,0.46,0.846
2229,3066,HDAC2,histone deacetylase 2,0.99997,0.476,0.846
2231,3068,HDGF,heparin binding growth factor,0.27272,0.575,0.654
2233,3070,HELLS,"helicase, lymphoid specific",0.99979,0.603,0.731
2235,3073,HEXA,hexosaminidase subunit alpha,1.3405e-11,0.633,0.615
2236,3074,HEXB,hexosaminidase subunit beta,3.4915e-10,0.644,0.654
2237,3075,CFH,complement factor H,0.86061,0.441,0.885
2238,3077,HFE,homeostatic iron regulator,2.5587e-08,0.436,0.846
2239,3078,CFHR1,complement factor H related 1,2.6297e-08,0.588,0.615
2241,3081,HGD,"homogentisate 1,2-dioxygenase",2.9631e-08,0.631,0.577
2242,3082,HGF,hepatocyte growth factor,0.99947,0.374,0.885
2243,3083,HGFAC,HGF activator,1.9843e-08,0.628,0.462
2244,3084,NRG1,neuregulin 1,0.99665,0.463,0.885
2245,3087,HHEX,hematopoietically expressed homeobox,0.54289,0.599,0.692
2247,3091,HIF1A,hypoxia inducible factor 1 subunit alpha,0.9777,0.327,0.923
2248,3092,HIP1,huntingtin interacting protein 1,0.76173,0.653,0.577
2250,3094,HINT1,histidine triad nucleotide binding protein 1,0.0018235,0.619,0.577
2251,3096,HIVEP1,HIVEP zinc finger 1,1,0.711,0.5
2252,3097,HIVEP2,HIVEP zinc finger 2,1,0.711,0.5
2253,3098,HK1,hexokinase 1,0.91459,0.542,0.731
2257,3105,HLA-A,"major histocompatibility complex, class I, A",0.0013299,0.37,0.846
2258,3106,HLA-B,"major histocompatibility complex, class I, B",3.8642e-05,0.379,0.885
2259,3107,HLA-C,"major histocompatibility complex, class I, C",1.5695e-06,0.415,0.846
2260,3108,HLA-DMA,"major histocompatibility complex, class II, DM alpha",0.002381,0.608,0.654
2261,3109,HLA-DMB,"major histocompatibility complex, class II, DM beta",0.0024627,0.638,0.615
2262,3110,MNX1,motor neuron and pancreas homeobox 1,0.78819,0.555,0.615
2263,3111,HLA-DOA,"major histocompatibility complex, class II, DO alpha",2.9776e-10,0.509,0.808
2264,3112,HLA-DOB,"major histocompatibility complex, class II, DO beta",1.9197e-06,0.705,0.5
2265,3113,HLA-DPA1,"major histocompatibility complex, class II, DP alpha 1",2.5e-06,0.552,0.846
2266,3115,HLA-DPB1,"major histocompatibility complex, class II, DP beta 1",5.3254e-10,0.453,0.923
2268,3117,HLA-DQA1,"major histocompatibility complex, class II, DQ alpha 1",0.023947,0.416,0.846
2269,3118,HLA-DQA2,"major histocompatibility complex, class II, DQ alpha 2",1.0089e-05,0.617,0.769
2270,3119,HLA-DQB1,"major histocompatibility complex, class II, DQ beta 1",0.0089259,0.407,0.885
2271,3120,HLA-DQB2,"major histocompatibility complex, class II, DQ beta 2",0.042679,0.573,0.731
2273,3122,HLA-DRA,"major histocompatibility complex, class II, DR alpha",0.51949,0.581,0.769
2274,3123,HLA-DRB1,"major histocompatibility complex, class II, DR beta 1",0.0010997,0.333,0.923
2275,3124,HLA-DRB2,"major histocompatibility complex, class II, DR beta 2 (pseudogene)",,0.861,0.269
2277,3126,HLA-DRB4,"major histocompatibility complex, class II, DR beta 4",,0.564,0.846
2280,3131,HLF,"HLF transcription factor, PAR bZIP family member",0.95215,0.628,0.615
2281,3132,HLA-DRB9,"major histocompatibility complex, class II, DR beta 9 (pseudogene)",,0.682,0.654
2282,3133,HLA-E,"major histocompatibility complex, class I, E",0.036773,0.545,0.769
2284,3135,HLA-G,"major histocompatibility complex, class I, G",1.365e-11,0.461,0.769
2290,3141,HLCS,holocarboxylase synthetase,1.9208e-08,0.65,0.654
2292,3145,HMBS,hydroxymethylbilane synthase,0.94884,0.559,0.731
2293,3146,HMGB1,high mobility group box 1,0.82035,0.368,0.923
2295,3149,HMGB3,high mobility group box 3,0.79758,0.604,0.615
2298,3155,HMGCL,3-hydroxy-3-methylglutaryl-CoA lyase,2.5638e-06,0.691,0.462
2299,3156,HMGCR,3-hydroxy-3-methylglutaryl-CoA reductase,0.99861,0.529,0.692
2301,3158,HMGCS2,3-hydroxy-3-methylglutaryl-CoA synthase 2,4.3354e-14,0.666,0.577
2302,3159,HMGA1,high mobility group AT-hook 1,0.83209,0.494,0.769
2303,3161,HMMR,hyaluronan mediated motility receptor,5.5222e-21,0.544,0.615
2304,3162,HMOX1,heme oxygenase 1,0.0096817,0.381,0.923
2306,3164,NR4A1,nuclear receptor subfamily 4 group A member 1,0.37074,0.49,0.731
2307,3166,HMX1,H6 family homeobox 1,0.72623,0.729,0.346
2309,3169,FOXA1,forkhead box A1,0.22227,0.522,0.731
2310,3170,FOXA2,forkhead box A2,0.74225,0.528,0.769
2312,3172,HNF4A,hepatocyte nuclear factor 4 alpha,0.15285,0.461,0.808
2315,3176,HNMT,histamine N-methyltransferase,0.019734,0.579,0.808
2317,3178,HNRNPA1,heterogeneous nuclear ribonucleoprotein A1,0.99911,0.529,0.885
2318,3181,HNRNPA2B1,heterogeneous nuclear ribonucleoprotein A2/B1,0.99732,0.566,0.808
2325,3188,HNRNPH2,heterogeneous nuclear ribonucleoprotein H2,0.95448,0.691,0.462
2327,3190,HNRNPK,heterogeneous nuclear ribonucleoprotein K,0.99998,0.539,0.846
2328,3191,HNRNPL,heterogeneous nuclear ribonucleoprotein L,0.99685,0.663,0.5
2329,3192,HNRNPU,heterogeneous nuclear ribonucleoprotein U,1,0.575,0.654
2330,3195,TLX1,T cell leukemia homeobox 1,0.74161,0.644,0.308
2331,3196,TLX2,T cell leukemia homeobox 2,0.2548,0.659,0.538
2333,3198,HOXA1,homeobox A1,0.28514,0.575,0.769
2334,3199,HOXA2,homeobox A2,0.19917,0.7,0.385
2337,3202,HOXA5,homeobox A5,0.0029693,0.595,0.577
2340,3205,HOXA9,homeobox A9,4.3591e-05,0.521,0.692
2341,3206,HOXA10,homeobox A10,0.88453,0.538,0.692
2342,3207,HOXA11,homeobox A11,0.94342,0.568,0.692
2343,3208,HPCA,hippocalcin,0.6783,0.76,0.385
2344,3209,HOXA13,homeobox A13,0.9551,0.552,0.654
2346,3211,HOXB1,homeobox B1,0.081766,0.633,0.538
2354,3219,HOXB9,homeobox B9,0.31202,0.572,0.654
2356,3221,HOXC4,homeobox C4,0.16846,0.76,0.192
2364,3229,HOXC13,homeobox C13,0.42048,0.695,0.346
2366,3231,HOXD1,homeobox D1,0.0031828,0.78,0.231
2367,3232,HOXD3,homeobox D3,0.44051,0.67,0.462
2374,3239,HOXD13,homeobox D13,0.0086055,0.483,0.808
2375,3240,HP,haptoglobin,1.736e-05,0.412,0.885
2376,3241,HPCAL1,hippocalcin like 1,0.89103,0.743,0.308
2377,3242,HPD,4-hydroxyphenylpyruvate dioxygenase,0.00052764,0.573,0.769
2380,3248,HPGD,15-hydroxyprostaglandin dehydrogenase,1.4357e-05,0.516,0.731
2381,3249,HPN,hepsin,0.99911,0.641,0.577
2382,3250,HPR,haptoglobin-related protein,5.4618e-10,0.578,0.615
2383,3251,HPRT1,hypoxanthine phosphoribosyltransferase 1,0.93728,0.5,0.808
2384,3257,HPS1,HPS1 biogenesis of lysosomal organelles complex 3 subunit 1,1.3245e-07,0.636,0.692
2389,3263,HPX,hemopexin,1.3005e-11,0.599,0.731
2390,3265,HRAS,"HRas proto-oncogene, GTPase",0.079774,0.378,0.885
2394,3269,HRH1,histamine receptor H1,1.858e-06,0.647,0.654
2397,3273,HRG,histidine rich glycoprotein,5.8888e-14,0.603,0.577
2398,3274,HRH2,histamine receptor H2,0.1217,0.647,0.462
2401,3280,HES1,hes family bHLH transcription factor 1,0.7072,0.468,0.885
2404,3284,HSD3B2,"hydroxy-delta-5-steroid dehydrogenase, 3 beta- and steroid delta-isomerase 2",7.176e-08,0.582,0.5
2405,3290,HSD11B1,hydroxysteroid 11-beta dehydrogenase 1,0.41696,0.52,0.731
2406,3291,HSD11B2,hydroxysteroid 11-beta dehydrogenase 2,0.11777,0.532,0.808
2407,3292,HSD17B1,hydroxysteroid 17-beta dehydrogenase 1,0.00013421,0.61,0.615
2408,3293,HSD17B3,hydroxysteroid 17-beta dehydrogenase 3,8.4911e-07,0.641,0.346
2410,3295,HSD17B4,hydroxysteroid 17-beta dehydrogenase 4,2.4175e-10,0.546,0.654
2413,3299,HSF4,heat shock transcription factor 4,1.0632e-09,0.663,0.423
2414,3300,DNAJB2,DnaJ heat shock protein family (Hsp40) member B2,5.444e-05,0.743,0.192
2416,3303,HSPA1A,heat shock protein family A (Hsp70) member 1A,0.030228,0.486,0.769
2417,3304,HSPA1B,heat shock protein family A (Hsp70) member 1B,0.0053464,0.474,0.808
2420,3308,HSPA4,heat shock protein family A (Hsp70) member 4,0.99954,0.394,0.923
2421,3309,HSPA5,heat shock protein family A (Hsp70) member 5,0.77341,0.434,0.885
2422,3310,HSPA6,heat shock protein family A (Hsp70) member 6,6.8282e-06,0.743,0.423
2424,3312,HSPA8,heat shock protein family A (Hsp70) member 8,0.99863,0.553,0.808
2425,3313,HSPA9,heat shock protein family A (Hsp70) member 9,0.96852,0.502,0.885
2426,3315,HSPB1,heat shock protein family B (small) member 1,2.7797e-07,0.436,0.808
2428,3320,HSP90AA1,heat shock protein 90 alpha family class A member 1,0.86025,0.411,0.923
2431,3326,HSP90AB1,heat shock protein 90 alpha family class B member 1,0.99923,0.608,0.654
2432,3329,HSPD1,heat shock protein family D (Hsp60) member 1,0.99257,0.432,0.808
2436,3339,HSPG2,heparan sulfate proteoglycan 2,1.0376e-19,0.438,0.885
2437,3340,NDST1,N-deacetylase and N-sulfotransferase 1,0.99995,0.608,0.692
2443,3350,HTR1A,5-hydroxytryptamine receptor 1A,0.19956,0.522,0.846
2444,3351,HTR1B,5-hydroxytryptamine receptor 1B,0.18947,0.551,0.769
2448,3356,HTR2A,5-hydroxytryptamine receptor 2A,0.51124,0.472,0.846
2449,3357,HTR2B,5-hydroxytryptamine receptor 2B,2.6913e-10,0.647,0.538
2450,3358,HTR2C,5-hydroxytryptamine receptor 2C,0.037023,0.555,0.692
2451,3359,HTR3A,5-hydroxytryptamine receptor 3A,1.7499e-10,0.608,0.538
2452,3360,HTR4,5-hydroxytryptamine receptor 4,0.024701,0.61,0.615
2453,3361,HTR5A,5-hydroxytryptamine receptor 5A,0.0062906,0.716,0.231
2454,3362,HTR6,5-hydroxytryptamine receptor 6,0.00018524,0.626,0.5
2455,3363,HTR7,5-hydroxytryptamine receptor 7,0.045409,0.592,0.5
2457,3371,TNC,tenascin C,1.2592e-07,0.433,0.846
2458,3373,HYAL1,hyaluronidase 1,0.00019112,0.633,0.577
2459,3375,IAPP,islet amyloid polypeptide,0.0031814,0.507,0.808
2460,3376,IARS1,isoleucyl-tRNA synthetase 1,1.7339e-21,0.606,0.692
2462,3381,IBSP,integrin binding sialoprotein,1.3519e-11,0.653,0.538
2464,3383,ICAM1,intercellular adhesion molecule 1,0.035295,0.364,0.962
2465,3384,ICAM2,intercellular adhesion molecule 2,0.00075003,0.659,0.462
2466,3385,ICAM3,intercellular adhesion molecule 3,2.7302e-25,0.619,0.654
2468,3394,IRF8,interferon regulatory factor 8,0.94807,0.539,0.808
2471,3398,ID2,inhibitor of DNA binding 2,0.66939,0.572,0.731
2472,3399,ID3,"inhibitor of DNA binding 3, HLH protein",0.72177,0.615,0.692
2473,3400,ID4,"inhibitor of DNA binding 4, HLH protein",0.031243,0.59,0.615
2482,3416,IDE,insulin degrading enzyme,0.0066309,0.604,0.577
2483,3417,IDH1,isocitrate dehydrogenase (NADP(+)) 1,2.6244e-12,0.424,0.808
2484,3418,IDH2,isocitrate dehydrogenase (NADP(+)) 2,0.88271,0.434,0.808
2485,3419,IDH3A,isocitrate dehydrogenase (NAD(+)) 3 catalytic subunit alpha,0.15704,0.705,0.385
2486,3420,IDH3B,isocitrate dehydrogenase (NAD(+)) 3 non-catalytic subunit beta,2.9929e-11,0.7,0.462
2488,3423,IDS,iduronate 2-sulfatase,0.94725,0.559,0.769
2490,3425,IDUA,alpha-L-iduronidase,3.7599e-13,0.499,0.846
2491,3426,CFI,complement factor I,3.5432e-08,0.569,0.731
2492,3428,IFI16,interferon gamma inducible protein 16,1.7803e-11,0.603,0.769
2493,3429,IFI27,interferon alpha inducible protein 27,0.010698,0.437,0.769
2495,3431,SP110,SP110 nuclear body protein,1.4595e-14,0.656,0.5
2499,3438,IFN1@,"interferon, type 1, cluster",,0.565,0.731
2500,3439,IFNA1,interferon alpha 1,,0.371,0.923
2501,3440,IFNA2,interferon alpha 2,,0.442,0.885
2503,3442,IFNA5,interferon alpha 5,,0.792,0.269
2515,3456,IFNB1,interferon beta 1,,0.421,0.846
2516,3458,IFNG,interferon gamma,0.47156,0.288,0.962
2517,3459,IFNGR1,interferon gamma receptor 1,0.015503,0.529,0.692
2518,3460,IFNGR2,interferon gamma receptor 2,0.95281,0.597,0.577
2522,3476,IGBP1,immunoglobulin binding protein 1,0.98274,0.641,0.692
2524,3479,IGF1,insulin like growth factor 1,0.2716,0.318,0.885
2525,3480,IGF1R,insulin like growth factor 1 receptor,0.96799,0.399,0.885
2526,3481,IGF2,insulin like growth factor 2,0.044127,0.39,0.885
2527,3482,IGF2R,insulin like growth factor 2 receptor,1,0.518,0.731
2528,3483,IGFALS,insulin like growth factor binding protein acid labile subunit,5.4379e-11,0.511,0.846
2529,3484,IGFBP1,insulin like growth factor binding protein 1,0.00094677,0.502,0.808
2530,3485,IGFBP2,insulin like growth factor binding protein 2,0.11898,0.478,0.769
2531,3486,IGFBP3,insulin like growth factor binding protein 3,0.91029,0.439,0.808
2533,3488,IGFBP5,insulin like growth factor binding protein 5,0.96283,0.544,0.692
2535,3490,IGFBP7,insulin like growth factor binding protein 7,0.0012873,0.475,0.808
2536,3491,CCN1,cellular communication network factor 1,0.71388,0.473,0.731
2537,3492,IGH,immunoglobulin heavy locus,,0.473,0.654
2545,3501,IGHG2,immunoglobulin heavy constant gamma 2 (G2m marker),,0.76,0.192
2550,3508,IGHMBP2,immunoglobulin mu DNA binding protein 2,3.0212e-16,0.636,0.615
2553,3516,RBPJ,recombination signal binding protein for immunoglobulin kappa J region,0.99853,0.518,0.808
2562,3543,IGLL1,immunoglobulin lambda like polypeptide 1,0.013899,0.678,0.538
2567,3549,IHH,Indian hedgehog signaling molecule,0.31397,0.573,0.538
2568,3550,IK,IK cytokine,2.4864e-06,0.729,0.5
2569,3551,IKBKB,inhibitor of nuclear factor kappa B kinase subunit beta,0.99192,0.506,0.846
2570,3552,IL1A,interleukin 1 alpha,0.0001602,0.333,0.962
2571,3553,IL1B,interleukin 1 beta,0.13005,0.276,0.962
2572,3554,IL1R1,interleukin 1 receptor type 1,0.15126,0.509,0.769
2573,3556,IL1RAP,interleukin 1 receptor accessory protein,0.25846,0.647,0.654
2574,3557,IL1RN,interleukin 1 receptor antagonist,0.030914,0.373,0.923
2575,3558,IL2,interleukin 2,0.47968,0.336,0.885
2576,3559,IL2RA,interleukin 2 receptor subunit alpha,0.054709,0.389,0.885
2577,3560,IL2RB,interleukin 2 receptor subunit beta,0.29095,0.491,0.846
2578,3561,IL2RG,interleukin 2 receptor subunit gamma,0.99152,0.535,0.769
2581,3565,IL4,interleukin 4,0.0047372,0.332,0.962
2582,3566,IL4R,interleukin 4 receptor,0.00023013,0.474,0.846
2583,3567,IL5,interleukin 5,0.0056529,0.437,0.846
2584,3568,IL5RA,interleukin 5 receptor subunit alpha,2.6791e-08,0.647,0.654
2585,3569,IL6,interleukin 6,0.31536,0.248,0.962
2586,3570,IL6R,interleukin 6 receptor,3.1681e-05,0.471,0.846
2587,3572,IL6ST,interleukin 6 signal transducer,0.99978,0.475,0.808
2588,3574,IL7,interleukin 7,0.92574,0.464,0.808
2589,3575,IL7R,interleukin 7 receptor,3.763e-07,0.487,0.769
2590,3576,CXCL8,C-X-C motif chemokine ligand 8,0.00027377,0.31,0.962
2593,3579,CXCR2,C-X-C motif chemokine receptor 2,0.013736,0.445,0.923
2595,3586,IL10,interleukin 10,0.0058874,0.281,0.923
2598,3589,IL11,interleukin 11,0.00031772,0.481,0.808
2599,3590,IL11RA,interleukin 11 receptor subunit alpha,6.2882e-21,0.663,0.654
2600,3592,IL12A,interleukin 12A,0.04746,0.491,0.808
2601,3593,IL12B,interleukin 12B,0.00011439,0.48,0.885
2602,3594,IL12RB1,interleukin 12 receptor subunit beta 1,9.3569e-15,0.555,0.731
2603,3595,IL12RB2,interleukin 12 receptor subunit beta 2,1.6212e-09,0.608,0.692
2604,3596,IL13,interleukin 13,0.014426,0.386,0.846
2607,3600,IL15,interleukin 15,0.70859,0.422,0.846
2608,3601,IL15RA,interleukin 15 receptor subunit alpha,2.332e-06,0.603,0.769
2609,3603,IL16,interleukin 16,1.2449e-10,0.501,0.846
2611,3605,IL17A,interleukin 17A,0.043049,0.324,0.923
2612,3606,IL18,interleukin 18,0.030717,0.365,0.923
2613,3607,FOXK2,forkhead box K2,0.025464,0.722,0.385
2615,3609,ILF3,interleukin enhancer binding factor 3,1,0.621,0.654
2616,3611,ILK,integrin linked kinase,3.7887e-05,0.503,0.769
2617,3612,IMPA1,inositol monophosphatase 1,0.00047793,0.623,0.731
2618,3613,IMPA2,inositol monophosphatase 2,0.0010588,0.695,0.385
2619,3614,IMPDH1,inosine monophosphate dehydrogenase 1,5.7762e-06,0.623,0.462
2623,3620,IDO1,"indoleamine 2,3-dioxygenase 1",3.3013e-06,0.454,0.885
2626,3623,INHA,inhibin subunit alpha,0.0064728,0.578,0.615
2627,3624,INHBA,inhibin subunit beta A,0.97979,0.601,0.615
2630,3627,CXCL10,C-X-C motif chemokine ligand 10,0.36865,0.378,0.885
2631,3628,INPP1,inositol polyphosphate-1-phosphatase,7.898e-07,0.821,0.192
2632,3630,INS,insulin,0.30091,0.445,0.923
2633,3631,INPP4A,inositol polyphosphate-4-phosphatase type I A,0.99952,0.736,0.538
2634,3632,INPP5A,inositol polyphosphate-5-phosphatase A,0.98121,0.743,0.385
2635,3633,INPP5B,inositol polyphosphate-5-phosphatase B,5.0487e-16,0.729,0.385
2636,3635,INPP5D,inositol polyphosphate-5-phosphatase D,0.97198,0.558,0.731
2637,3636,INPPL1,inositol polyphosphate phosphatase like 1,0.0023313,0.59,0.769
2638,3638,INSIG1,insulin induced gene 1,0.0012827,0.695,0.5
2639,3640,INSL3,insulin like 3,0.015764,0.604,0.538
2642,3643,INSR,insulin receptor,3.6145e-05,0.432,0.846
2644,3646,EIF3E,eukaryotic translation initiation factor 3 subunit E,0.05196,0.633,0.423
2645,3651,PDX1,pancreatic and duodenal homeobox 1,0.017775,0.53,0.654
2647,3653,IPW,imprinted in Prader-Willi syndrome,,0.682,0.423
2648,3654,IRAK1,interleukin 1 receptor associated kinase 1,0.98774,0.506,0.808
2649,3655,ITGA6,integrin subunit alpha 6,1.9014e-07,0.539,0.769
2651,3658,IREB2,iron responsive element binding protein 2,0.99991,0.619,0.577
2652,3659,IRF1,interferon regulatory factor 1,0.9909,0.468,0.769
2653,3660,IRF2,interferon regulatory factor 2,0.79793,0.575,0.769
2654,3661,IRF3,interferon regulatory factor 3,0.00011576,0.517,0.808
2655,3662,IRF4,interferon regulatory factor 4,0.85677,0.491,0.769
2656,3663,IRF5,interferon regulatory factor 5,0.0090365,0.489,0.731
2657,3664,IRF6,interferon regulatory factor 6,0.99961,0.486,0.769
2659,3667,IRS1,insulin receptor substrate 1,0.023645,0.488,0.769
2660,3669,ISG20,interferon stimulated exonuclease gene 20,0.002899,0.414,0.846
2663,3672,ITGA1,integrin subunit alpha 1,2.6124e-16,0.644,0.654
2664,3673,ITGA2,integrin subunit alpha 2,6.2805e-11,0.522,0.731
2665,3674,ITGA2B,integrin subunit alpha 2b,1.5205e-16,0.493,0.692
2666,3675,ITGA3,integrin subunit alpha 3,3.5545e-07,0.573,0.731
2667,3676,ITGA4,integrin subunit alpha 4,0.00010067,0.558,0.769
2668,3678,ITGA5,integrin subunit alpha 5,0.42455,0.524,0.769
2669,3679,ITGA7,integrin subunit alpha 7,4.2657e-17,0.588,0.654
2670,3680,ITGA9,integrin subunit alpha 9,0.0081584,0.621,0.692
2673,3683,ITGAL,integrin subunit alpha L,0.0043213,0.511,0.885
2674,3684,ITGAM,integrin subunit alpha M,3.3148e-11,0.443,0.808
2675,3685,ITGAV,integrin subunit alpha V,0.00022844,0.526,0.769
2677,3688,ITGB1,integrin subunit beta 1,0.98208,0.496,0.808
2678,3689,ITGB2,integrin subunit beta 2,5.0817e-15,0.444,0.923
2679,3690,ITGB3,integrin subunit beta 3,0.0017189,0.485,0.846
2680,3691,ITGB4,integrin subunit beta 4,9.5287e-19,0.525,0.731
2683,3694,ITGB6,integrin subunit beta 6,1.6277e-22,0.597,0.692
2685,3696,ITGB8,integrin subunit beta 8,0.99767,0.65,0.462
2686,3697,ITIH1,inter-alpha-trypsin inhibitor heavy chain 1,2.0755e-31,0.691,0.462
2687,3698,ITIH2,inter-alpha-trypsin inhibitor heavy chain 2,3.8025e-23,0.839,0.308
2691,3703,STT3A,STT3 oligosaccharyltransferase complex catalytic subunit A,0.002045,0.67,0.577
2693,3705,ITPK1,inositol-tetrakisphosphate 1-kinase,0.99389,0.76,0.346
2696,3708,ITPR1,"inositol 1,4,5-trisphosphate receptor type 1",1,0.534,0.846
2697,3709,ITPR2,"inositol 1,4,5-trisphosphate receptor type 2",5.7127e-29,0.631,0.654
2698,3710,ITPR3,"inositol 1,4,5-trisphosphate receptor type 3",2.5541e-22,0.555,0.808
2699,3712,IVD,isovaleryl-CoA dehydrogenase,1.5329e-14,0.705,0.462
2701,3714,JAG2,jagged canonical Notch ligand 2,1,0.576,0.846
2702,3716,JAK1,Janus kinase 1,0.99998,0.474,0.769
2703,3717,JAK2,Janus kinase 2,0.65372,0.385,0.885
2704,3718,JAK3,Janus kinase 3,5.9311e-06,0.505,0.731
2707,3725,JUN,"Jun proto-oncogene, AP-1 transcription factor subunit",0.05962,0.442,0.885
2708,3726,JUNB,"JunB proto-oncogene, AP-1 transcription factor subunit",0.86299,0.467,0.769
2709,3727,JUND,"JunD proto-oncogene, AP-1 transcription factor subunit",0.70054,0.475,0.808
2710,3728,JUP,junction plakoglobin,0.00080103,0.628,0.5
2711,3730,ANOS1,anosmin 1,0.99793,0.537,0.769
2712,3732,CD82,CD82 molecule,1.2726e-08,0.507,0.731
2714,3735,KARS1,lysyl-tRNA synthetase 1,4.211e-09,0.636,0.577
2715,3736,KCNA1,potassium voltage-gated channel subfamily A member 1,0.076028,0.573,0.577
2716,3737,KCNA2,potassium voltage-gated channel subfamily A member 2,0.91067,0.612,0.577
2718,3739,KCNA4,potassium voltage-gated channel subfamily A member 4,0.98327,0.716,0.423
2719,3741,KCNA5,potassium voltage-gated channel subfamily A member 5,0.0010938,0.606,0.5
2723,3745,KCNB1,potassium voltage-gated channel subfamily B member 1,0.99977,0.65,0.462
2724,3746,KCNC1,potassium voltage-gated channel subfamily C member 1,0.98957,0.711,0.154
2726,3748,KCNC3,potassium voltage-gated channel subfamily C member 3,0.20575,0.705,0.462
2727,3749,KCNC4,potassium voltage-gated channel subfamily C member 4,0.0044543,0.722,0.423
2730,3752,KCND3,potassium voltage-gated channel subfamily D member 3,0.98972,0.619,0.615
2731,3753,KCNE1,potassium voltage-gated channel subfamily E regulatory subunit 1,0.003396,0.588,0.615
2733,3756,KCNH1,potassium voltage-gated channel subfamily H member 1,0.54625,0.542,0.731
2734,3757,KCNH2,potassium voltage-gated channel subfamily H member 2,0.99593,0.522,0.731
2735,3758,KCNJ1,potassium inwardly rectifying channel subfamily J member 1,4.6255e-05,0.619,0.577
2736,3759,KCNJ2,potassium inwardly rectifying channel subfamily J member 2,0.30653,0.572,0.731
2738,3761,KCNJ4,potassium inwardly rectifying channel subfamily J member 4,0.9649,0.805,0.385
2739,3762,KCNJ5,potassium inwardly rectifying channel subfamily J member 5,0.00033577,0.56,0.577
2740,3763,KCNJ6,potassium inwardly rectifying channel subfamily J member 6,0.54063,0.615,0.692
2741,3764,KCNJ8,potassium inwardly rectifying channel subfamily J member 8,0.37965,0.619,0.538
2743,3766,KCNJ10,potassium inwardly rectifying channel subfamily J member 10,0.1502,0.599,0.654
2744,3767,KCNJ11,potassium inwardly rectifying channel subfamily J member 11,0.010894,0.529,0.615
2746,3769,KCNJ13,potassium inwardly rectifying channel subfamily J member 13,0.013685,0.659,0.308
2749,3775,KCNK1,potassium two pore domain channel subfamily K member 1,0.031161,0.76,0.462
2751,3777,KCNK3,potassium two pore domain channel subfamily K member 3,0.90018,0.584,0.654
2752,3778,KCNMA1,potassium calcium-activated channel subfamily M alpha 1,0.99731,0.518,0.846
2755,3781,KCNN2,potassium calcium-activated channel subfamily N member 2,0.99099,0.769,0.385
2756,3782,KCNN3,potassium calcium-activated channel subfamily N member 3,0.97227,0.621,0.615
2757,3783,KCNN4,potassium calcium-activated channel subfamily N member 4,5.0256e-07,0.653,0.577
2758,3784,KCNQ1,potassium voltage-gated channel subfamily Q member 1,4.5453e-08,0.485,0.769
2759,3785,KCNQ2,potassium voltage-gated channel subfamily Q member 2,0.99998,0.537,0.654
2760,3786,KCNQ3,potassium voltage-gated channel subfamily Q member 3,0.80089,0.604,0.462
2764,3791,KDR,kinase insert domain receptor,0.99982,0.378,0.885
2766,3795,KHK,ketohexokinase,2.0668e-09,0.7,0.346
2769,3798,KIF5A,kinesin family member 5A,0.99995,0.593,0.731
2771,3800,KIF5C,kinesin family member 5C,1,0.686,0.346
2775,3804,KIR2DL3,"killer cell immunoglobulin like receptor, two Ig domains and long cytoplasmic tail 3",2.6789e-09,0.612,0.654
2784,3814,KISS1,KiSS-1 metastasis suppressor,0.49039,0.507,0.808
2785,3815,KIT,"KIT proto-oncogene, receptor tyrosine kinase",0.98087,0.366,0.808
2786,3816,KLK1,kallikrein 1,0.00015311,0.533,0.769
2788,3818,KLKB1,kallikrein B1,6.2893e-13,0.604,0.692
2790,3821,KLRC1,killer cell lectin like receptor C1,4.139e-05,0.604,0.731
2794,3827,KNG1,kininogen 1,3.2071e-10,0.481,0.885
2795,3831,KLC1,kinesin light chain 1,0.37095,0.695,0.385
2796,3832,KIF11,kinesin family member 11,1,0.56,0.769
2799,3835,KIF22,kinesin family member 22,9.1697e-10,0.552,0.654
2801,3837,KPNB1,karyopherin subunit beta 1,1,0.691,0.385
2803,3839,KPNA3,karyopherin subunit alpha 3,0.95357,0.736,0.5
2808,3845,KRAS,"KRAS proto-oncogene, GTPase",0.00078803,0.32,0.923
2810,3848,KRT1,keratin 1,0.73629,0.575,0.654
2811,3849,KRT2,keratin 2,0.0012882,0.76,0.154
2813,3851,KRT4,keratin 4,5.4962e-10,0.736,0.423
2814,3852,KRT5,keratin 5,0.64172,0.512,0.731
2815,3853,KRT6A,keratin 6A,7.0326e-05,0.61,0.692
2816,3854,KRT6B,keratin 6B,5.5245e-10,0.663,0.577
2817,3855,KRT7,keratin 7,3.0861e-12,0.463,0.808
2818,3856,KRT8,keratin 8,2.36e-08,0.517,0.654
2819,3857,KRT9,keratin 9,1.1272e-06,0.678,0.346
2820,3858,KRT10,keratin 10,0.0025253,0.579,0.692
2821,3859,KRT12,keratin 12,2.5279e-14,0.751,0.192
2823,3861,KRT14,keratin 14,0.00020311,0.53,0.731
2825,3868,KRT16,keratin 16,1.5006e-14,0.565,0.769
2826,3872,KRT17,keratin 17,1.098e-11,0.531,0.654
2827,3875,KRT18,keratin 18,0.73477,0.53,0.692
2828,3880,KRT19,keratin 19,0.0043426,0.46,0.731
2830,3882,KRT32,keratin 32,1.3564e-18,0.805,0.192
2833,3887,KRT81,keratin 81,1.2108e-18,0.659,0.462
2834,3889,KRT83,keratin 83,3.3665e-14,0.716,0.269
2836,3892,KRT86,keratin 86,3.6139e-07,0.736,0.308
2838,3897,L1CAM,L1 cell adhesion molecule,1,0.475,0.769
2840,3899,AFF3,AF4/FMR2 family member 3,0.99996,0.623,0.692
2845,3908,LAMA2,laminin subunit alpha 2,2.4118e-47,0.553,0.692
2846,3909,LAMA3,laminin subunit alpha 3,8.8349e-46,0.576,0.731
2847,3910,LAMA4,laminin subunit alpha 4,1.3909e-24,0.682,0.577
2848,3911,LAMA5,laminin subunit alpha 5,0.0064742,0.636,0.577
2849,3912,LAMB1,laminin subunit beta 1,5.0687e-22,0.615,0.654
2850,3913,LAMB2,laminin subunit beta 2,2.5006e-19,0.601,0.654
2851,3914,LAMB3,laminin subunit beta 3,2.3136e-15,0.558,0.692
2852,3915,LAMC1,laminin subunit gamma 1,1,0.628,0.654
2854,3918,LAMC2,laminin subunit gamma 2,2.8791e-12,0.389,0.923
2855,3920,LAMP2,lysosomal associated membrane protein 2,0.26698,0.552,0.731
2858,3925,STMN1,stathmin 1,0.075244,0.458,0.885
2859,3927,LASP1,LIM and SH3 protein 1,0.9827,0.572,0.615
2860,3929,LBP,lipopolysaccharide binding protein,4.1897e-15,0.525,0.808
2861,3930,LBR,lamin B receptor,0.18143,0.473,0.808
2862,3931,LCAT,lecithin-cholesterol acyltransferase,0.08102,0.588,0.654
2863,3932,LCK,"LCK proto-oncogene, Src family tyrosine kinase",0.99926,0.564,0.769
2865,3934,LCN2,lipocalin 2,1.1404e-09,0.405,0.885
2866,3936,LCP1,lymphocyte cytosolic protein 1,0.55261,0.663,0.654
2869,3939,LDHA,lactate dehydrogenase A,0.069173,0.507,0.808
2872,3948,LDHC,lactate dehydrogenase C,5.2747e-07,0.711,0.5
2873,3949,LDLR,low density lipoprotein receptor,9.841e-24,0.449,0.885
2875,3952,LEP,leptin,0.46491,0.349,0.846
2876,3953,LEPR,leptin receptor,0.99475,0.433,0.808
2877,3954,LETM1,leucine zipper and EF-hand containing transmembrane protein 1,1.2141e-06,0.545,0.692
2878,3955,LFNG,LFNG O-fucosylpeptide 3-beta-N-acetylglucosaminyltransferase,0.097612,0.659,0.5
2879,3956,LGALS1,galectin 1,0.004488,0.435,0.846
2880,3957,LGALS2,galectin 2,0.020219,0.7,0.385
2881,3958,LGALS3,galectin 3,2.3207e-05,0.392,0.846
2887,3972,LHB,luteinizing hormone subunit beta,0.0022475,0.638,0.462
2888,3973,LHCGR,luteinizing hormone/choriogonadotropin receptor,5.2988e-08,0.528,0.692
2890,3976,LIF,LIF interleukin 6 family cytokine,0.5242,0.483,0.769
2891,3977,LIFR,LIF receptor subunit alpha,1.4888e-13,0.523,0.808
2892,3978,LIG1,DNA ligase 1,0.0042142,0.678,0.5
2894,3981,LIG4,DNA ligase 4,4.1635e-06,0.478,0.846
2895,3982,LIM2,lens intrinsic membrane protein 2,0.00067834,0.716,0.423
2897,3984,LIMK1,LIM domain kinase 1,0.99937,0.488,0.731
2900,3988,LIPA,"lipase A, lysosomal acid type",5.532e-07,0.564,0.654
2902,3990,LIPC,"lipase C, hepatic type",3.2764e-07,0.585,0.654
2903,3991,LIPE,"lipase E, hormone sensitive type",9.7458e-12,0.599,0.5
2904,3992,FADS1,fatty acid desaturase 1,0.37384,0.582,0.769
2908,3998,LMAN1,"lectin, mannose binding 1",0.0042632,0.716,0.423
2909,4000,LMNA,lamin A/C,0.9994,0.384,0.885
2910,4001,LMNB1,lamin B1,0.55481,0.564,0.731
2912,4005,LMO2,LIM domain only 2,0.15884,0.585,0.654
2916,4010,LMX1B,LIM homeobox transcription factor 1 beta,0.74637,0.565,0.731
2919,4014,LORICRIN,loricrin cornified envelope precursor protein,0.33454,0.674,0.423
2920,4015,LOX,lysyl oxidase,0.98769,0.447,0.846
2921,4016,LOXL1,lysyl oxidase like 1,0.88677,0.59,0.615
2922,4017,LOXL2,lysyl oxidase like 2,3.3844e-07,0.527,0.731
2923,4018,LPA,lipoprotein(a),6.5917e-89,0.444,0.769
2924,4023,LPL,lipoprotein lipase,1.2712e-09,0.474,0.808
2925,4025,LPO,lactoperoxidase,7.4989e-17,0.678,0.577
2926,4026,LPP,LIM domain containing preferred translocation partner in lipoma,0.0071908,0.543,0.769
2929,4035,LRP1,LDL receptor related protein 1,1,0.482,0.769
2930,4036,LRP2,LDL receptor related protein 2,0.99999,0.491,0.846
2932,4038,LRP4,LDL receptor related protein 4,1.4386e-06,0.568,0.692
2933,4040,LRP6,LDL receptor related protein 6,0.69664,0.536,0.808
2934,4041,LRP5,LDL receptor related protein 5,0.50992,0.485,0.846
2935,4043,LRPAP1,LDL receptor related protein associated protein 1,4.4951e-07,0.579,0.731
2937,4046,LSP1,lymphocyte specific protein 1,1.472e-06,0.7,0.462
2938,4047,LSS,lanosterol synthase,1.813e-07,0.606,0.654
2939,4048,LTA4H,leukotriene A4 hydrolase,2.9568e-08,0.617,0.654
2940,4049,LTA,lymphotoxin alpha,0.19685,0.434,0.885
2943,4052,LTBP1,latent transforming growth factor beta binding protein 1,3.7191e-09,0.67,0.5
2944,4053,LTBP2,latent transforming growth factor beta binding protein 2,0.00074122,0.572,0.692
2945,4054,LTBP3,latent transforming growth factor beta binding protein 3,0.68647,0.564,0.846
2948,4057,LTF,lactotransferrin,1.2665e-21,0.543,0.846
2951,4060,LUM,lumican,0.07696,0.543,0.731
2956,4065,LY75,lymphocyte antigen 75,7.4472e-46,0.67,0.538
2958,4067,LYN,"LYN proto-oncogene, Src family tyrosine kinase",0.99886,0.603,0.615
2959,4068,SH2D1A,SH2 domain containing 1A,0.38935,0.525,0.731
2961,4070,TACSTD2,tumor associated calcium signal transducer 2,0.0046571,0.537,0.731
2963,4072,EPCAM,epithelial cell adhesion molecule,1.2844e-07,0.451,0.885
2964,4074,M6PR,"mannose-6-phosphate receptor, cation dependent",0.0092215,0.716,0.269
2971,4084,MXD1,MAX dimerization protein 1,0.23163,0.564,0.692
2973,4086,SMAD1,SMAD family member 1,0.98803,0.533,0.731
2975,4088,SMAD3,SMAD family member 3,0.79796,0.415,0.923
2976,4089,SMAD4,SMAD family member 4,0.99881,0.401,0.808
2978,4091,SMAD6,SMAD family member 6,3.6282e-20,0.579,0.731
2979,4092,SMAD7,SMAD family member 7,0.54854,0.47,0.769
2980,4093,SMAD9,SMAD family member 9,6.4444e-05,0.666,0.308
2981,4094,MAF,MAF bZIP transcription factor,0.74382,0.623,0.769
2985,4099,MAG,myelin associated glycoprotein,0.49228,0.579,0.692
2986,4100,MAGEA1,MAGE family member A1,,0.601,0.462
2988,4102,MAGEA3,MAGE family member A3,,0.588,0.5
2989,4103,MAGEA4,MAGE family member A4,,0.653,0.346
2992,4108,MAGEA9,MAGE family member A9,,0.861,0.115
3000,4117,MAK,male germ cell associated kinase,8.6266e-19,0.695,0.346
3005,4124,MAN2A1,mannosidase alpha class 2A member 1,1.6205e-10,0.705,0.538
3006,4125,MAN2B1,mannosidase alpha class 2B member 1,4.7921e-22,0.674,0.462
3007,4126,MANBA,mannosidase beta,1.3066e-18,0.736,0.462
3008,4128,MAOA,monoamine oxidase A,0.99928,0.465,0.769
3009,4129,MAOB,monoamine oxidase B,0.99903,0.533,0.808
3011,4131,MAP1B,microtubule associated protein 1B,1,0.628,0.5
3012,4133,MAP2,microtubule associated protein 2,1,0.537,0.692
3014,4135,MAP6,microtubule associated protein 6,0.39507,0.578,0.769
3015,4137,MAPT,microtubule associated protein tau,0.0060258,0.445,0.923
3016,4139,MARK1,microtubule affinity regulating kinase 1,0.60045,0.663,0.577
3018,4141,MARS1,methionyl-tRNA synthetase 1,2.0536e-15,0.638,0.654
3019,4142,MAS1,"MAS1 proto-oncogene, G protein-coupled receptor",8.2518e-05,0.533,0.769
3020,4143,MAT1A,methionine adenosyltransferase 1A,0.00080978,0.582,0.577
3024,4147,MATN2,matrilin 2,6.249e-14,0.76,0.423
3025,4148,MATN3,matrilin 3,1.35e-08,0.644,0.385
3026,4149,MAX,MYC associated factor X,0.8335,0.553,0.769
3030,4153,MBL2,mannose binding lectin 2,0.0026836,0.39,0.846
3032,4155,MBP,myelin basic protein,0.28446,0.51,0.885
3034,4157,MC1R,melanocortin 1 receptor,8.1075e-11,0.524,0.808
3035,4158,MC2R,melanocortin 2 receptor,0.00030712,0.582,0.654
3037,4160,MC4R,melanocortin 4 receptor,0.00091697,0.535,0.692
3039,4162,MCAM,melanoma cell adhesion molecule,0.00015954,0.514,0.731
3040,4163,MCC,MCC regulator of WNT signaling pathway,4.6577e-16,0.568,0.731
3041,4166,CHST6,carbohydrate sulfotransferase 6,2.4495e-09,0.76,0.269
3044,4170,MCL1,"MCL1 apoptosis regulator, BCL2 family member",0.96349,0.43,0.808
3045,4171,MCM2,minichromosome maintenance complex component 2,2.6301e-05,0.527,0.731
3047,4173,MCM4,minichromosome maintenance complex component 4,0.00014571,0.666,0.654
3048,4174,MCM5,minichromosome maintenance complex component 5,0.00059281,0.617,0.615
3050,4176,MCM7,minichromosome maintenance complex component 7,1.9396e-24,0.572,0.654
3051,4179,CD46,CD46 molecule,4.7013e-07,0.477,0.808
3055,4189,DNAJB9,DnaJ heat shock protein family (Hsp40) member B9,0.36507,0.7,0.385
3057,4191,MDH2,malate dehydrogenase 2,0.0066821,0.595,0.731
3058,4192,MDK,midkine,0.23005,0.494,0.808
3059,4193,MDM2,MDM2 proto-oncogene,0.99981,0.362,0.846
3060,4194,MDM4,MDM4 regulator of p53,0.99992,0.461,0.808
3065,4204,MECP2,methyl-CpG binding protein 2,0.89382,0.414,0.846
3066,4205,MEF2A,myocyte enhancer factor 2A,0.98706,0.585,0.692
3067,4207,BORCS8-MEF2B,BORCS8-MEF2B readthrough,0.0039873,0.78,0.154
3068,4208,MEF2C,myocyte enhancer factor 2C,0.017256,0.517,0.769
3070,4210,MEFV,"MEFV innate immuity regulator, pyrin",1.0177e-14,0.44,0.885
3071,4211,MEIS1,Meis homeobox 1,0.99951,0.579,0.615
3073,4214,MAP3K1,mitogen-activated protein kinase kinase kinase 1,0.99998,0.538,0.731
3074,4215,MAP3K3,mitogen-activated protein kinase kinase kinase 3,0.98535,0.626,0.692
3076,4217,MAP3K5,mitogen-activated protein kinase kinase kinase 5,0.51964,0.513,0.808
3077,4218,RAB8A,"RAB8A, member RAS oncogene family",0.97543,0.61,0.577
3078,4221,MEN1,menin 1,0.99971,0.444,0.808
3079,4222,MEOX1,mesenchyme homeobox 1,0.00019076,0.623,0.615
3084,4233,MET,"MET proto-oncogene, receptor tyrosine kinase",0.96998,0.38,0.846
3087,4237,MFAP2,microfibril associated protein 2,4.2671e-06,0.769,0.423
3088,4238,MFAP3,microfibril associated protein 3,0.0011201,1,0.077
3091,4241,MELTF,melanotransferrin,1.1795e-16,0.663,0.5
3093,4246,SCGB2A1,secretoglobin family 2A member 1,0.23239,0.686,0.462
3094,4247,MGAT2,"alpha-1,6-mannosyl-glycoprotein 2-beta-N-acetylglucosaminyltransferase",0.034151,0.65,0.577
3096,4249,MGAT5,"alpha-1,6-mannosylglycoprotein 6-beta-N-acetylglucosaminyltransferase",0.99998,0.638,0.5
3097,4250,SCGB2A2,secretoglobin family 2A member 2,0.00017485,0.722,0.308
3099,4254,KITLG,KIT ligand,0.85024,0.473,0.885
3100,4255,MGMT,O-6-methylguanine-DNA methyltransferase,1.1756e-07,0.412,0.885
3101,4256,MGP,matrix Gla protein,3.6072e-05,0.539,0.846
3105,4261,CIITA,class II major histocompatibility complex transactivator,1.3618e-07,0.536,0.808
3109,4267,CD99,CD99 molecule (Xg blood group),0.0026127,0.491,0.731
3110,4277,MICB,MHC class I polypeptide-related sequence B,4.0609e-05,0.576,0.731
3111,4279,MICD,MHC class I polypeptide-related sequence D (pseudogene),,0.861,0.231
3113,4281,MID1,midline 1,0.97967,0.621,0.654
3114,4282,MIF,macrophage migration inhibitory factor,0.012262,0.412,0.885
3115,4283,CXCL9,C-X-C motif chemokine ligand 9,0.0029304,0.462,0.808
3116,4284,MIP,major intrinsic protein of lens fiber,0.030956,0.507,0.846
3117,4285,MIPEP,mitochondrial intermediate peptidase,1.5876e-15,0.666,0.615
3118,4286,MITF,melanocyte inducing transcription factor,0.98119,0.499,0.808
3119,4287,ATXN3,ataxin 3,0.10575,0.521,0.808
3120,4288,MKI67,marker of proliferation Ki-67,1.2598e-28,0.431,0.808
3121,4289,MKLN1,muskelin 1,0.99998,0.769,0.269
3123,4292,MLH1,mutL homolog 1,3.41e-05,0.399,0.808
3126,4295,MLN,motilin,0.0041058,0.656,0.577
3128,4297,KMT2A,lysine methyltransferase 2A,1,0.41,0.885
3129,4298,MLLT1,MLLT1 super elongation complex subunit,0.98669,0.663,0.346
3130,4299,AFF1,AF4/FMR2 family member 1,0.71038,0.659,0.423
3135,4306,NR3C2,nuclear receptor subfamily 3 group C member 2,0.83739,0.467,0.846
3136,4308,TRPM1,transient receptor potential cation channel subfamily M member 1,1.6009e-42,0.626,0.462
3137,4311,MME,membrane metalloendopeptidase,1.465e-18,0.407,0.808
3138,4312,MMP1,matrix metallopeptidase 1,7.7197e-18,0.385,0.885
3139,4313,MMP2,matrix metallopeptidase 2,0.83878,0.333,0.923
3140,4314,MMP3,matrix metallopeptidase 3,5.7362e-15,0.408,0.885
3141,4316,MMP7,matrix metallopeptidase 7,1.0404e-09,0.446,0.885
3142,4317,MMP8,matrix metallopeptidase 8,1.0661e-24,0.488,0.808
3143,4318,MMP9,matrix metallopeptidase 9,1.8869e-17,0.305,0.923
3146,4321,MMP12,matrix metallopeptidase 12,,0.484,0.885
3147,4322,MMP13,matrix metallopeptidase 13,7.8767e-18,0.452,0.923
3148,4323,MMP14,matrix metallopeptidase 14,0.99522,0.447,0.769
3149,4324,MMP15,matrix metallopeptidase 15,0.073354,0.644,0.5
3152,4327,MMP19,matrix metallopeptidase 19,1.9975e-20,0.623,0.615
3153,4329,ALDH6A1,aldehyde dehydrogenase 6 family member A1,7.5619e-10,0.716,0.462
3154,4330,MN1,"MN1 proto-oncogene, transcriptional regulator",0.99999,0.682,0.385
3157,4335,MNT,MAX network transcriptional repressor,0.99739,0.663,0.615
3158,4336,MOBP,myelin associated oligodendrocyte basic protein,0.54623,0.7,0.423
3159,4337,MOCS1,molybdenum cofactor synthesis 1,9.1165e-07,0.743,0.231
3160,4338,MOCS2,molybdenum cofactor synthesis 2,0.00046138,0.729,0.308
3161,4340,MOG,myelin oligodendrocyte glycoprotein,0.13748,0.546,0.731
3164,4345,CD200,CD200 molecule,0.41359,0.529,0.769
3166,4351,MPI,mannose phosphate isomerase,1.1715e-07,0.585,0.654
3167,4352,MPL,"MPL proto-oncogene, thrombopoietin receptor",4.0719e-09,0.51,0.692
3168,4353,MPO,myeloperoxidase,7.105e-15,0.377,0.923
3172,4357,MPST,mercaptopyruvate sulfurtransferase,3.4664e-05,0.588,0.654
3173,4358,MPV17,mitochondrial inner membrane protein MPV17,9.6582e-11,0.595,0.577
3174,4359,MPZ,myelin protein zero,0.27158,0.503,0.846
3176,4361,MRE11,"MRE11 homolog, double strand break repair nuclease",1.264e-12,0.527,0.808
3177,4363,ABCC1,ATP binding cassette subfamily C member 1,0.0011727,0.445,0.808
3183,4436,MSH2,mutS homolog 2,0.89539,0.406,0.808
3184,4437,MSH3,mutS homolog 3,7.4413e-31,0.474,0.769
3186,4439,MSH5,mutS homolog 5,3.2035e-11,0.641,0.692
3188,4477,MSMB,microseminoprotein beta,0.016199,0.498,0.846
3189,4478,MSN,moesin,0.99967,0.534,0.769
3192,4482,MSRA,methionine sulfoxide reductase A,1.5332e-15,0.608,0.615
3193,4485,MST1,macrophage stimulating 1,4.7831e-19,0.465,0.885
3194,4486,MST1R,macrophage stimulating 1 receptor,7.8684e-37,0.542,0.808
3195,4487,MSX1,msh homeobox 1,0.16517,0.525,0.731
3196,4488,MSX2,msh homeobox 2,0.26173,0.539,0.769
3197,4489,MT1A,metallothionein 1A,0.0044674,0.537,0.808
3200,4494,MT1F,metallothionein 1F,0.046878,0.628,0.654
3201,4495,MT1G,metallothionein 1G,0.032173,0.604,0.731
3207,4502,MT2A,metallothionein 2A,1.2279e-05,0.553,0.808
3209,4504,MT3,metallothionein 3,0.064484,0.582,0.615
3210,4507,MTAP,methylthioadenosine phosphorylase,7.5973e-08,0.514,0.731
3211,4508,ATP6,ATP synthase F0 subunit 6,,0.541,0.731
3212,4509,ATP8,ATP synthase F0 subunit 8,,0.666,0.615
3213,4511,TRNC,tRNA,,0.751,0.346
3214,4512,COX1,cytochrome c oxidase subunit I,,0.441,0.885
3215,4513,COX2,cytochrome c oxidase subunit II,,0.352,0.962
3216,4514,COX3,cytochrome c oxidase III,,0.546,0.808
3218,4519,CYTB,cytochrome b,,0.529,0.808
3221,4522,MTHFD1,"methylenetetrahydrofolate dehydrogenase, cyclohydrolase and formyltetrahydrofolate synthetase 1",0.0044614,0.554,0.769
3222,4524,MTHFR,methylenetetrahydrofolate reductase,3.2068e-10,0.337,0.885
3224,4534,MTM1,myotubularin 1,0.99961,0.573,0.731
3225,4535,ND1,"NADH dehydrogenase, subunit 1 (complex I)",,0.522,0.769
3226,4536,ND2,MTND2,,0.601,0.615
3227,4537,ND3,"NADH dehydrogenase, subunit 3 (complex I)",,0.604,0.654
3228,4538,ND4,"NADH dehydrogenase, subunit 4 (complex I)",,0.546,0.769
3229,4539,ND4L,"NADH dehydrogenase, subunit 4L (complex I)",,0.805,0.308
3230,4540,ND5,"NADH dehydrogenase, subunit 5 (complex I)",,0.531,0.769
3231,4541,ND6,"NADH dehydrogenase, subunit 6 (complex I)",,0.544,0.808
3234,4544,MTNR1B,melatonin receptor 1B,0.00064771,0.588,0.731
3235,4547,MTTP,microsomal triglyceride transfer protein,1.04e-05,0.505,0.846
3236,4548,MTR,5-methyltetrahydrofolate-homocysteine methyltransferase,2.4301e-12,0.482,0.808
3237,4549,RNR1,s-rRNA,,0.626,0.769
3239,4552,MTRR,5-methyltetrahydrofolate-homocysteine methyltransferase reductase,2.1794e-14,0.502,0.808
3242,4556,TRNE,tRNA,,0.647,0.692
3243,4558,TRNF,tRNA,,0.582,0.731
3245,4564,TRNH,tRNA,,0.597,0.731
3246,4565,TRNI,tRNA,,0.743,0.385
3247,4566,TRNK,tRNA,,0.608,0.577
3248,4567,TRNL1,tRNA,,0.534,0.731
3249,4568,TRNL2,tRNA,,0.76,0.385
3251,4570,TRNN,tRNA,,0.682,0.577
3252,4571,TRNP,tRNA,,0.792,0.423
3253,4572,TRNQ,tRNA,,0.59,0.731
3255,4574,TRNS1,tRNA,,0.555,0.808
3256,4575,TRNS2,tRNA,,0.579,0.731
3257,4576,TRNT,tRNA,,0.729,0.538
3258,4577,TRNV,tRNA,,0.67,0.423
3259,4578,TRNW,tRNA,,0.563,0.731
3261,4580,MTX1,metaxin 1,0.013271,0.546,0.731
3262,4582,MUC1,"mucin 1, cell surface associated",0.018774,0.384,0.885
3263,4583,MUC2,"mucin 2, oligomeric mucus/gel-forming",9.433e-10,0.486,0.808
3265,4585,MUC4,"mucin 4, cell surface associated",2.7904e-54,0.506,0.769
3266,4586,MUC5AC,"mucin 5AC, oligomeric mucus/gel-forming",9.9887e-09,0.483,0.808
3267,4588,MUC6,"mucin 6, oligomeric mucus/gel-forming",2.2123e-39,0.559,0.615
3269,4591,TRIM37,tripartite motif containing 37,9.7042e-12,0.61,0.654
3270,4593,MUSK,muscle associated receptor tyrosine kinase,4.2474e-08,0.57,0.769
3271,4594,MMUT,methylmalonyl-CoA mutase,1.7087e-22,0.534,0.731
3272,4595,MUTYH,mutY DNA glycosylase,1.2619e-18,0.521,0.769
3274,4598,MVK,mevalonate kinase,0.16679,0.576,0.731
3277,4601,MXI1,"MAX interactor 1, dimerization protein",0.0011217,0.547,0.615
3279,4603,MYBL1,MYB proto-oncogene like 1,1,0.705,0.308
3280,4604,MYBPC1,myosin binding protein C1,4.835e-05,0.666,0.462
3283,4607,MYBPC3,myosin binding protein C3,8.0087e-11,0.593,0.385
3285,4609,MYC,"MYC proto-oncogene, bHLH transcription factor",0.99801,0.344,0.923
3288,4613,MYCN,"MYCN proto-oncogene, bHLH transcription factor",0.88897,0.454,0.808
3289,4615,MYD88,MYD88 innate immune signal transduction adaptor,0.12443,0.414,0.923
3291,4617,MYF5,myogenic factor 5,0.00022918,0.686,0.423
3292,4618,MYF6,myogenic factor 6,0.0041218,0.691,0.423
3294,4620,MYH2,myosin heavy chain 2,3.6703e-23,0.619,0.731
3295,4621,MYH3,myosin heavy chain 3,6.7197e-21,0.563,0.654
3297,4624,MYH6,myosin heavy chain 6,1.5952e-32,0.581,0.615
3298,4625,MYH7,myosin heavy chain 7,4.2385e-16,0.516,0.692
3299,4626,MYH8,myosin heavy chain 8,2.0456e-51,0.682,0.385
3300,4627,MYH9,myosin heavy chain 9,1,0.505,0.808
3302,4629,MYH11,myosin heavy chain 11,0.77299,0.528,0.731
3303,4632,MYL1,myosin light chain 1,0.00013017,0.839,0.346
3304,4633,MYL2,myosin light chain 2,2.7303e-08,0.601,0.615
3305,4634,MYL3,myosin light chain 3,0.087906,0.695,0.308
3308,4638,MYLK,myosin light chain kinase,9.1706e-12,0.51,0.846
3310,4641,MYO1C,myosin IC,1.639e-14,0.7,0.423
3311,4642,MYO1D,myosin ID,1.2784e-12,0.78,0.269
3312,4643,MYO1E,myosin IE,6.769e-05,0.711,0.385
3313,4644,MYO5A,myosin VA,0.944,0.628,0.615
3314,4645,MYO5B,myosin VB,3.3805e-23,0.641,0.731
3315,4646,MYO6,myosin VI,2.4287e-05,0.631,0.731
3316,4647,MYO7A,myosin VIIA,1.6097e-38,0.585,0.423
3318,4649,MYO9A,myosin IXA,0.48923,0.647,0.5
3319,4650,MYO9B,myosin IXB,1,0.644,0.615
3321,4653,MYOC,myocilin,7.633e-12,0.595,0.5
3322,4654,MYOD1,myogenic differentiation 1,0.15239,0.569,0.654
3330,4665,NAB2,NGFI-A binding protein 2,0.56734,0.641,0.577
3331,4666,NACA,nascent polypeptide associated complex subunit alpha,4.7299e-05,0.78,0.269
3332,4668,NAGA,alpha-N-acetylgalactosaminidase,1.7703e-11,0.647,0.538
3333,4669,NAGLU,N-acetyl-alpha-glucosaminidase,1.3655e-08,0.546,0.769
3335,4671,NAIP,NLR family apoptosis inhibitory protein,0.00016166,0.636,0.654
3338,4676,NAP1L4,nucleosome assembly protein 1 like 4,0.77147,0.861,0.231
3341,4680,CEACAM6,CEA cell adhesion molecule 6,1.1884e-06,0.561,0.731
3344,4683,NBN,nibrin,2.1838e-16,0.467,0.808
3345,4684,NCAM1,neural cell adhesion molecule 1,0.99999,0.415,0.885
3346,4685,NCAM2,neural cell adhesion molecule 2,0.2306,0.736,0.5
3348,4688,NCF2,neutrophil cytosolic factor 2,4.0054e-07,0.601,0.692
3349,4689,NCF4,neutrophil cytosolic factor 4,9.0248e-08,0.644,0.615
3352,4692,NDN,"necdin, MAGE family member",0.67495,0.578,0.654
3353,4693,NDP,norrin cystine knot growth factor NDP,0.65042,0.566,0.692
3354,4694,NDUFA1,NADH:ubiquinone oxidoreductase subunit A1,0.55315,0.636,0.423
3355,4695,NDUFA2,NADH:ubiquinone oxidoreductase subunit A2,0.77351,0.617,0.577
3356,4696,NDUFA3,NADH:ubiquinone oxidoreductase subunit A3,0.071883,1,0.077
3359,4700,NDUFA6,NADH:ubiquinone oxidoreductase subunit A6,0.00013244,0.711,0.346
3362,4703,NEB,nebulin,4.5589e-41,0.608,0.692
3363,4704,NDUFA9,NADH:ubiquinone oxidoreductase subunit A9,0.0047988,0.653,0.385
3364,4705,NDUFA10,NADH:ubiquinone oxidoreductase subunit A10,6.2418e-08,0.678,0.385
3367,4709,NDUFB3,NADH:ubiquinone oxidoreductase subunit B3,1.6105e-05,0.705,0.538
3371,4714,NDUFB8,NADH:ubiquinone oxidoreductase subunit B8,0.0074738,0.638,0.654
3372,4715,NDUFB9,NADH:ubiquinone oxidoreductase subunit B9,0.00016312,0.7,0.385
3373,4716,NDUFB10,NADH:ubiquinone oxidoreductase subunit B10,0.0047516,0.729,0.308
3375,4719,NDUFS1,NADH:ubiquinone oxidoreductase core subunit S1,6.626e-11,0.595,0.692
3376,4720,NDUFS2,NADH:ubiquinone oxidoreductase core subunit S2,0.0014212,0.601,0.654
3377,4722,NDUFS3,NADH:ubiquinone oxidoreductase core subunit S3,0.00058312,0.581,0.769
3378,4723,NDUFV1,NADH:ubiquinone oxidoreductase core subunit V1,6.3562e-11,0.617,0.538
3379,4724,NDUFS4,NADH:ubiquinone oxidoreductase subunit S4,0.00031196,0.587,0.808
3382,4728,NDUFS8,NADH:ubiquinone oxidoreductase core subunit S8,0.16592,0.636,0.538
3383,4729,NDUFV2,NADH:ubiquinone oxidoreductase core subunit V2,0.005576,0.61,0.5
3385,4731,NDUFV3,NADH:ubiquinone oxidoreductase subunit V3,2.8018e-18,0.89,0.154
3393,4744,NEFH,neurofilament heavy,2.6684e-12,0.588,0.769
3394,4745,NELL1,neural EGFL like 1,8.6694e-12,0.539,0.731
3395,4747,NEFL,neurofilament light,,0.488,0.769
3396,4750,NEK1,NIMA related kinase 1,1.9084e-25,0.575,0.769
3397,4751,NEK2,NIMA related kinase 2,1.1514e-06,0.572,0.692
3400,4756,NEO1,neogenin 1,0.24398,0.623,0.692
3401,4758,NEU1,neuraminidase 1,7.3441e-05,0.513,0.769
3403,4760,NEUROD1,neuronal differentiation 1,0.77109,0.543,0.808
3404,4761,NEUROD2,neuronal differentiation 2,0.94202,0.619,0.538
3405,4762,NEUROG1,neurogenin 1,0.00021722,0.656,0.538
3406,4763,NF1,neurofibromin 1,0.90175,0.44,0.885
3407,4771,NF2,neurofibromin 2,1,0.468,0.885
3408,4772,NFATC1,nuclear factor of activated T cells 1,0.15652,0.517,0.731
3409,4773,NFATC2,nuclear factor of activated T cells 2,0.99995,0.525,0.731
3410,4774,NFIA,nuclear factor I A,0.99959,0.599,0.808
3414,4779,NFE2L1,"nuclear factor, erythroid 2 like 1",0.99759,0.678,0.538
3415,4780,NFE2L2,"nuclear factor, erythroid 2 like 2",0.0035719,0.357,0.885
3416,4781,NFIB,nuclear factor I B,0.99861,0.573,0.654
3417,4782,NFIC,nuclear factor I C,0.090534,0.626,0.654
3418,4783,NFIL3,"nuclear factor, interleukin 3 regulated",0.81979,0.633,0.615
3419,4784,NFIX,nuclear factor I X,0.99903,0.547,0.769
3420,4790,NFKB1,nuclear factor kappa B subunit 1,1,0.396,0.923
3421,4791,NFKB2,nuclear factor kappa B subunit 2,1,0.509,0.808
3422,4792,NFKBIA,NFKB inhibitor alpha,0.99452,0.487,0.885
3424,4794,NFKBIE,NFKB inhibitor epsilon,0.77098,0.7,0.385
3425,4795,NFKBIL1,NFKB inhibitor like 1,0.025515,0.653,0.615
3426,4796,TONSL,"tonsoku like, DNA repair protein",2.5965e-13,0.653,0.615
3432,4803,NGF,nerve growth factor,0.82026,0.391,0.885
3433,4804,NGFR,nerve growth factor receptor,0.097889,0.477,0.846
3437,4810,NHS,NHS actin remodeling regulator,0.99999,0.466,0.846
3438,4811,NID1,nidogen 1,7.2197e-12,0.631,0.577
3453,4830,NME1,NME/NM23 nucleoside diphosphate kinase 1,0.0031764,0.443,0.808
3454,4831,NME2,NME/NM23 nucleoside diphosphate kinase 2,8.8471e-09,0.573,0.731
3457,4835,NQO2,N-ribosyldihydronicotinamide:quinone reductase 2,8.7572e-07,0.628,0.5
3460,4838,NODAL,nodal growth differentiation factor,0.97028,0.588,0.731
3462,4841,NONO,non-POU domain containing octamer binding,0.9935,0.554,0.731
3463,4842,NOS1,nitric oxide synthase 1,1,0.408,0.885
3464,4843,NOS2,nitric oxide synthase 2,4.0277e-15,0.364,0.923
3465,4846,NOS3,nitric oxide synthase 3,6.7246e-07,0.378,0.885
3467,4849,CNOT3,CCR4-NOT transcription complex subunit 3,1,0.686,0.615
3468,4850,CNOT4,CCR4-NOT transcription complex subunit 4,0.99996,0.839,0.192
3469,4851,NOTCH1,notch receptor 1,1,0.369,0.885
3470,4852,NPY,neuropeptide Y,0.14294,0.447,0.846
3471,4853,NOTCH2,notch receptor 2,1,0.441,0.808
3472,4854,NOTCH3,notch receptor 3,0.40757,0.435,0.808
3473,4855,NOTCH4,notch receptor 4,2.0544e-23,0.534,0.731
3477,4860,PNP,purine nucleoside phosphorylase,6.9987e-06,0.527,0.885
3481,4864,NPC1,NPC intracellular cholesterol transporter 1,6.5418e-06,0.518,0.692
3482,4867,NPHP1,nephrocystin 1,1.241e-17,0.572,0.731
3483,4868,NPHS1,"NPHS1 adhesion molecule, nephrin",2.5376e-14,0.597,0.615
3484,4869,NPM1,nucleophosmin 1,0.99816,0.464,0.846
3486,4878,NPPA,natriuretic peptide A,0.00054522,0.505,0.769
3487,4879,NPPB,natriuretic peptide B,9.8786e-06,0.513,0.808
3489,4881,NPR1,natriuretic peptide receptor 1,0.00029303,0.608,0.654
3490,4882,NPR2,natriuretic peptide receptor 2,4.2042e-05,0.573,0.615
3491,4883,NPR3,natriuretic peptide receptor 3,1.006e-05,0.633,0.615
3494,4886,NPY1R,neuropeptide Y receptor Y1,0.042605,0.628,0.423
3495,4887,NPY2R,neuropeptide Y receptor Y2,0.035526,0.612,0.577
3496,4889,NPY5R,neuropeptide Y receptor Y5,0.0063686,0.691,0.462
3497,4891,SLC11A2,solute carrier family 11 member 2,0.0066528,0.566,0.769
3499,4893,NRAS,"NRAS proto-oncogene, GTPase",0.49009,0.39,0.808
3500,4897,NRCAM,neuronal cell adhesion molecule,0.015254,0.666,0.423
3504,4901,NRL,neural retina leucine zipper,0.047637,0.647,0.462
3506,4904,YBX1,Y-box binding protein 1,0.94646,0.519,0.769
3508,4907,NT5E,5'-nucleotidase ecto,2.2881e-11,0.436,0.885
3509,4908,NTF3,neurotrophin 3,0.93201,0.519,0.808
3510,4909,NTF4,neurotrophin 4,0.012031,0.641,0.692
3512,4913,NTHL1,nth like DNA glycosylase 1,5.6607e-10,0.623,0.615
3513,4914,NTRK1,neurotrophic receptor tyrosine kinase 1,1.9568e-06,0.422,0.808
3514,4915,NTRK2,neurotrophic receptor tyrosine kinase 2,1,0.479,0.808
3515,4916,NTRK3,neurotrophic receptor tyrosine kinase 3,0.9983,0.522,0.692
3517,4919,ROR1,receptor tyrosine kinase like orphan receptor 1,0.99645,0.552,0.731
3518,4920,ROR2,receptor tyrosine kinase like orphan receptor 2,0.00012401,0.498,0.731
3519,4921,DDR2,discoidin domain receptor tyrosine kinase 2,0.5503,0.541,0.769
3520,4922,NTS,neurotensin,3.8527e-05,0.517,0.769
3525,4927,NUP88,nucleoporin 88,1.9577e-08,0.659,0.577
3526,4928,NUP98,nucleoporin 98 and 96 precursor,1,0.532,0.577
3527,4929,NR4A2,nuclear receptor subfamily 4 group A member 2,0.99959,0.529,0.846
3530,4935,GPR143,G protein-coupled receptor 143,0.92526,0.659,0.385
3533,4938,OAS1,2'-5'-oligoadenylate synthetase 1,3.4489e-05,0.626,0.654
3536,4942,OAT,ornithine aminotransferase,7.7182e-07,0.593,0.731
3541,4948,OCA2,OCA2 melanosomal transmembrane protein,2.9064e-13,0.539,0.808
3542,4952,OCRL,OCRL inositol polyphosphate-5-phosphatase,0.99999,0.553,0.731
3543,4953,ODC1,ornithine decarboxylase 1,0.16966,0.51,0.731
3551,4968,OGG1,8-oxoguanine DNA glycosylase,3.9314e-12,0.453,0.808
3553,4973,OLR1,oxidized low density lipoprotein receptor 1,0.007199,0.544,0.769
3556,4976,OPA1,OPA1 mitochondrial dynamin like GTPase,0.98636,0.51,0.846
3558,4978,OPCML,opioid binding protein/cell adhesion molecule like,0.22804,0.606,0.654
3559,4982,TNFRSF11B,TNF receptor superfamily member 11b,0.16171,0.422,0.808
3560,4983,OPHN1,oligophrenin 1,0.99985,0.633,0.538
3561,4985,OPRD1,opioid receptor delta 1,0.0033233,0.603,0.731
3562,4986,OPRK1,opioid receptor kappa 1,4.0625e-05,0.554,0.615
3563,4987,OPRL1,opioid related nociceptin receptor 1,0.48172,0.628,0.462
3564,4988,OPRM1,opioid receptor mu 1,7.8882e-11,0.457,0.808
3568,4998,ORC1,origin recognition complex subunit 1,1.7297e-14,0.595,0.654
3570,5000,ORC4,origin recognition complex subunit 4,7.5667e-13,0.612,0.654
3572,5002,SLC22A18,solute carrier family 22 member 18,6.458e-06,0.595,0.692
3577,5008,OSM,oncostatin M,0.58916,0.505,0.769
3578,5009,OTC,ornithine carbamoyltransferase,0.87295,0.565,0.846
3579,5010,CLDN11,claudin 11,0.91076,0.623,0.731
3582,5015,OTX2,orthodenticle homeobox 2,0.92344,0.514,0.808
3586,5019,OXCT1,3-oxoacid CoA-transferase 1,0.0047279,0.686,0.423
3587,5020,OXT,oxytocin/neurophysin I prepropeptide,0.71197,0.615,0.423
3588,5021,OXTR,oxytocin receptor,0.00071066,0.541,0.769
3589,5023,P2RX1,purinergic receptor P2X 1,6.7632e-11,0.584,0.808
3590,5024,P2RX3,purinergic receptor P2X 3,1.0318e-06,0.565,0.769
3593,5027,P2RX7,purinergic receptor P2X 7,3.3344e-11,0.45,0.808
3598,5032,P2RY11,purinergic receptor P2Y11,0.0077062,0.705,0.538
3600,5034,P4HB,prolyl 4-hydroxylase subunit beta,0.99662,0.488,0.808
3606,5045,FURIN,"furin, paired basic amino acid cleaving enzyme",0.99994,0.612,0.769
3607,5046,PCSK6,proprotein convertase subtilisin/kexin type 6,5.3148e-13,0.626,0.538
3609,5048,PAFAH1B1,platelet activating factor acetylhydrolase 1b regulatory subunit 1,0.99995,0.504,0.769
3613,5052,PRDX1,peroxiredoxin 1,7.6959e-10,0.485,0.846
3614,5053,PAH,phenylalanine hydroxylase,6.4046e-23,0.516,0.769
3615,5054,SERPINE1,serpin family E member 1,0.043609,0.359,0.885
3616,5055,SERPINB2,serpin family B member 2,6.3773e-12,0.502,0.808
3617,5058,PAK1,p21 (RAC1) activated kinase 1,0.0013306,0.494,0.808
3619,5063,PAK3,p21 (RAC1) activated kinase 3,0.98716,0.569,0.731
3620,5064,PALM,paralemmin,0.51902,0.861,0.154
3621,5066,PAM,peptidylglycine alpha-amidating monooxygenase,6.934e-06,0.542,0.692
3624,5069,PAPPA,pappalysin 1,0.1613,0.558,0.692
3625,5071,PRKN,parkin RBR E3 ubiquitin protein ligase,6.9346e-07,0.431,0.846
3627,5073,PARN,poly(A)-specific ribonuclease,0.00037303,0.575,0.769
3628,5074,PAWR,pro-apoptotic WT1 regulator,0.089515,0.542,0.846
3629,5075,PAX1,paired box 1,0.70019,0.593,0.654
3630,5076,PAX2,paired box 2,0.66999,0.495,0.731
3631,5077,PAX3,paired box 3,0.24063,0.481,0.769
3632,5078,PAX4,paired box 4,0.00042273,0.644,0.423
3633,5079,PAX5,paired box 5,0.99798,0.487,0.654
3634,5080,PAX6,paired box 6,0.99975,0.45,0.769
3635,5081,PAX7,paired box 7,0.14469,0.597,0.538
3637,5083,PAX9,paired box 9,0.30866,0.636,0.538
3638,5087,PBX1,PBX homeobox 1,0.99527,0.534,0.846
3641,5091,PC,pyruvate carboxylase,0.013834,0.515,0.808
3642,5092,PCBD1,pterin-4 alpha-carbinolamine dehydratase 1,0.00033216,0.623,0.769
3645,5095,PCCA,propionyl-CoA carboxylase subunit alpha,3.1345e-15,0.682,0.538
3646,5096,PCCB,propionyl-CoA carboxylase subunit beta,1.53e-08,0.695,0.577
3649,5099,PCDH7,protocadherin 7,0.39505,0.663,0.462
3650,5100,PCDH8,protocadherin 8,3.424e-05,0.659,0.577
3653,5105,PCK1,phosphoenolpyruvate carboxykinase 1,8.7476e-15,0.608,0.538
3654,5106,PCK2,"phosphoenolpyruvate carboxykinase 2, mitochondrial",1.7471e-23,0.653,0.423
3656,5110,PCMT1,protein-L-isoaspartate (D-aspartate) O-methyltransferase,0.78453,0.691,0.423
3657,5111,PCNA,proliferating cell nuclear antigen,0.97606,0.382,0.846
3658,5116,PCNT,pericentrin,4.0172e-58,0.564,0.808
3660,5119,CHMP1A,charged multivesicular body protein 1A,0.00028502,0.695,0.5
3663,5122,PCSK1,proprotein convertase subtilisin/kexin type 1,2.745e-09,0.548,0.615
3664,5125,PCSK5,proprotein convertase subtilisin/kexin type 5,2.5352e-12,0.659,0.538
3665,5126,PCSK2,proprotein convertase subtilisin/kexin type 2,0.99853,0.663,0.462
3669,5130,PCYT1A,"phosphate cytidylyltransferase 1, choline, alpha",2.024e-05,0.485,0.885
3672,5133,PDCD1,programmed cell death 1,0.41706,0.402,0.846
3675,5137,PDE1C,phosphodiesterase 1C,5.3913e-09,0.7,0.423
3676,5138,PDE2A,phosphodiesterase 2A,0.631,0.666,0.577
3679,5141,PDE4A,phosphodiesterase 4A,0.98167,0.523,0.846
3680,5142,PDE4B,phosphodiesterase 4B,0.4746,0.566,0.731
3682,5144,PDE4D,phosphodiesterase 4D,0.9998,0.519,0.846
3683,5145,PDE6A,phosphodiesterase 6A,6.5775e-25,0.691,0.269
3684,5146,PDE6C,phosphodiesterase 6C,2.323e-16,0.7,0.269
3685,5147,PDE6D,phosphodiesterase 6D,0.006423,0.623,0.577
3686,5148,PDE6G,phosphodiesterase 6G,0.013418,0.695,0.308
3687,5149,PDE6H,phosphodiesterase 6H,0.0082921,0.7,0.269
3689,5151,PDE8A,phosphodiesterase 8A,0.00011503,0.76,0.5
3691,5153,PDE1B,phosphodiesterase 1B,0.33646,0.769,0.423
3692,5154,PDGFA,platelet derived growth factor subunit A,0.80842,0.533,0.731
3693,5155,PDGFB,platelet derived growth factor subunit B,0.77006,0.488,0.846
3694,5156,PDGFRA,platelet derived growth factor receptor alpha,1,0.415,0.808
3696,5158,PDE6B,phosphodiesterase 6B,2.6155e-27,0.626,0.346
3697,5159,PDGFRB,platelet derived growth factor receptor beta,0.9041,0.416,0.846
3698,5160,PDHA1,pyruvate dehydrogenase E1 subunit alpha 1,0.98842,0.581,0.538
3700,5162,PDHB,pyruvate dehydrogenase E1 subunit beta,0.15201,0.711,0.385
3703,5165,PDK3,pyruvate dehydrogenase kinase 3,0.44547,0.678,0.5
3705,5167,ENPP1,ectonucleotide pyrophosphatase/phosphodiesterase 1,4.9944e-08,0.498,0.808
3706,5168,ENPP2,ectonucleotide pyrophosphatase/phosphodiesterase 2,0.0027913,0.582,0.769
3710,5172,SLC26A4,solute carrier family 26 member 4,8.9898e-22,0.507,0.885
3711,5173,PDYN,prodynorphin,0.00017033,0.534,0.577
3713,5175,PECAM1,platelet and endothelial cell adhesion molecule 1,,0.426,0.846
3714,5176,SERPINF1,serpin family F member 1,7.8044e-08,0.46,0.846
3717,5179,PENK,proenkephalin,0.0002077,0.56,0.808
3720,5184,PEPD,peptidase D,1.4633e-14,0.621,0.769
3721,5187,PER1,period circadian regulator 1,0.00029308,0.555,0.731
3722,5188,GATB,glutamyl-tRNA amidotransferase subunit B,3.9989e-10,1,
3723,5189,PEX1,peroxisomal biogenesis factor 1,1.0572e-14,0.538,0.769
3724,5190,PEX6,peroxisomal biogenesis factor 6,6.253e-06,0.547,0.731
3725,5191,PEX7,peroxisomal biogenesis factor 7,8.1798e-13,0.603,0.615
3726,5192,PEX10,peroxisomal biogenesis factor 10,0.00054204,0.584,0.654
3727,5193,PEX12,peroxisomal biogenesis factor 12,9.4838e-16,0.601,0.615
3728,5194,PEX13,peroxisomal biogenesis factor 13,5.8959e-05,0.597,0.654
3729,5195,PEX14,peroxisomal biogenesis factor 14,0.22566,0.592,0.692
3730,5196,PF4,platelet factor 4,0.043062,0.522,0.846
3732,5198,PFAS,phosphoribosylformylglycinamidine synthase,9.8526e-18,0.78,0.308
3733,5199,CFP,complement factor properdin,0.68778,0.573,0.692
3738,5205,ATP8B1,ATPase phospholipid transporting 8B1,2.7666e-10,0.61,0.5
3741,5209,PFKFB3,"6-phosphofructo-2-kinase/fructose-2,6-biphosphatase 3",0.24579,0.561,0.808
3742,5210,PFKFB4,"6-phosphofructo-2-kinase/fructose-2,6-biphosphatase 4",2.1422e-09,0.666,0.346
3745,5213,PFKM,"phosphofructokinase, muscle",3.7625e-18,0.666,0.5
3747,5216,PFN1,profilin 1,0.73258,0.565,0.769
3751,5223,PGAM1,phosphoglycerate mutase 1,2.5841e-07,0.621,0.615
3755,5228,PGF,placental growth factor,0.1288,0.46,0.846
3757,5230,PGK1,phosphoglycerate kinase 1,0.76537,0.542,0.769
3760,5236,PGM1,phosphoglucomutase 1,5.0551e-15,0.628,0.577
3761,5238,PGM3,phosphoglucomutase 3,1.4641e-05,0.61,0.769
3762,5239,PGM5,phosphoglucomutase 5,0.00059096,0.751,0.269
3763,5241,PGR,progesterone receptor,0.051042,0.426,0.885
3764,5243,ABCB1,ATP binding cassette subfamily B member 1,1.2564e-05,0.344,0.885
3765,5244,ABCB4,ATP binding cassette subfamily B member 4,2.2138e-07,0.528,0.654
3766,5245,PHB,prohibitin,0.7588,0.511,0.846
3768,5250,SLC25A3,solute carrier family 25 member 3,0.074834,0.566,0.692
3769,5251,PHEX,phosphate regulating endopeptidase homolog X-linked,0.99996,0.548,0.808
3772,5255,PHKA1,phosphorylase kinase regulatory subunit alpha 1,2.0904e-07,0.839,0.115
3773,5256,PHKA2,phosphorylase kinase regulatory subunit alpha 2,0.3839,0.678,0.462
3775,5260,PHKG1,phosphorylase kinase catalytic subunit gamma 1,3.572e-15,0.931,0.154
3776,5261,PHKG2,phosphorylase kinase catalytic subunit gamma 2,0.0038581,0.674,0.538
3777,5264,PHYH,phytanoyl-CoA 2-hydroxylase,2.3792e-06,0.659,0.577
3778,5265,SERPINA1,serpin family A member 1,6.8497e-08,0.41,0.923
3781,5268,SERPINB5,serpin family B member 5,0.0036486,0.582,0.577
3782,5269,SERPINB6,serpin family B member 6,0.00011009,0.547,0.769
3783,5270,SERPINE2,serpin family E member 2,0.7299,0.592,0.692
3787,5274,SERPINI1,serpin family I member 1,0.026631,0.631,0.462
3790,5277,PIGA,phosphatidylinositol glycan anchor biosynthesis class A,0.96072,0.575,0.654
3791,5279,PIGC,phosphatidylinositol glycan anchor biosynthesis class C,0.0055065,0.691,0.346
3792,5281,PIGF,phosphatidylinositol glycan anchor biosynthesis class F,0.00071995,0.716,0.385
3793,5283,PIGH,phosphatidylinositol glycan anchor biosynthesis class H,0.2307,0.76,0.231
3795,5286,PIK3C2A,phosphatidylinositol-4-phosphate 3-kinase catalytic subunit type 2 alpha,0.010126,0.633,0.692
3798,5289,PIK3C3,phosphatidylinositol 3-kinase catalytic subunit type 3,8.4165e-11,0.647,0.615
3799,5290,PIK3CA,"phosphatidylinositol-4,5-bisphosphate 3-kinase catalytic subunit alpha",1,0.292,0.923
3801,5292,PIM1,"Pim-1 proto-oncogene, serine/threonine kinase",0.84846,0.482,0.769
3802,5293,PIK3CD,"phosphatidylinositol-4,5-bisphosphate 3-kinase catalytic subunit delta",0.99999,0.319,0.885
3803,5294,PIK3CG,"phosphatidylinositol-4,5-bisphosphate 3-kinase catalytic subunit gamma",1.4076e-06,0.32,0.885
3804,5295,PIK3R1,phosphoinositide-3-kinase regulatory subunit 1,0.99978,0.477,0.885
3805,5296,PIK3R2,phosphoinositide-3-kinase regulatory subunit 2,0.016273,0.551,0.808
3808,5300,PIN1,"peptidylprolyl cis/trans isomerase, NIMA-interacting 1",0.74031,0.488,0.769
3813,5307,PITX1,paired like homeodomain 1,0.88244,0.561,0.654
3814,5308,PITX2,paired like homeodomain 2,0.97618,0.489,0.808
3815,5309,PITX3,paired like homeodomain 3,0.81276,0.585,0.692
3816,5310,PKD1,"polycystin 1, transient receptor potential channel interacting",1,0.493,0.769
3817,5311,PKD2,"polycystin 2, transient receptor potential cation channel",0.00017271,0.552,0.731
3819,5313,PKLR,pyruvate kinase L/R,3.4869e-07,0.603,0.615
3820,5314,PKHD1,PKHD1 ciliary IPT domain containing fibrocystin/polyductin,1.1657e-47,0.576,0.654
3821,5315,PKM,pyruvate kinase M1/2,0.8549,0.482,0.808
3824,5318,PKP2,plakophilin 2,3.1147e-18,0.606,0.538
3825,5319,PLA2G1B,phospholipase A2 group IB,1.0057e-10,0.468,0.846
3826,5320,PLA2G2A,phospholipase A2 group IIA,0.097278,0.488,0.808
3827,5321,PLA2G4A,phospholipase A2 group IVA,5.9817e-05,0.496,0.846
3829,5324,PLAG1,PLAG1 zinc finger,0.99532,0.493,0.808
3830,5325,PLAGL1,PLAG1 like zinc finger 1,0.9764,0.566,0.769
3832,5327,PLAT,"plasminogen activator, tissue type",5.6593e-05,0.445,0.885
3833,5328,PLAU,"plasminogen activator, urokinase",2.3058e-06,0.425,0.923
3836,5331,PLCB3,phospholipase C beta 3,0.93999,0.729,0.385
3837,5332,PLCB4,phospholipase C beta 4,3.0437e-06,0.61,0.731
3839,5334,PLCL1,phospholipase C like 1 (inactive),0.012059,0.608,0.654
3840,5335,PLCG1,phospholipase C gamma 1,7.9288e-05,0.564,0.692
3841,5336,PLCG2,phospholipase C gamma 2,0.99562,0.588,0.808
3842,5337,PLD1,phospholipase D1,4.7758e-21,0.576,0.731
3843,5338,PLD2,phospholipase D2,4.1429e-27,0.617,0.654
3844,5339,PLEC,plectin,8.3469e-12,0.523,0.808
3845,5340,PLG,plasminogen,0.010345,0.389,0.923
3847,5345,SERPINF2,serpin family F member 2,0.013624,0.575,0.808
3849,5347,PLK1,polo like kinase 1,0.97851,0.467,0.808
3851,5349,FXYD3,FXYD domain containing ion transport regulator 3,1.0105e-05,0.682,0.423
3852,5350,PLN,phospholamban,0.44947,0.595,0.577
3853,5351,PLOD1,"procollagen-lysine,2-oxoglutarate 5-dioxygenase 1",1.4837e-15,0.579,0.731
3854,5352,PLOD2,"procollagen-lysine,2-oxoglutarate 5-dioxygenase 2",6.6965e-08,0.559,0.654
3855,5354,PLP1,proteolipid protein 1,0.92845,0.543,0.769
3863,5362,PLXNA2,plexin A2,1.0768e-06,0.447,0.808
3866,5366,PMAIP1,phorbol-12-myristate-13-acetate-induced protein 1,0.11182,0.559,0.808
3867,5367,PMCH,pro-melanin concentrating hormone,0.11486,0.615,0.808
3868,5368,PNOC,prepronociceptin,0.015028,0.603,0.577
3869,5371,PML,promyelocytic leukemia,0.21291,0.477,0.846
3871,5373,PMM2,phosphomannomutase 2,1.4072e-17,0.535,0.769
3873,5376,PMP22,peripheral myelin protein 22,0.90958,0.471,0.885
3874,5378,PMS1,"PMS1 homolog 1, mismatch repair system component",1.3178e-17,0.569,0.654
3878,5393,EXOSC9,exosome component 9,1.7871e-11,0.705,0.423
3880,5395,PMS2,"PMS1 homolog 2, mismatch repair system component",4.5176e-27,0.484,0.808
3881,5396,PRRX1,paired related homeobox 1,0.24291,0.543,0.769
3884,5408,PNLIPRP2,pancreatic lipase related protein 2 (gene/pseudogene),3.9766e-10,0.89,0.038
3890,5420,PODXL,podocalyxin like,0.0010333,0.551,0.731
3891,5422,POLA1,"DNA polymerase alpha 1, catalytic subunit",1,0.653,0.731
3893,5424,POLD1,"DNA polymerase delta 1, catalytic subunit",2.4179e-06,0.507,0.769
3895,5426,POLE,"DNA polymerase epsilon, catalytic subunit",8.0488e-27,0.526,0.731
3897,5428,POLG,"DNA polymerase gamma, catalytic subunit",2.0756e-09,0.457,0.846
3898,5429,POLH,DNA polymerase eta,3.5414e-09,0.663,0.462
3899,5430,POLR2A,RNA polymerase II subunit A,1,0.65,0.423
3900,5431,POLR2B,RNA polymerase II subunit B,0.52372,0.839,0.231
3904,5435,POLR2F,RNA polymerase II subunit F,0.012528,0.722,0.308
3909,5442,POLRMT,RNA polymerase mitochondrial,1.739e-20,0.839,0.346
3910,5443,POMC,proopiomelanocortin,0.00011658,0.356,0.846
3911,5444,PON1,paraoxonase 1,9.8142e-11,0.409,0.885
3912,5445,PON2,paraoxonase 2,5.4352e-05,0.566,0.808
3914,5447,POR,cytochrome p450 oxidoreductase,3.4212e-10,0.502,0.769
3915,5449,POU1F1,POU class 1 homeobox 1,0.045046,0.548,0.654
3916,5450,POU2AF1,POU class 2 homeobox associating factor 1,0.56553,0.608,0.615
3921,5455,POU3F3,POU class 3 homeobox 3,0.88278,0.682,0.615
3922,5456,POU3F4,POU class 3 homeobox 4,0.5746,0.633,0.654
3925,5459,POU4F3,POU class 4 homeobox 3,0.91964,0.7,0.538
3926,5460,POU5F1,POU class 5 homeobox 1,0.95371,0.441,0.846
3927,5462,POU5F1B,POU class 5 homeobox 1B,0.00029118,0.67,0.346
3930,5465,PPARA,peroxisome proliferator activated receptor alpha,0.030182,0.432,0.885
3931,5467,PPARD,peroxisome proliferator activated receptor delta,0.99497,0.513,0.846
3932,5468,PPARG,peroxisome proliferator activated receptor gamma,0.029194,0.358,0.885
3933,5469,MED1,mediator complex subunit 1,1,0.573,0.692
3939,5479,PPIB,peptidylprolyl isomerase B,4.7242e-05,0.641,0.577
3941,5481,PPID,peptidylprolyl isomerase D,1.9309e-09,0.603,0.692
3943,5493,PPL,periplakin,1.5145e-42,0.666,0.538
3945,5495,PPM1B,"protein phosphatase, Mg2+/Mn2+ dependent 1B",0.0090829,0.711,0.5
3947,5498,PPOX,protoporphyrinogen oxidase,0.02829,0.678,0.5
3949,5500,PPP1CB,protein phosphatase 1 catalytic subunit beta,0.99912,0.601,0.577
3951,5502,PPP1R1A,protein phosphatase 1 regulatory inhibitor subunit 1A,0.021894,0.559,0.692
3953,5506,PPP1R3A,protein phosphatase 1 regulatory subunit 3A,9.3122e-16,0.711,0.577
3957,5514,PPP1R10,protein phosphatase 1 regulatory subunit 10,1,0.751,0.423
3958,5515,PPP2CA,protein phosphatase 2 catalytic subunit alpha,0.9893,0.608,0.769
3960,5518,PPP2R1A,protein phosphatase 2 scaffold subunit Aalpha,0.98389,0.588,0.577
3963,5521,PPP2R2B,protein phosphatase 2 regulatory subunit Bbeta,0.98467,0.601,0.577
3966,5524,PTPA,protein phosphatase 2 phosphatase activator,0.99057,0.48,0.846
3970,5528,PPP2R5D,protein phosphatase 2 regulatory subunit B'delta,0.99993,0.722,0.462
3972,5530,PPP3CA,protein phosphatase 3 catalytic subunit alpha,0.99988,0.568,0.769
3974,5532,PPP3CB,protein phosphatase 3 catalytic subunit beta,0.99998,0.76,0.308
3975,5533,PPP3CC,protein phosphatase 3 catalytic subunit gamma,0.26374,0.769,0.192
3976,5534,PPP3R1,"protein phosphatase 3 regulatory subunit B, alpha",0.41481,0.682,0.538
3979,5537,PPP6C,protein phosphatase 6 catalytic subunit,0.85535,0.729,0.231
3980,5538,PPT1,palmitoyl-protein thioesterase 1,4.862e-05,0.593,0.808
3983,5542,PRB1,proline rich protein BstNI subfamily 1 (gene/pseudogene),8.3839e-11,0.621,0.692
3987,5547,PRCP,prolylcarboxypeptidase,8.7577e-12,0.633,0.692
3991,5551,PRF1,perforin 1,5.4875e-06,0.54,0.692
3996,5557,PRIM1,DNA primase subunit 1,0.0009938,0.861,0.154
3997,5558,PRIM2,DNA primase subunit 2,1.1605e-07,0.861,0.231
3998,5562,PRKAA1,protein kinase AMP-activated catalytic subunit alpha 1,0.13725,0.453,0.846
4002,5566,PRKACA,protein kinase cAMP-activated catalytic subunit alpha,0.97142,0.606,0.692
4007,5573,PRKAR1A,protein kinase cAMP-dependent type I regulatory subunit alpha,0.99985,0.401,0.846
4008,5575,PRKAR1B,protein kinase cAMP-dependent type I regulatory subunit beta,0.17935,0.716,0.385
4009,5576,PRKAR2A,protein kinase cAMP-dependent type II regulatory subunit alpha,0.11865,0.805,0.269
4011,5578,PRKCA,protein kinase C alpha,0.3677,0.44,0.846
4012,5579,PRKCB,protein kinase C beta,1,0.453,0.885
4013,5580,PRKCD,protein kinase C delta,0.99995,0.48,0.846
4014,5581,PRKCE,protein kinase C epsilon,0.99988,0.597,0.692
4015,5582,PRKCG,protein kinase C gamma,0.99985,0.617,0.5
4016,5583,PRKCH,protein kinase C eta,0.42878,0.653,0.577
4017,5584,PRKCI,protein kinase C iota,0.067986,0.584,0.5
4019,5586,PKN2,protein kinase N2,1,0.711,0.423
4020,5587,PRKD1,protein kinase D1,6.6485e-07,0.531,0.846
4021,5588,PRKCQ,protein kinase C theta,0.2972,0.636,0.654
4023,5590,PRKCZ,protein kinase C zeta,0.541,0.604,0.654
4024,5591,PRKDC,"protein kinase, DNA-activated, catalytic subunit",1,0.54,0.808
4025,5592,PRKG1,protein kinase cGMP-dependent 1,0.99938,0.603,0.769
4027,5594,MAPK1,mitogen-activated protein kinase 1,0.99698,0.33,0.923
4028,5595,MAPK3,mitogen-activated protein kinase 3,0.036884,0.379,0.885
4032,5599,MAPK8,mitogen-activated protein kinase 8,0.99823,0.397,0.885
4035,5602,MAPK10,mitogen-activated protein kinase 10,0.27553,0.606,0.692
4037,5604,MAP2K1,mitogen-activated protein kinase kinase 1,0.89669,0.439,0.846
4038,5605,MAP2K2,mitogen-activated protein kinase kinase 2,0.96673,0.534,0.731
4039,5606,MAP2K3,mitogen-activated protein kinase kinase 3,0.022009,0.619,0.615
4040,5607,MAP2K5,mitogen-activated protein kinase kinase 5,0.004765,0.628,0.654
4041,5608,MAP2K6,mitogen-activated protein kinase kinase 6,0.91334,0.631,0.615
4042,5609,MAP2K7,mitogen-activated protein kinase kinase 7,0.99552,0.419,0.808
4043,5610,EIF2AK2,eukaryotic translation initiation factor 2 alpha kinase 2,0.017643,0.538,0.769
4044,5611,DNAJC3,DnaJ heat shock protein family (Hsp40) member C3,0.017493,0.67,0.577
4048,5617,PRL,prolactin,2.9015e-07,0.406,0.885
4049,5618,PRLR,prolactin receptor,0.98732,0.572,0.692
4052,5621,PRNP,prion protein,0.00063182,0.445,0.923
4054,5624,PROC,"protein C, inactivator of coagulation factors Va and VIIIa",1.9118e-05,0.504,0.808
4055,5625,PRODH,proline dehydrogenase 1,5.3577e-12,0.612,0.692
4056,5626,PROP1,PROP paired-like homeobox 1,0.087746,0.576,0.615
4057,5627,PROS1,protein S,0.00047089,0.467,0.846
4060,5630,PRPH,peripherin,4.7898e-14,0.623,0.462
4061,5631,PRPS1,phosphoribosyl pyrophosphate synthetase 1,0.91542,0.584,0.731
4069,5644,PRSS1,serine protease 1,4.1384e-11,0.563,0.692
4071,5646,PRSS3,serine protease 3,3.5636e-12,0.617,0.615
4072,5648,MASP1,mannan binding lectin serine peptidase 1,1.2276e-11,0.565,0.885
4073,5649,RELN,reelin,1,0.515,0.731
4074,5650,KLK7,kallikrein related peptidase 7,0.0006467,0.61,0.615
4075,5651,TMPRSS15,transmembrane serine protease 15,4.5847e-32,0.751,0.385
4076,5652,PRSS8,serine protease 8,0.10007,0.641,0.5
4078,5654,HTRA1,HtrA serine peptidase 1,0.00049201,0.532,0.692
4079,5655,KLK10,kallikrein related peptidase 10,4.3662e-07,0.608,0.538
4080,5657,PRTN3,proteinase 3,3.8044e-05,0.503,0.808
4081,5660,PSAP,prosaposin,0.99051,0.532,0.846
4083,5663,PSEN1,presenilin 1,0.97322,0.469,0.846
4084,5664,PSEN2,presenilin 2,0.00053736,0.55,0.654
4092,5678,PSG9,pregnancy specific beta-1-glycoprotein 9,3.8689e-22,0.89,0.192
4099,5686,PSMA5,proteasome 20S subunit alpha 5,0.99376,0.674,0.538
4102,5689,PSMB1,proteasome 20S subunit beta 1,0.96996,0.78,0.269
4105,5692,PSMB4,proteasome 20S subunit beta 4,0.0026437,0.659,0.615
4108,5695,PSMB7,proteasome 20S subunit beta 7,0.89419,0.839,0.269
4109,5696,PSMB8,proteasome 20S subunit beta 8,0.021795,0.533,0.808
4110,5697,PYY,peptide YY,0.011784,0.588,0.615
4111,5698,PSMB9,proteasome 20S subunit beta 9,0.0027499,0.514,0.808
4125,5714,PSMD8,"proteasome 26S subunit, non-ATPase 8",0.068806,0.716,0.385
4128,5717,PSMD11,"proteasome 26S subunit, non-ATPase 11",0.99987,0.839,0.269
4129,5718,PSMD12,"proteasome 26S subunit, non-ATPase 12",0.99984,0.578,0.808
4130,5719,PSMD13,"proteasome 26S subunit, non-ATPase 13",0.99901,0.861,0.154
4133,5723,PSPH,phosphoserine phosphatase,0.00096703,0.57,0.808
4136,5726,TAS2R38,taste 2 receptor member 38,0.1303,0.531,0.808
4137,5727,PTCH1,patched 1,1,0.398,0.885
4138,5728,PTEN,phosphatase and tensin homolog,0.25651,0.305,0.923
4139,5729,PTGDR,prostaglandin D2 receptor,3.58e-06,0.65,0.615
4140,5730,PTGDS,prostaglandin D2 synthase,0.0050922,0.503,0.846
4141,5731,PTGER1,prostaglandin E receptor 1,0.00097345,0.674,0.538
4142,5732,PTGER2,prostaglandin E receptor 2,0.0074901,0.597,0.731
4143,5733,PTGER3,prostaglandin E receptor 3,0.37217,0.601,0.731
4144,5734,PTGER4,prostaglandin E receptor 4,0.9755,0.558,0.731
4145,5737,PTGFR,prostaglandin F receptor,0.066085,0.705,0.423
4147,5739,PTGIR,prostaglandin I2 receptor,0.00088819,0.711,0.423
4148,5740,PTGIS,prostaglandin I2 synthase,1.197e-09,0.617,0.654
4149,5741,PTH,parathyroid hormone,0.012093,0.397,0.846
4150,5742,PTGS1,prostaglandin-endoperoxide synthase 1,6.2425e-07,0.46,0.885
4151,5743,PTGS2,prostaglandin-endoperoxide synthase 2,0.99597,0.314,0.962
4152,5744,PTHLH,parathyroid hormone like hormone,0.81146,0.453,0.846
4153,5745,PTH1R,parathyroid hormone 1 receptor,0.57253,0.544,0.731
4154,5746,PTH2R,parathyroid hormone 2 receptor,1.4112e-20,0.78,0.308
4155,5747,PTK2,protein tyrosine kinase 2,0.99987,0.497,0.808
4159,5757,PTMA,prothymosin alpha,0.034451,0.604,0.731
4164,5768,QSOX1,quiescin sulfhydryl oxidase 1,2.5936e-05,0.67,0.577
4165,5770,PTPN1,protein tyrosine phosphatase non-receptor type 1,0.81293,0.523,0.731
4166,5771,PTPN2,protein tyrosine phosphatase non-receptor type 2,0.99953,0.538,0.692
4169,5777,PTPN6,protein tyrosine phosphatase non-receptor type 6,0.99999,0.485,0.769
4172,5781,PTPN11,protein tyrosine phosphatase non-receptor type 11,0.99998,0.385,0.923
4177,5787,PTPRB,protein tyrosine phosphatase receptor type B,0.50207,0.743,0.308
4178,5788,PTPRC,protein tyrosine phosphatase receptor type C,1,0.435,0.808
4179,5789,PTPRD,protein tyrosine phosphatase receptor type D,1,0.584,0.731
4183,5793,PTPRG,protein tyrosine phosphatase receptor type G,5.0736e-06,0.619,0.731
4185,5795,PTPRJ,protein tyrosine phosphatase receptor type J,1.2879e-11,0.606,0.615
4186,5796,PTPRK,protein tyrosine phosphatase receptor type K,0.90291,0.686,0.385
4189,5799,PTPRN2,protein tyrosine phosphatase receptor type N2,5.392e-07,0.678,0.577
4192,5802,PTPRS,protein tyrosine phosphatase receptor type S,0.99983,0.769,0.308
4195,5805,PTS,6-pyruvoyltetrahydropterin synthase,6.4613e-06,0.636,0.654
4196,5806,PTX3,pentraxin 3,6.9827e-05,0.457,0.808
4198,5813,PURA,purine rich element binding protein A,0.94029,0.644,0.5
4200,5816,PVALB,parvalbumin,0.086602,0.547,0.692
4201,5817,PVR,PVR cell adhesion molecule,3.922e-10,0.51,0.769
4202,5818,NECTIN1,nectin cell adhesion molecule 1,0.061154,0.523,0.808
4203,5819,NECTIN2,nectin cell adhesion molecule 2,0.96926,0.575,0.769
4204,5820,PVT1,Pvt1 oncogene,,0.495,0.731
4206,5824,PEX19,peroxisomal biogenesis factor 19,0.0003188,0.584,0.731
4207,5825,ABCD3,ATP binding cassette subfamily D member 3,0.0078364,0.751,0.423
4210,5828,PEX2,peroxisomal biogenesis factor 2,0.00025931,0.582,0.654
4212,5830,PEX5,peroxisomal biogenesis factor 5,5.5557e-05,0.561,0.731
4213,5831,PYCR1,pyrroline-5-carboxylate reductase 1,0.00019947,0.57,0.654
4214,5832,ALDH18A1,aldehyde dehydrogenase 18 family member A1,0.00081212,0.551,0.769
4215,5833,PCYT2,"phosphate cytidylyltransferase 2, ethanolamine",0.0008643,0.821,0.192
4217,5836,PYGL,glycogen phosphorylase L,1.71e-17,0.705,0.423
4218,5837,PYGM,"glycogen phosphorylase, muscle associated",2.033e-13,0.65,0.577
4220,5859,QARS1,glutaminyl-tRNA synthetase 1,2.6952e-13,0.716,0.231
4221,5860,QDPR,quinoid dihydropteridine reductase,0.00015254,0.691,0.5
4230,5869,RAB5B,"RAB5B, member RAS oncogene family",0.026434,0.722,0.346
4232,5871,MAP4K2,mitogen-activated protein kinase kinase kinase kinase 2,1.5422e-11,0.89,0.154
4234,5873,RAB27A,"RAB27A, member RAS oncogene family",3.0027e-07,0.585,0.692
4240,5879,RAC1,Rac family small GTPase 1,0.76228,0.429,0.962
4242,5881,RAC3,Rac family small GTPase 3,0.0026125,0.682,0.423
4243,5883,RAD9A,RAD9 checkpoint clamp component A,4.0279e-06,0.7,0.462
4245,5885,RAD21,RAD21 cohesin complex component,0.99701,0.528,0.846
4248,5888,RAD51,RAD51 recombinase,0.026578,0.447,0.846
4249,5889,RAD51C,RAD51 paralog C,6.1906e-14,0.533,0.692
4250,5890,RAD51B,RAD51 paralog B,2.079e-15,0.556,0.769
4251,5891,MOK,MOK protein kinase,8.8397e-22,0.476,0.769
4252,5892,RAD51D,RAD51 paralog D,1.0631e-09,0.674,0.385
4254,5894,RAF1,"Raf-1 proto-oncogene, serine/threonine kinase",0.85295,0.418,0.885
4255,5896,RAG1,recombination activating 1,2.7659e-05,0.509,0.769
4256,5897,RAG2,recombination activating 2,0.020287,0.507,0.769
4257,5898,RALA,RAS like proto-oncogene A,0.97289,0.656,0.577
4259,5900,RALGDS,ral guanine nucleotide dissociation stimulator,0.88814,0.722,0.462
4260,5901,RAN,"RAN, member RAS oncogene family",0.97576,0.576,0.808
4261,5902,RANBP1,RAN binding protein 1,0.82235,0.736,0.615
4262,5903,RANBP2,RAN binding protein 2,1,0.578,0.615
4264,5906,RAP1A,"RAP1A, member of RAS oncogene family",0.62227,0.502,0.808
4265,5908,RAP1B,"RAP1B, member of RAS oncogene family",0.90995,0.565,0.769
4270,5913,RAPSN,receptor associated protein of the synapse,0.0015148,0.593,0.731
4271,5914,RARA,retinoic acid receptor alpha,0.96305,0.47,0.846
4272,5915,RARB,retinoic acid receptor beta,0.99983,0.478,0.846
4273,5916,RARG,retinoic acid receptor gamma,0.99478,0.608,0.731
4274,5917,RARS1,arginyl-tRNA synthetase 1,3.2689e-08,0.604,0.538
4278,5921,RASA1,RAS p21 protein activator 1,1,0.481,0.885
4279,5922,RASA2,RAS p21 protein activator 2,7.391e-31,0.579,0.769
4282,5925,RB1,RB transcriptional corepressor 1,1,0.444,0.885
4289,5932,RBBP8,"RB binding protein 8, endonuclease",3.0764e-12,0.584,0.808
4290,5933,RBL1,RB transcriptional corepressor like 1,2.9339e-12,0.666,0.385
4291,5934,RBL2,RB transcriptional corepressor like 2,0.99835,0.579,0.769
4292,5935,RBM3,RNA binding motif protein 3,0.82616,0.595,0.654
4294,5937,RBMS1,RNA binding motif single stranded interacting protein 1,0.11929,0.861,0.231
4295,5939,RBMS2,RNA binding motif single stranded interacting protein 2,1.3611e-06,0.89,0.154
4300,5949,RBP3,retinol binding protein 3,0.00010889,0.621,0.5
4301,5950,RBP4,retinol binding protein 4,0.51951,0.493,0.808
4303,5954,RCN1,reticulocalbin 1,2.8821e-05,0.711,0.5
4305,5956,OPN1LW,"opsin 1, long wave sensitive",0.97535,0.497,0.808
4307,5959,RDH5,retinol dehydrogenase 5,8.872e-11,0.656,0.462
4308,5961,PRPH2,peripherin 2,0.11554,0.551,0.5
4309,5962,RDX,radixin,0.85245,0.593,0.615
4311,5965,RECQL,RecQ like helicase,1.5345e-20,0.615,0.615
4312,5966,REL,"REL proto-oncogene, NF-kB subunit",0.99836,0.579,0.692
4313,5967,REG1A,regenerating family member 1 alpha,1.3499e-05,0.467,0.846
4316,5970,RELA,"RELA proto-oncogene, NF-kB subunit",0.99948,0.406,0.885
4318,5972,REN,renin,2.4297e-07,0.37,0.923
4321,5977,DPF2,double PHD fingers 2,0.99985,0.604,0.731
4322,5978,REST,RE1 silencing transcription factor,0.99186,0.535,0.808
4323,5979,RET,ret proto-oncogene,1,0.392,0.885
4326,5982,RFC2,replication factor C subunit 2,2.2054e-06,0.52,0.769
4335,5991,RFX3,regulatory factor X3,1,0.686,0.462
4337,5993,RFX5,regulatory factor X5,1.9605e-11,0.65,0.577
4338,5994,RFXAP,regulatory factor X associated protein,0.023275,0.663,0.577
4339,5995,RGR,retinal G protein coupled receptor,2.4228e-10,0.691,0.385
4341,5997,RGS2,regulator of G protein signaling 2,5.6973e-06,0.561,0.769
4342,5998,RGS3,regulator of G protein signaling 3,2.2646e-11,0.722,0.385
4343,5999,RGS4,regulator of G protein signaling 4,5.1409e-08,0.621,0.577
4344,6000,RGS7,regulator of G protein signaling 7,0.77696,0.722,0.462
4349,6005,RHAG,Rh associated glycoprotein,0.010404,0.716,0.346
4354,6010,RHO,rhodopsin,0.00013108,0.525,0.769
4355,6011,GRK1,G protein-coupled receptor kinase 1,3.0677e-05,0.695,0.423
4360,6016,RIT1,Ras like without CAAX 1,0.13281,0.527,0.808
4361,6017,RLBP1,retinaldehyde binding protein 1,1.1303e-05,0.644,0.5
4363,6019,RLN2,relaxin 2,0.00090025,0.626,0.615
4365,6023,RMRP,RNA component of mitochondrial RNA processing endoribonuclease,,0.519,0.731
4367,6035,RNASE1,"ribonuclease A family member 1, pancreatic",0.025608,0.604,0.692
4368,6036,RNASE2,ribonuclease A family member 2,,0.621,0.692
4369,6037,RNASE3,ribonuclease A family member 3,,0.49,0.808
4371,6039,RNASE6,ribonuclease A family member k6,0.082292,0.931,0.077
4372,6041,RNASEL,ribonuclease L,1.9513e-10,0.579,0.692
4378,6049,RNF6,ring finger protein 6,0.01389,0.656,0.615
4393,6091,ROBO1,roundabout guidance receptor 1,7.2696e-16,0.535,0.731
4394,6092,ROBO2,roundabout guidance receptor 2,1,0.633,0.462
4395,6093,ROCK1,Rho associated coiled-coil containing protein kinase 1,1,0.513,0.731
4397,6095,RORA,RAR related orphan receptor A,0.40096,0.533,0.808
4398,6096,RORB,RAR related orphan receptor B,0.99991,0.644,0.5
4399,6097,RORC,RAR related orphan receptor C,0.99985,0.576,0.769
4400,6098,ROS1,"ROS proto-oncogene 1, receptor tyrosine kinase",1.6184e-72,0.439,0.885
4401,6100,RP9,RP9 pre-mRNA splicing factor,0.018956,0.67,0.5
4402,6101,RP1,RP1 axonemal microtubule associated,4.415e-13,0.663,0.462
4403,6102,RP2,RP2 activator of ARL3 GTPase,0.95597,0.67,0.346
4404,6103,RPGR,retinitis pigmentosa GTPase regulator,0.99804,0.536,0.692
4411,6121,RPE65,retinoid isomerohydrolase RPE65,6.4889e-14,0.417,0.808
4412,6122,RPL3,ribosomal protein L3,0.99441,0.736,0.462
4413,6123,RPL3L,ribosomal protein L3 like,4.947e-16,0.89,0.192
4415,6125,RPL5,ribosomal protein L5,0.99776,0.617,0.615
4421,6134,RPL10,ribosomal protein L10,0.90915,0.568,0.731
4422,6135,RPL11,ribosomal protein L11,0.96088,0.65,0.577
4425,6138,RPL15,ribosomal protein L15,0.97146,0.686,0.615
4429,6143,RPL19,ribosomal protein L19,0.98197,0.751,0.308
4430,6144,RPL21,ribosomal protein L21,0.83747,0.839,0.115
4432,6147,RPL23A,ribosomal protein L23a,0.90573,0.78,0.308
4435,6154,RPL26,ribosomal protein L26,0.9163,0.695,0.423
4436,6155,RPL27,ribosomal protein L27,0.85027,0.769,0.385
4445,6165,RPL35A,ribosomal protein L35a,0.89535,0.736,0.385
4458,6185,RPN2,ribophorin II,0.11487,0.686,0.462
4465,6194,RPS6,ribosomal protein S6,0.9759,0.547,0.692
4467,6196,RPS6KA2,ribosomal protein S6 kinase A2,0.0094073,0.636,0.538
4468,6197,RPS6KA3,ribosomal protein S6 kinase A3,0.99999,0.491,0.846
4470,6199,RPS6KB2,ribosomal protein S6 kinase B2,5.9588e-21,0.678,0.538
4471,6201,RPS7,ribosomal protein S7,0.95439,0.682,0.462
4474,6204,RPS10,ribosomal protein S10,0.97108,0.729,0.462
4475,6205,RPS11,ribosomal protein S11,0.94396,0.931,0.038
4478,6208,RPS14,ribosomal protein S14,0.90388,0.631,0.5
4479,6209,RPS15,ribosomal protein S15,0.83284,0.695,0.231
4482,6218,RPS17,ribosomal protein S17,0.32566,0.751,0.462
4484,6223,RPS19,ribosomal protein S19,0.92111,0.48,0.846
4485,6224,RPS20,ribosomal protein S20,0.020686,0.61,0.692
4488,6229,RPS24,ribosomal protein S24,0.68141,0.695,0.423
4490,6231,RPS26,ribosomal protein S26,0.84833,0.716,0.538
4491,6232,RPS27,ribosomal protein S27,0.75663,0.578,0.769
4493,6234,RPS28,ribosomal protein S28,0.68259,0.716,0.423
4494,6235,RPS29,ribosomal protein S29,0.29053,0.729,0.423
4495,6236,RRAD,"RRAD, Ras related glycolysis inhibitor and calcium channel regulator",0.43879,0.638,0.538
4496,6237,RRAS,RAS related,0.004663,0.543,0.808
4497,6238,RRBP1,ribosome binding protein 1,2.2851e-11,0.615,0.577
4498,6239,RREB1,ras responsive element binding protein 1,1,0.5,0.808
4499,6240,RRM1,ribonucleotide reductase catalytic subunit M1,1,0.552,0.692
4502,6247,RS1,retinoschisin 1,0.95743,0.686,0.5
4504,6249,CLIP1,CAP-Gly domain containing linker protein 1,0.68088,0.617,0.654
4505,6251,RSU1,Ras suppressor protein 1,0.00089071,0.716,0.308
4507,6253,RTN2,reticulon 2,0.41643,0.711,0.385
4508,6256,RXRA,retinoid X receptor alpha,0.99852,0.543,0.769
4509,6257,RXRB,retinoid X receptor beta,0.99719,0.686,0.654
4510,6258,RXRG,retinoid X receptor gamma,0.42421,0.674,0.615
4511,6259,RYK,receptor like tyrosine kinase,0.98922,0.705,0.423
4512,6261,RYR1,ryanodine receptor 1,1.5944e-29,0.489,0.808
4513,6262,RYR2,ryanodine receptor 2,0.99999,0.539,0.615
4519,6275,S100A4,S100 calcium binding protein A4,0.0061838,0.448,0.769
4521,6277,S100A6,S100 calcium binding protein A6,0.17565,0.51,0.808
4523,6279,S100A8,S100 calcium binding protein A8,0.13761,0.43,0.962
4524,6280,S100A9,S100 calcium binding protein A9,0.4777,0.433,0.885
4525,6281,S100A10,S100 calcium binding protein A10,0.16843,0.528,0.769
4526,6282,S100A11,S100 calcium binding protein A11,0.0084662,0.556,0.731
4529,6285,S100B,S100 calcium binding protein B,0.04387,0.383,0.923
4531,6288,SAA1,serum amyloid A1,0.01493,0.513,0.808
4532,6289,SAA2,serum amyloid A2,2.7019e-06,0.568,0.731
4537,6295,SAG,S-antigen visual arrestin,1.4921e-16,0.57,0.731
4538,6296,ACSM3,acyl-CoA synthetase medium chain family member 3,1.441e-14,0.623,0.615
4539,6297,SALL2,spalt like transcription factor 2,0.00013767,0.674,0.423
4541,6299,SALL1,spalt like transcription factor 1,0.99971,0.539,0.808
4542,6300,MAPK12,mitogen-activated protein kinase 12,5.8734e-07,0.695,0.346
4544,6302,TSPAN31,tetraspanin 31,0.21925,0.556,0.654
4545,6303,SAT1,spermidine/spermine N1-acetyltransferase 1,0.8706,0.539,0.808
4548,6307,MSMO1,methylsterol monooxygenase 1,0.089971,0.729,0.385
4549,6309,SC5D,sterol-C5-desaturase,0.0025941,0.641,0.577
4550,6310,ATXN1,ataxin 1,0.97498,0.534,0.769
4551,6311,ATXN2,ataxin 2,0.85289,0.482,0.808
4552,6314,ATXN7,ataxin 7,0.9595,0.581,0.654
4553,6315,ATXN8OS,ATXN8 opposite strand lncRNA,,0.65,0.423
4556,6319,SCD,stearoyl-CoA desaturase,0.96968,0.49,0.808
4559,6323,SCN1A,sodium voltage-gated channel alpha subunit 1,1,0.477,0.808
4560,6324,SCN1B,sodium voltage-gated channel beta subunit 1,0.10186,0.575,0.538
4561,6326,SCN2A,sodium voltage-gated channel alpha subunit 2,1,0.518,0.731
4562,6327,SCN2B,sodium voltage-gated channel beta subunit 2,0.0017119,0.678,0.192
4563,6328,SCN3A,sodium voltage-gated channel alpha subunit 3,1,0.617,0.538
4564,6329,SCN4A,sodium voltage-gated channel alpha subunit 4,0.01294,0.554,0.731
4565,6330,SCN4B,sodium voltage-gated channel beta subunit 4,6.4529e-07,0.705,0.346
4566,6331,SCN5A,sodium voltage-gated channel alpha subunit 5,0.91291,0.513,0.654
4568,6334,SCN8A,sodium voltage-gated channel alpha subunit 8,1,0.51,0.731
4569,6335,SCN9A,sodium voltage-gated channel alpha subunit 9,4.7524e-19,0.543,0.615
4570,6336,SCN10A,sodium voltage-gated channel alpha subunit 10,9.9457e-38,0.566,0.692
4571,6337,SCNN1A,sodium channel epithelial 1 subunit alpha,1.0835e-11,0.601,0.577
4572,6338,SCNN1B,sodium channel epithelial 1 subunit beta,5.7545e-08,0.628,0.577
4574,6340,SCNN1G,sodium channel epithelial 1 subunit gamma,0.48199,0.633,0.577
4575,6341,SCO1,synthesis of cytochrome C oxidase 1,0.00022337,0.638,0.769
4576,6342,SCP2,sterol carrier protein 2,8.7451e-07,0.644,0.5
4577,6343,SCT,secretin,1.4425e-07,0.484,0.846
4580,6346,CCL1,C-C motif chemokine ligand 1,0.0079669,0.587,0.692
4581,6347,CCL2,C-C motif chemokine ligand 2,0.60786,0.321,0.962
4582,6348,CCL3,C-C motif chemokine ligand 3,0.34981,0.46,0.885
4583,6349,CCL3L1,C-C motif chemokine ligand 3 like 1,0.12057,0.65,0.654
4585,6352,CCL5,C-C motif chemokine ligand 5,0.0017516,0.403,0.885
4586,6354,CCL7,C-C motif chemokine ligand 7,0.00089294,0.548,0.846
4587,6355,CCL8,C-C motif chemokine ligand 8,0.041412,0.546,0.692
4588,6356,CCL11,C-C motif chemokine ligand 11,0.010211,0.473,0.885
4593,6361,CCL17,C-C motif chemokine ligand 17,0.00013932,0.518,0.808
4594,6362,CCL18,C-C motif chemokine ligand 18,0.0091743,0.489,0.846
4596,6364,CCL20,C-C motif chemokine ligand 20,0.00024242,0.474,0.846
4598,6367,CCL22,C-C motif chemokine ligand 22,0.0084014,0.5,0.846
4603,6373,CXCL11,C-X-C motif chemokine ligand 11,0.31408,0.519,0.808
4604,6374,CXCL5,C-X-C motif chemokine ligand 5,5.0431e-06,0.519,0.769
4606,6376,CX3CL1,C-X3-C motif chemokine ligand 1,0.60837,0.478,0.808
4609,6382,SDC1,syndecan 1,0.0084118,0.445,0.769
4611,6385,SDC4,syndecan 4,0.0041475,0.603,0.615
4613,6387,CXCL12,C-X-C motif chemokine ligand 12,0.11851,0.379,0.846
4615,6389,SDHA,succinate dehydrogenase complex flavoprotein subunit A,2.6088e-10,0.517,0.731
4616,6390,SDHB,succinate dehydrogenase complex iron sulfur subunit B,0.00024397,0.474,0.846
4617,6391,SDHC,succinate dehydrogenase complex subunit C,0.00020065,0.517,0.846
4618,6392,SDHD,succinate dehydrogenase complex subunit D,0.33697,0.472,0.885
4623,6399,TRAPPC2,trafficking protein particle complex 2,0.002414,0.722,0.308
4625,6401,SELE,selectin E,7.9058e-10,0.447,0.808
4626,6402,SELL,selectin L,4.9624e-07,0.505,0.846
4627,6403,SELP,selectin P,5.0448e-32,0.46,0.769
4632,6414,SELENOP,selenoprotein P,8.2884e-07,0.545,0.769
4634,6416,MAP2K4,mitogen-activated protein kinase kinase 4,0.99709,0.559,0.692
4640,6424,SFRP4,secreted frizzled related protein 4,9.2586e-05,0.524,0.654
4643,6427,SRSF2,serine and arginine rich splicing factor 2,0.47898,0.561,0.731
4646,6430,SRSF5,serine and arginine rich splicing factor 5,0.69255,0.604,0.808
4647,6431,SRSF6,serine and arginine rich splicing factor 6,0.91099,0.67,0.462
4651,6439,SFTPB,surfactant protein B,0.00025934,0.575,0.654
4652,6440,SFTPC,surfactant protein C,0.00075276,0.556,0.692
4653,6441,SFTPD,surfactant protein D,7.4927e-05,0.5,0.846
4654,6442,SGCA,sarcoglycan alpha,0.0027124,0.592,0.654
4655,6443,SGCB,sarcoglycan beta,9.5805e-07,0.656,0.346
4656,6444,SGCD,sarcoglycan delta,0.0020725,0.641,0.615
4657,6445,SGCG,sarcoglycan gamma,4.821e-05,0.621,0.615
4658,6446,SGK1,serum/glucocorticoid regulated kinase 1,0.0023046,0.506,0.769
4660,6448,SGSH,N-sulfoglucosamine sulfohydrolase,0.00010158,0.638,0.692
4664,6452,SH3BP2,SH3 domain binding protein 2,1.156e-11,0.623,0.654
4665,6453,ITSN1,intersectin 1,1,0.656,0.577
4667,6456,SH3GL2,"SH3 domain containing GRB2 like 2, endophilin A1",0.00011862,0.659,0.5
4670,6462,SHBG,sex hormone binding globulin,1.2538e-06,0.438,0.808
4672,6464,SHC1,SHC adaptor protein 1,0.0017351,0.597,0.538
4674,6469,SHH,sonic hedgehog signaling molecule,0.98258,0.46,0.846
4675,6470,SHMT1,serine hydroxymethyltransferase 1,1.275e-14,0.566,0.654
4677,6473,SHOX,short stature homeobox,0.66566,0.561,0.654
4679,6476,SI,sucrase-isomaltase,3.9353e-60,0.569,0.692
4682,6480,ST6GAL1,"ST6 beta-galactoside alpha-2,6-sialyltransferase 1",0.2341,0.569,0.731
4685,6484,ST3GAL4,"ST3 beta-galactoside alpha-2,3-sialyltransferase 4",0.039802,0.588,0.692
4686,6487,ST3GAL3,"ST3 beta-galactoside alpha-2,3-sialyltransferase 3",0.0025598,0.606,0.654
4689,6491,STIL,STIL centriolar assembly protein,0.20105,0.584,0.731
4690,6492,SIM1,SIM bHLH transcription factor 1,0.99828,0.626,0.654
4691,6493,SIM2,SIM bHLH transcription factor 2,0.19959,0.619,0.731
4693,6495,SIX1,SIX homeobox 1,0.65297,0.496,0.692
4694,6496,SIX3,SIX homeobox 3,0.94714,0.56,0.692
4695,6497,SKI,SKI proto-oncogene,0.99901,0.503,0.808
4696,6498,SKIL,SKI like proto-oncogene,0.98512,0.621,0.538
4697,6499,SKIV2L,Ski2 like RNA helicase,1.2931e-22,0.615,0.654
4699,6502,SKP2,S-phase kinase associated protein 2,0.96042,0.492,0.808
4701,6504,SLAMF1,signaling lymphocytic activation molecule family member 1,0.0070368,0.612,0.615
4702,6505,SLC1A1,solute carrier family 1 member 1,8.6876e-06,0.561,0.654
4703,6506,SLC1A2,solute carrier family 1 member 2,0.71036,0.511,0.731
4704,6507,SLC1A3,solute carrier family 1 member 3,0.98914,0.573,0.577
4706,6509,SLC1A4,solute carrier family 1 member 4,0.06559,0.7,0.385
4708,6511,SLC1A6,solute carrier family 1 member 6,0.76237,0.78,0.154
4710,6513,SLC2A1,solute carrier family 2 member 1,0.9941,0.388,0.808
4711,6514,SLC2A2,solute carrier family 2 member 2,3.4337e-08,0.572,0.692
4712,6515,SLC2A3,solute carrier family 2 member 3,0.010333,0.534,0.769
4713,6517,SLC2A4,solute carrier family 2 member 4,4.7123e-05,0.528,0.769
4715,6519,SLC3A1,solute carrier family 3 member 1,7.2168e-27,0.593,0.731
4717,6521,SLC4A1,solute carrier family 4 member 1 (Diego blood group),0.84602,0.522,0.731
4718,6522,SLC4A2,solute carrier family 4 member 2,0.98521,0.682,0.346
4720,6524,SLC5A2,solute carrier family 5 member 2,4.9184e-14,0.499,0.769
4721,6525,SMTN,smoothelin,1.5966e-07,0.736,0.346
4724,6528,SLC5A5,solute carrier family 5 member 5,0.0029492,0.499,0.769
4725,6529,SLC6A1,solute carrier family 6 member 1,0.99993,0.592,0.538
4726,6530,SLC6A2,solute carrier family 6 member 2,0.081524,0.49,0.846
4727,6531,SLC6A3,solute carrier family 6 member 3,0.99758,0.453,0.885
4728,6532,SLC6A4,solute carrier family 6 member 4,0.24602,0.429,0.808
4731,6535,SLC6A8,solute carrier family 6 member 8,0.99778,0.476,0.846
4732,6536,SLC6A9,solute carrier family 6 member 9,2.1702e-05,0.641,0.5
4734,6539,SLC6A12,solute carrier family 6 member 12,1.2837e-08,0.716,0.5
4735,6540,SLC6A13,solute carrier family 6 member 13,1.2157e-11,0.736,0.346
4736,6541,SLC7A1,solute carrier family 7 member 1,0.99291,0.678,0.5
4737,6542,SLC7A2,solute carrier family 7 member 2,2.3434e-11,0.7,0.5
4740,6546,SLC8A1,solute carrier family 8 member A1,0.9957,0.544,0.769
4741,6547,SLC8A3,solute carrier family 8 member A3,0.00073391,0.666,0.346
4742,6548,SLC9A1,solute carrier family 9 member A1,0.79049,0.55,0.731
4744,6550,SLC9A3,solute carrier family 9 member A3,0.97845,0.612,0.615
4746,6554,SLC10A1,solute carrier family 10 member 1,4.7887e-16,0.626,0.462
4747,6555,SLC10A2,solute carrier family 10 member 2,9.5802e-17,0.621,0.538
4748,6556,SLC11A1,solute carrier family 11 member 1,1.5485e-19,0.525,0.846
4749,6557,SLC12A1,solute carrier family 12 member 1,6.6809e-17,0.631,0.538
4750,6558,SLC12A2,solute carrier family 12 member 2,0.96153,0.552,0.808
4751,6559,SLC12A3,solute carrier family 12 member 3,3.0324e-32,0.493,0.808
4752,6560,SLC12A4,solute carrier family 12 member 4,2.0528e-11,0.76,0.385
4757,6566,SLC16A1,solute carrier family 16 member 1,0.00073565,0.499,0.846
4758,6567,SLC16A2,solute carrier family 16 member 2,0.98828,0.592,0.577
4759,6568,SLC17A1,solute carrier family 17 member 1,4.1179e-16,0.76,0.462
4760,6569,SLC34A1,solute carrier family 34 member 1,8.9128e-27,0.619,0.423
4762,6571,SLC18A2,solute carrier family 18 member A2,0.075523,0.554,0.769
4763,6572,SLC18A3,solute carrier family 18 member A3,0.45355,0.608,0.654
4764,6573,SLC19A1,solute carrier family 19 member 1,6.4655e-06,0.523,0.692
4766,6575,SLC20A2,solute carrier family 20 member 2,0.96545,0.638,0.577
4767,6576,SLC25A1,solute carrier family 25 member 1,0.058829,0.553,0.731
4768,6578,SLCO2A1,solute carrier organic anion transporter family member 2A1,2.2804e-13,0.578,0.654
4770,6580,SLC22A1,solute carrier family 22 member 1,1.4614e-22,0.556,0.731
4771,6581,SLC22A3,solute carrier family 22 member 3,7.7723e-10,0.531,0.846
4772,6582,SLC22A2,solute carrier family 22 member 2,2.0202e-12,0.572,0.769
4773,6583,SLC22A4,solute carrier family 22 member 4,1.8253e-08,0.603,0.769
4774,6584,SLC22A5,solute carrier family 22 member 5,5.2651e-16,0.608,0.731
4776,6586,SLIT3,slit guidance ligand 3,0.75233,0.623,0.615
4778,6590,SLPI,secretory leukocyte peptidase inhibitor,0.00089665,0.449,0.846
4779,6591,SNAI2,snail family transcriptional repressor 2,0.79531,0.505,0.692
4780,6594,SMARCA1,"SWI/SNF related, matrix associated, actin dependent regulator of chromatin, subfamily a, member 1",1,0.504,0.808
4781,6595,SMARCA2,"SWI/SNF related, matrix associated, actin dependent regulator of chromatin, subfamily a, member 2",1,0.527,0.769
4783,6597,SMARCA4,"SWI/SNF related, matrix associated, actin dependent regulator of chromatin, subfamily a, member 4",1,0.45,0.885
4784,6598,SMARCB1,"SWI/SNF related, matrix associated, actin dependent regulator of chromatin, subfamily b, member 1",0.9971,0.434,0.846
4785,6599,SMARCC1,"SWI/SNF related, matrix associated, actin dependent regulator of chromatin subfamily c member 1",1,0.674,0.423
4786,6601,SMARCC2,"SWI/SNF related, matrix associated, actin dependent regulator of chromatin subfamily c member 2",1,0.644,0.615
4788,6603,SMARCD2,"SWI/SNF related, matrix associated, actin dependent regulator of chromatin, subfamily d, member 2",6.4893e-05,0.7,0.385
4790,6605,SMARCE1,"SWI/SNF related, matrix associated, actin dependent regulator of chromatin, subfamily e, member 1",0.99915,0.572,0.769
4791,6606,SMN1,"survival of motor neuron 1, telomeric",0.015829,0.454,0.769
4792,6607,SMN2,"survival of motor neuron 2, centromeric",0.10337,0.459,0.769
4793,6608,SMO,"smoothened, frizzled class receptor",4.2771e-07,0.489,0.731
4794,6609,SMPD1,sphingomyelin phosphodiesterase 1,3.8932e-10,0.499,0.885
4796,6611,SMS,spermine synthase,0.97297,0.491,0.846
4797,6612,SUMO3,small ubiquitin like modifier 3,0.32841,0.686,0.538
4798,6613,SUMO2,small ubiquitin like modifier 2,0.86943,0.666,0.615
4800,6615,SNAI1,snail family transcriptional repressor 1,0.21754,0.474,0.808
4801,6616,SNAP25,synaptosome associated protein 25,0.98653,0.489,0.808
4805,6620,SNCB,synuclein beta,0.068062,0.619,0.577
4807,6622,SNCA,synuclein alpha,0.8829,0.427,0.885
4808,6623,SNCG,synuclein gamma,0.0008475,0.55,0.615
4813,6628,SNRPB,small nuclear ribonucleoprotein polypeptides B and B1,0.70858,0.595,0.731
4822,6638,SNRPN,small nuclear ribonucleoprotein polypeptide N,0.043181,0.538,0.731
4823,6640,SNTA1,syntrophin alpha 1,0.0056417,0.678,0.308
4824,6641,SNTB1,syntrophin beta 1,0.0010263,0.792,0.269
4829,6647,SOD1,superoxide dismutase 1,0.1773,0.379,0.962
4830,6648,SOD2,superoxide dismutase 2,0.15499,0.379,0.923
4831,6649,SOD3,superoxide dismutase 3,0.00072272,0.531,0.808
4833,6651,SON,SON DNA binding protein,1,0.565,0.769
4834,6652,SORD,sorbitol dehydrogenase,4.4938e-08,0.552,0.769
4835,6653,SORL1,sortilin related receptor 1,7.6609e-11,0.582,0.692
4836,6654,SOS1,SOS Ras/Rac guanine nucleotide exchange factor 1,1,0.485,0.808
4837,6655,SOS2,SOS Ras/Rho guanine nucleotide exchange factor 2,0.99955,0.608,0.692
4839,6657,SOX2,SRY-box transcription factor 2,0.70662,0.405,0.808
4840,6658,SOX3,SRY-box transcription factor 3,0.44948,0.535,0.731
4841,6659,SOX4,SRY-box transcription factor 4,0.92656,0.489,0.808
4842,6660,SOX5,SRY-box transcription factor 5,0.99995,0.545,0.769
4843,6662,SOX9,SRY-box transcription factor 9,0.99772,0.419,0.846
4844,6663,SOX10,SRY-box transcription factor 10,0.99166,0.461,0.808
4845,6664,SOX11,SRY-box transcription factor 11,0.85844,0.494,0.808
4848,6667,SP1,Sp1 transcription factor,0.99997,0.493,0.769
4853,6674,SPAG1,sperm associated antigen 1,1.445e-09,0.663,0.577
4855,6676,SPAG4,sperm associated antigen 4,2.7163e-07,0.76,0.154
4857,6678,SPARC,secreted protein acidic and cysteine rich,0.89148,0.445,0.846
4858,6683,SPAST,spastin,0.99939,0.579,0.577
4859,6687,SPG7,"SPG7 matrix AAA peptidase subunit, paraplegin",1.9683e-36,0.436,0.885
4861,6689,SPIB,Spi-B transcription factor,0.91231,0.628,0.538
4862,6690,SPINK1,serine peptidase inhibitor Kazal type 1,0.31476,0.492,0.808
4868,6696,SPP1,secreted phosphoprotein 1,2.146e-06,0.353,0.885
4869,6697,SPR,sepiapterin reductase,0.0434,0.631,0.654
4872,6700,SPRR2A,small proline rich protein 2A,,0.612,0.731
4879,6708,SPTA1,"spectrin alpha, erythrocytic 1",2.6001e-18,0.638,0.538
4880,6709,SPTAN1,"spectrin alpha, non-erythrocytic 1",1,0.601,0.615
4881,6710,SPTB,"spectrin beta, erythrocytic",1,0.65,0.462
4882,6711,SPTBN1,"spectrin beta, non-erythrocytic 1",1,0.619,0.538
4883,6712,SPTBN2,"spectrin beta, non-erythrocytic 2",9.9268e-05,0.619,0.731
4885,6714,SRC,"SRC proto-oncogene, non-receptor tyrosine kinase",0.99691,0.467,0.885
4886,6715,SRD5A1,steroid 5 alpha-reductase 1,1.1557e-05,0.628,0.538
4887,6716,SRD5A2,steroid 5 alpha-reductase 2,,0.564,0.615
4888,6717,SRI,sorcin,3.4837e-10,0.587,0.769
4889,6718,AKR1D1,aldo-keto reductase family 1 member D1,1.7175e-07,0.711,0.385
4890,6720,SREBF1,sterol regulatory element binding transcription factor 1,0.014708,0.518,0.808
4891,6721,SREBF2,sterol regulatory element binding transcription factor 2,0.20734,0.566,0.577
4892,6722,SRF,serum response factor,0.97545,0.534,0.808
4897,6729,SRP54,signal recognition particle 54,0.99895,0.612,0.769
4899,6731,SRP72,signal recognition particle 72,0.0017104,0.711,0.269
4903,6736,SRY,sex determining region Y,,0.456,0.808
4904,6737,TRIM21,tripartite motif containing 21,3.3549e-09,0.485,0.808
4908,6742,SSBP1,single stranded DNA binding protein 1,0.0036396,0.678,0.385
4910,6745,SSR1,signal sequence receptor subunit 1,0.2706,0.711,0.269
4913,6748,SSR4,signal sequence receptor subunit 4,0.87499,0.705,0.423
4915,6750,SST,somatostatin,0.34128,0.399,0.885
4916,6751,SSTR1,somatostatin receptor 1,0.7473,0.606,0.615
4917,6752,SSTR2,somatostatin receptor 2,0.44416,0.539,0.731
4918,6753,SSTR3,somatostatin receptor 3,9.9007e-05,0.659,0.423
4920,6755,SSTR5,somatostatin receptor 5,0.00095544,0.59,0.615
4921,6756,SSX1,SSX family member 1,3.6857e-45,0.674,0.308
4928,6764,DENND2B,DENN domain containing 2B,0.99996,0.931,0.154
4931,6768,ST14,suppression of tumorigenicity 14,0.56042,0.514,0.769
4933,6770,STAR,steroidogenic acute regulatory protein,8.7679e-11,0.513,0.808
4934,6772,STAT1,signal transducer and activator of transcription 1,0.99999,0.399,0.885
4936,6774,STAT3,signal transducer and activator of transcription 3,1,0.32,0.923
4937,6775,STAT4,signal transducer and activator of transcription 4,0.7662,0.471,0.769
4938,6776,STAT5A,signal transducer and activator of transcription 5A,0.99994,0.445,0.808
4939,6777,STAT5B,signal transducer and activator of transcription 5B,0.99988,0.442,0.808
4940,6778,STAT6,signal transducer and activator of transcription 6,0.98849,0.475,0.808
4941,6779,STATH,statherin,7.9792e-05,0.608,0.769
4943,6781,STC1,stanniocalcin 1,0.20364,0.532,0.731
4945,6783,SULT1E1,sulfotransferase family 1E member 1,1.9701e-07,0.508,0.808
4946,6785,ELOVL4,ELOVL fatty acid elongase 4,0.83227,0.601,0.577
4947,6786,STIM1,stromal interaction molecule 1,0.77534,0.501,0.808
4951,6790,AURKA,aurora kinase A,0.8676,0.475,0.731
4952,6792,CDKL5,cyclin dependent kinase like 5,0.99932,0.522,0.692
4954,6794,STK11,serine/threonine kinase 11,0.9934,0.435,0.808
4958,6804,STX1A,syntaxin 1A,0.9785,0.621,0.654
4961,6811,STX5,syntaxin 5,0.84297,0.821,0.308
4962,6812,STXBP1,syntaxin binding protein 1,1,0.532,0.692
4963,6813,STXBP2,syntaxin binding protein 2,3.0444e-08,0.686,0.5
4966,6817,SULT1A1,sulfotransferase family 1A member 1,3.039e-11,0.554,0.769
4969,6820,SULT2B1,sulfotransferase family 2B member 1,0.43553,0.641,0.538
4970,6821,SUOX,sulfite oxidase,9.399e-07,0.638,0.615
4977,6833,ABCC8,ATP binding cassette subfamily C member 8,7.9571e-24,0.474,0.846
4978,6834,SURF1,SURF1 cytochrome c oxidase assembly factor,1.5883e-13,0.578,0.654
4983,6839,SUV39H1,suppressor of variegation 3-9 homolog 1,0.98957,0.595,0.577
4985,6843,VAMP1,vesicle associated membrane protein 1,0.0039396,0.628,0.538
4987,6845,VAMP7,vesicle associated membrane protein 7,0.013777,0.612,0.577
4990,6850,SYK,spleen associated tyrosine kinase,0.99986,0.475,0.808
4991,6853,SYN1,synapsin I,0.99216,0.597,0.462
4992,6854,SYN2,synapsin II,,0.653,0.577
4993,6855,SYP,synaptophysin,0.91549,0.481,0.808
4995,6857,SYT1,synaptotagmin 1,0.60038,0.412,0.846
4998,6862,TBXT,T-box transcription factor T,0.024262,0.674,0.462
4999,6863,TAC1,tachykinin precursor 1,0.74608,0.424,0.923
5001,6866,TAC3,tachykinin precursor 3,0.01165,0.604,0.731
5002,6867,TACC1,transforming acidic coiled-coil containing protein 1,5.4901e-05,0.769,0.192
5003,6868,ADAM17,ADAM metallopeptidase domain 17,0.99528,0.453,0.808
5004,6869,TACR1,tachykinin receptor 1,0.00038437,0.502,0.885
5005,6870,TACR3,tachykinin receptor 3,1.8068e-17,0.553,0.769
5007,6872,TAF1,TATA-box binding protein associated factor 1,1,0.581,0.808
5013,6878,TAF6,TATA-box binding protein associated factor 6,8.2703e-09,0.769,0.308
5019,6884,TAF13,TATA-box binding protein associated factor 13,0.015944,0.716,0.385
5020,6885,MAP3K7,mitogen-activated protein kinase kinase kinase 7,0.99971,0.477,0.808
5021,6886,TAL1,"TAL bHLH transcription factor 1, erythroid differentiation factor",0.5659,0.505,0.731
5023,6888,TALDO1,transaldolase 1,2.5234e-06,0.608,0.654
5025,6890,TAP1,"transporter 1, ATP binding cassette subfamily B member",5.3431e-06,0.5,0.808
5026,6891,TAP2,"transporter 2, ATP binding cassette subfamily B member",6.8911e-11,0.517,0.808
5030,6895,TARBP2,TARBP2 subunit of RISC loading complex,0.46644,0.65,0.5
5032,6897,TARS1,threonyl-tRNA synthetase 1,9.9483e-13,0.716,0.423
5033,6898,TAT,tyrosine aminotransferase,0.0068998,0.492,0.846
5034,6899,TBX1,T-box transcription factor 1,0.83661,0.433,0.808
5035,6900,CNTN2,contactin 2,0.0021095,0.581,0.692
5036,6901,TAZ,tafazzin,0.72591,0.477,0.808
5039,6904,TBCD,tubulin folding cofactor D,1.0032e-07,0.599,0.615
5040,6905,TBCE,tubulin folding cofactor E,1.7455e-08,0.575,0.692
5043,6908,TBP,TATA-box binding protein,0.015031,0.552,0.846
5044,6909,TBX2,T-box transcription factor 2,0.99329,0.544,0.769
5045,6910,TBX5,T-box transcription factor 5,0.99954,0.528,0.769
5046,6911,TBX6,T-box transcription factor 6,0.0068128,0.659,0.385
5047,6913,TBX15,T-box transcription factor 15,0.65773,0.603,0.5
5048,6915,TBXA2R,thromboxane A2 receptor,0.00012823,0.597,0.654
5049,6916,TBXAS1,thromboxane A synthase 1,1.4088e-20,0.619,0.615
5053,6921,ELOC,elongin C,0.74421,0.656,0.5
5057,6925,TCF4,transcription factor 4,0.99981,0.464,0.846
5058,6926,TBX3,T-box transcription factor 3,0.98907,0.525,0.769
5059,6927,HNF1A,HNF1 homeobox A,0.96115,0.478,0.846
5060,6928,HNF1B,HNF1 homeobox B,0.99976,0.473,0.808
5061,6929,TCF3,transcription factor 3,0.025824,0.476,0.846
5063,6934,TCF7L2,transcription factor 7 like 2,0.99537,0.485,0.846
5064,6935,ZEB1,zinc finger E-box binding homeobox 1,0.96665,0.442,0.808
5066,6938,TCF12,transcription factor 12,0.67602,0.565,0.654
5070,6942,TCF20,transcription factor 20,1,0.644,0.423
5071,6943,TCF21,transcription factor 21,0.82553,0.537,0.692
5073,6945,MLX,MAX dimerization protein MLX,0.11032,0.722,0.346
5076,6948,TCN2,transcobalamin 2,1.0478e-06,0.578,0.615
5077,6949,TCOF1,treacle ribosome biogenesis factor 1,0.9541,0.55,0.808
5084,6964,TRD,T cell receptor delta locus,,0.65,0.692
5085,6965,TRG,T cell receptor gamma locus,,0.631,0.538
5102,6996,TDG,thymine DNA glycosylase,0.00056268,0.674,0.385
5103,6997,TDGF1,teratocarcinoma-derived growth factor 1,9.1591e-11,0.584,0.731
5105,6999,TDO2,"tryptophan 2,3-dioxygenase",2.0378e-10,0.599,0.654
5107,7003,TEAD1,TEA domain transcription factor 1,0.9998,0.555,0.731
5111,7007,TECTA,tectorin alpha,2.9863e-16,0.7,0.385
5114,7010,TEK,TEK receptor tyrosine kinase,1,0.462,0.692
5116,7012,TERC,telomerase RNA component,,0.471,0.846
5119,7015,TERT,telomerase reverse transcriptase,0.99046,0.374,0.846
5121,7018,TF,transferrin,4.1001e-08,0.527,0.846
5123,7020,TFAP2A,transcription factor AP-2 alpha,0.98964,0.488,0.769
5124,7021,TFAP2B,transcription factor AP-2 beta,0.99023,0.57,0.769
5128,7025,NR2F1,nuclear receptor subfamily 2 group F member 1,0.99482,0.656,0.654
5129,7026,NR2F2,nuclear receptor subfamily 2 group F member 2,0.98972,0.575,0.692
5131,7029,TFDP2,transcription factor Dp-2,0.9995,0.769,0.308
5133,7031,TFF1,trefoil factor 1,0.00088929,0.529,0.769
5135,7033,TFF3,trefoil factor 3,0.01591,0.518,0.885
5136,7035,TFPI,tissue factor pathway inhibitor,0.2477,0.486,0.808
5137,7036,TFR2,transferrin receptor 2,1.2918e-09,0.585,0.615
5138,7037,TFRC,transferrin receptor,6.9902e-05,0.437,0.885
5139,7038,TG,thyroglobulin,2.8802e-59,0.48,0.808
5140,7039,TGFA,transforming growth factor alpha,0.71981,0.432,0.885
5141,7040,TGFB1,transforming growth factor beta 1,0.03685,0.287,0.962
5143,7042,TGFB2,transforming growth factor beta 2,0.99905,0.433,0.885
5144,7043,TGFB3,transforming growth factor beta 3,0.98727,0.498,0.808
5146,7045,TGFBI,transforming growth factor beta induced,5.9686e-08,0.484,0.769
5147,7046,TGFBR1,transforming growth factor beta receptor 1,0.85379,0.451,0.885
5149,7048,TGFBR2,transforming growth factor beta receptor 2,0.12535,0.413,0.846
5150,7049,TGFBR3,transforming growth factor beta receptor 3,0.0030577,0.55,0.808
5151,7050,TGIF1,TGFB induced factor homeobox 1,0.010454,0.588,0.769
5152,7051,TGM1,transglutaminase 1,2.2509e-13,0.565,0.769
5153,7052,TGM2,transglutaminase 2,6.8118e-18,0.445,0.808
5154,7053,TGM3,transglutaminase 3,2.9739e-06,0.653,0.385
5155,7054,TH,tyrosine hydroxylase,1.6878e-06,0.462,0.885
5157,7056,THBD,thrombomodulin,0.053769,0.457,0.769
5158,7057,THBS1,thrombospondin 1,0.99985,0.407,0.885
5159,7058,THBS2,thrombospondin 2,0.55641,0.526,0.769
5160,7059,THBS3,thrombospondin 3,2.5795e-21,0.792,0.269
5165,7066,THPO,thrombopoietin,0.19714,0.513,0.692
5166,7067,THRA,thyroid hormone receptor alpha,0.32748,0.566,0.769
5167,7068,THRB,thyroid hormone receptor beta,0.99676,0.554,0.769
5168,7069,THRSP,thyroid hormone responsive,0.0029238,0.695,0.462
5170,7071,KLF10,Kruppel like factor 10,0.0045769,0.631,0.615
5171,7072,TIA1,TIA1 cytotoxic granule associated RNA binding protein,0.27493,0.595,0.577
5174,7075,TIE1,tyrosine kinase with immunoglobulin like and EGF like domains 1,1.2446e-19,0.61,0.654
5175,7076,TIMP1,TIMP metallopeptidase inhibitor 1,0.4993,0.38,0.885
5176,7077,TIMP2,TIMP metallopeptidase inhibitor 2,0.78893,0.425,0.846
5177,7078,TIMP3,TIMP metallopeptidase inhibitor 3,0.63037,0.445,0.923
5179,7080,NKX2-1,NK2 homeobox 1,0.35874,0.457,0.808
5180,7082,TJP1,tight junction protein 1,1,0.576,0.692
5182,7084,TK2,thymidine kinase 2,3.9054e-07,0.585,0.615
5183,7086,TKT,transketolase,0.006748,0.595,0.769
5184,7087,ICAM5,intercellular adhesion molecule 5,0.002139,0.716,0.346
5185,7088,TLE1,"TLE family member 1, transcriptional corepressor",0.99922,0.56,0.654
5187,7090,TLE3,"TLE family member 3, transcriptional corepressor",1,0.674,0.462
5188,7091,TLE4,"TLE family member 4, transcriptional corepressor",0.99999,0.674,0.462
5189,7092,TLL1,tolloid like 1,0.17306,0.711,0.5
5193,7096,TLR1,toll like receptor 1,5.8704e-23,0.496,0.808
5194,7097,TLR2,toll like receptor 2,1.0152e-06,0.361,0.923
5195,7098,TLR3,toll like receptor 3,1.6349e-07,0.427,0.885
5196,7099,TLR4,toll like receptor 4,4.6131e-09,0.321,0.962
5197,7100,TLR5,toll like receptor 5,2.4773e-13,0.518,0.885
5199,7102,TSPAN7,tetraspanin 7,0.74577,0.604,0.731
5200,7103,TSPAN8,tetraspanin 8,0.0055131,0.617,0.577
5201,7104,TM4SF4,transmembrane 4 L six family member 4,7.2513e-08,0.769,0.192
5206,7109,TRAPPC10,trafficking protein particle complex 10,0.99999,0.769,0.385
5209,7112,TMPO,thymopoietin,1.5453e-07,0.631,0.577
5215,7124,TNF,tumor necrosis factor,0.8033,0.231,0.962
5219,7128,TNFAIP3,TNF alpha induced protein 3,0.99972,0.481,0.808
5220,7130,TNFAIP6,TNF alpha induced protein 6,1.0939e-06,0.582,0.731
5221,7132,TNFRSF1A,TNF receptor superfamily member 1A,0.9949,0.409,0.923
5222,7133,TNFRSF1B,TNF receptor superfamily member 1B,0.50201,0.425,0.885
5223,7134,TNNC1,"troponin C1, slow skeletal and cardiac type",0.67833,0.647,0.462
5225,7136,TNNI2,"troponin I2, fast skeletal type",0.14351,0.631,0.423
5226,7137,TNNI3,"troponin I3, cardiac type",0.096284,0.52,0.769
5227,7138,TNNT1,"troponin T1, slow skeletal type",7.0202e-14,0.633,0.577
5228,7139,TNNT2,"troponin T2, cardiac type",0.0020041,0.601,0.423
5233,7145,TNS1,tensin 1,0.059861,0.691,0.538
5235,7148,TNXB,tenascin XB,0.018547,0.572,0.731
5236,7150,TOP1,DNA topoisomerase I,1,0.542,0.692
5238,7153,TOP2A,DNA topoisomerase II alpha,0.99086,0.497,0.731
5240,7156,TOP3A,DNA topoisomerase III alpha,5.0983e-11,0.656,0.615
5241,7157,TP53,tumor protein p53,0.53235,0.236,0.962
5242,7158,TP53BP1,tumor protein p53 binding protein 1,0.99985,0.52,0.731
5244,7161,TP73,tumor protein p73,0.99696,0.449,0.808
5246,7163,TPD52,tumor protein D52,8.4929e-05,0.597,0.692
5250,7167,TPI1,triosephosphate isomerase 1,0.030193,0.517,0.846
5251,7168,TPM1,tropomyosin 1,0.0010165,0.56,0.615
5252,7169,TPM2,tropomyosin 2,0.00023947,0.53,0.654
5253,7170,TPM3,tropomyosin 3,0.0066522,0.49,0.808
5254,7171,TPM4,tropomyosin 4,0.38852,0.656,0.577
5256,7173,TPO,thyroid peroxidase,1.8182e-21,0.455,0.846
5257,7174,TPP2,tripeptidyl peptidase 2,0.99912,0.729,0.462
5260,7178,TPT1,"tumor protein, translationally-controlled 1",0.80548,0.528,0.731
5264,7182,NR2C2,nuclear receptor subfamily 2 group C member 2,0.99892,0.534,0.808
5271,7189,TRAF6,TNF receptor associated factor 6,0.99739,0.472,0.808
5278,7200,TRH,thyrotropin releasing hormone,0.00089084,0.519,0.846
5279,7201,TRHR,thyrotropin releasing hormone receptor,0.2711,0.695,0.308
5282,7204,TRIO,trio Rho guanine nucleotide exchange factor,1,0.556,0.731
5286,7216,TRO,trophinin,3.8486e-05,0.682,0.308
5290,7220,TRPC1,transient receptor potential cation channel subfamily C member 1,0.012904,0.566,0.769
5291,7222,TRPC3,transient receptor potential cation channel subfamily C member 3,1.0806e-07,0.57,0.731
5294,7225,TRPC6,transient receptor potential cation channel subfamily C member 6,3.0274e-07,0.514,0.692
5295,7226,TRPM2,transient receptor potential cation channel subfamily M member 2,8.9633e-44,0.546,0.731
5296,7227,TRPS1,transcriptional repressor GATA binding 1,1,0.537,0.769
5302,7247,TSN,translin,0.78659,0.76,0.192
5303,7248,TSC1,TSC complex subunit 1,1,0.44,0.808
5304,7249,TSC2,TSC complex subunit 2,1,0.439,0.808
5306,7252,TSHB,thyroid stimulating hormone subunit beta,0.0083588,0.67,0.538
5307,7253,TSHR,thyroid stimulating hormone receptor,3.0447e-15,0.486,0.808
5310,7259,TSPYL1,TSPY like 1,5.621e-07,0.705,0.5
5311,7260,EIPR1,EARP complex and GARP complex interacting protein 1,0.063628,0.821,0.231
5313,7263,TST,thiosulfate sulfurtransferase,7.8734e-05,0.588,0.654
5315,7265,TTC1,tetratricopeptide repeat domain 1,2.5494e-06,,
5317,7267,TTC3,tetratricopeptide repeat domain 3,1.628e-40,0.78,0.385
5318,7268,TTC4,tetratricopeptide repeat domain 4,4.5355e-06,0.691,0.385
5320,7272,TTK,TTK protein kinase,0.0012734,0.555,0.731
5321,7273,TTN,titin,2.5582e-96,0.47,0.885
5322,7274,TTPA,alpha tocopherol transfer protein,0.0014409,0.612,0.577
5323,7275,TUB,TUB bipartite transcription factor,0.0031466,0.659,0.385
5324,7276,TTR,transthyretin,0.51566,0.423,0.885
5328,7283,TUBG1,tubulin gamma 1,0.12882,0.729,0.231
5329,7284,TUFM,"Tu translation elongation factor, mitochondrial",0.004184,0.678,0.615
5331,7287,TULP1,TUB like protein 1,0.00056824,0.623,0.462
5332,7288,TULP2,TUB like protein 2,2.4676e-16,0.861,0.077
5334,7290,HIRA,histone cell cycle regulator,1,0.537,0.808
5335,7291,TWIST1,twist family bHLH transcription factor 1,0.34491,0.397,0.846
5336,7292,TNFSF4,TNF superfamily member 4,0.049378,0.54,0.808
5337,7293,TNFRSF4,TNF receptor superfamily member 4,0.00015133,0.547,0.692
5339,7295,TXN,thioredoxin,0.20119,0.447,0.885
5340,7296,TXNRD1,thioredoxin reductase 1,1.6062e-06,0.529,0.692
5341,7297,TYK2,tyrosine kinase 2,4.4963e-08,0.505,0.769
5342,7298,TYMS,thymidylate synthetase,0.72247,0.425,0.846
5343,7299,TYR,tyrosinase,4.9861e-32,0.473,0.808
5346,7305,TYROBP,transmembrane immune signaling adaptor TYROBP,0.20238,0.573,0.769
5347,7306,TYRP1,tyrosinase related protein 1,6.557e-25,0.507,0.846
5348,7307,U2AF1,U2 small nuclear RNA auxiliary factor 1,0.9899,0.604,0.577
5351,7314,UBB,ubiquitin B,0.016904,0.599,0.615
5355,7319,UBE2A,ubiquitin conjugating enzyme E2 A,0.815,0.623,0.692
5359,7323,UBE2D3,ubiquitin conjugating enzyme E2 D3,0.41278,0.805,0.154
5360,7324,UBE2E1,ubiquitin conjugating enzyme E2 E1,0.70538,0.743,0.269
5366,7332,UBE2L3,ubiquitin conjugating enzyme E2 L3,0.83844,0.644,0.615
5370,7337,UBE3A,ubiquitin protein ligase E3A,0.9998,0.561,0.692
5373,7343,UBTF,upstream binding transcription factor,1,0.705,0.462
5374,7345,UCHL1,ubiquitin C-terminal hydrolase L1,0.99095,0.482,0.885
5375,7347,UCHL3,ubiquitin C-terminal hydrolase L3,3.3417e-08,0.705,0.385
5376,7348,UPK1B,uroplakin 1B,2.1842e-08,0.729,0.346
5377,7349,UCN,urocortin,0.44958,0.539,0.769
5378,7350,UCP1,uncoupling protein 1,1.6903e-11,0.545,0.769
5379,7351,UCP2,uncoupling protein 2,1.5497e-10,0.493,0.808
5380,7352,UCP3,uncoupling protein 3,9.5517e-10,0.619,0.577
5381,7353,UFD1,ubiquitin recognition factor in ER associated degradation 1,0.99638,0.537,0.769
5382,7355,SLC35A2,solute carrier family 35 member A2,0.71792,0.525,0.808
5383,7356,SCGB1A1,secretoglobin family 1A member 1,0.00079919,0.546,0.808
5384,7357,UGCG,UDP-glucose ceramide glucosyltransferase,0.94147,0.56,0.808
5385,7358,UGDH,UDP-glucose 6-dehydrogenase,0.00068341,0.678,0.615
5387,7361,UGT1A,UDP glucuronosyltransferase family 1 member A complex locus,,0.54,0.654
5392,7367,UGT2B17,UDP glucuronosyltransferase family 2 member B17,9.6905e-08,0.641,0.577
5394,7369,UMOD,uromodulin,3.0798e-17,0.52,0.846
5395,7371,UCK2,uridine-cytidine kinase 2,0.72131,0.663,0.462
5396,7372,UMPS,uridine monophosphate synthetase,0.0001051,0.584,0.615
5397,7373,COL14A1,collagen type XIV alpha 1 chain,1.4327e-14,0.674,0.615
5399,7375,USP4,ubiquitin specific peptidase 4,1.6119e-09,0.686,0.308
5400,7376,NR1H2,nuclear receptor subfamily 1 group H member 2,0.37506,0.533,0.769
5404,7381,UQCRB,ubiquinol-cytochrome c reductase binding protein,0.016423,0.736,0.308
5406,7385,UQCRC2,ubiquinol-cytochrome c reductase core protein 2,2.8623e-06,0.722,0.346
5409,7389,UROD,uroporphyrinogen decarboxylase,1.2563e-08,0.521,0.769
5410,7390,UROS,uroporphyrinogen III synthase,0.031627,0.678,0.462
5411,7391,USF1,upstream transcription factor 1,0.023545,0.592,0.692
5415,7399,USH2A,usherin,1.5692e-94,0.579,0.692
5416,7401,CLRN1,clarin 1,1.7074e-08,0.633,0.423
5417,7402,UTRN,utrophin,1.0021e-19,0.525,0.692
5418,7403,KDM6A,lysine demethylase 6A,1,0.498,0.769
5423,7409,VAV1,vav guanine nucleotide exchange factor 1,0.99993,0.556,0.769
5426,7412,VCAM1,vascular cell adhesion molecule 1,0.79791,0.422,0.808
5427,7414,VCL,vinculin,0.046788,0.575,0.654
5428,7415,VCP,valosin containing protein,0.99999,0.469,0.923
5429,7416,VDAC1,voltage dependent anion channel 1,0.97266,0.556,0.654
5433,7421,VDR,vitamin D receptor,1.6787e-05,0.352,0.885
5434,7422,VEGFA,vascular endothelial growth factor A,2.4085e-05,0.266,0.923
5436,7424,VEGFC,vascular endothelial growth factor C,0.49565,0.459,0.769
5438,7428,VHL,von Hippel-Lindau tumor suppressor,0.079515,0.443,0.846
5440,7430,EZR,ezrin,0.17989,0.476,0.808
5441,7431,VIM,vimentin,0.71255,0.372,0.846
5442,7432,VIP,vasoactive intestinal peptide,0.00041995,0.437,0.846
5443,7433,VIPR1,vasoactive intestinal peptide receptor 1,7.4401e-27,0.573,0.654
5446,7436,VLDLR,very low density lipoprotein receptor,1.9617e-11,0.558,0.692
5447,7439,BEST1,bestrophin 1,1.8214e-12,0.465,0.885
5449,7442,TRPV1,transient receptor potential cation channel subfamily V member 1,1.0103e-16,0.446,0.885
5450,7443,VRK1,VRK serine/threonine kinase 1,0.0021149,0.621,0.615
5451,7444,VRK2,VRK serine/threonine kinase 2,1.5681e-11,0.722,0.269
5453,7447,VSNL1,visinin like 1,0.45742,0.631,0.423
5454,7448,VTN,vitronectin,1.5014e-10,0.509,0.769
5455,7450,VWF,von Willebrand factor,3.2187e-25,0.408,0.885
5458,7454,WAS,WASP actin nucleation promoting factor,0.99901,0.529,0.808
5460,7456,WIPF1,WAS/WASL interacting protein family member 1,0.90296,0.584,0.731
5462,7461,CLIP2,CAP-Gly domain containing linker protein 2,0.99997,0.529,0.808
5464,7464,CORO2A,coronin 2A,3.4457e-10,0.931,0.077
5466,7466,WFS1,wolframin ER transmembrane glycoprotein,1.6231e-38,0.528,0.846
5467,7467,WHCR,Wolf-Hirschhorn syndrome chromosome region,,0.638,0.577
5468,7468,NSD2,nuclear receptor binding SET domain protein 2,1,0.507,0.769
5469,7469,NELFA,negative elongation factor complex member A,0.13469,0.619,0.615
5470,7471,WNT1,Wnt family member 1,0.3263,0.495,0.769
5471,7472,WNT2,Wnt family member 2,0.017811,0.569,0.615
5472,7473,WNT3,Wnt family member 3,0.87515,0.536,0.808
5473,7474,WNT5A,Wnt family member 5A,0.98732,0.443,0.808
5475,7476,WNT7A,Wnt family member 7A,0.035773,0.531,0.692
5478,7479,WNT8B,Wnt family member 8B,0.010991,0.839,0.154
5480,7481,WNT11,Wnt family member 11,0.0064383,0.608,0.654
5481,7482,WNT2B,Wnt family member 2B,0.038333,0.644,0.615
5485,7486,WRN,WRN RecQ like helicase,2.6432e-34,0.524,0.808
5486,7490,WT1,WT1 transcription factor,0.99648,0.422,0.808
5488,7494,XBP1,X-box binding protein 1,0.032014,0.477,0.846
5491,7498,XDH,xanthine dehydrogenase,2.589e-22,0.529,0.846
5495,7504,XK,X-linked Kx blood group,0.95373,0.575,0.654
5496,7507,XPA,"XPA, DNA damage recognition and repair factor",7.8652e-05,0.52,0.846
5497,7508,XPC,"XPC complex subunit, DNA damage recognition and repair factor",3.6866e-11,0.504,0.808
5499,7512,XPNPEP2,X-prolyl aminopeptidase 2,2.867e-13,0.716,0.346
5500,7514,XPO1,exportin 1,1,0.504,0.692
5501,7515,XRCC1,X-ray repair cross complementing 1,6.3386e-09,0.421,0.923
5502,7516,XRCC2,X-ray repair cross complementing 2,3.955e-07,0.512,0.731
5503,7517,XRCC3,X-ray repair cross complementing 3,1.9134e-10,0.505,0.769
5504,7518,XRCC4,X-ray repair cross complementing 4,8.2774e-07,0.528,0.769
5506,7525,YES1,"YES proto-oncogene 1, Src family tyrosine kinase",4.0091e-05,0.638,0.577
5508,7528,YY1,YY1 transcription factor,0.9938,0.481,0.808
5510,7531,YWHAE,tyrosine 3-monooxygenase/tryptophan 5-monooxygenase activation protein epsilon,0.98479,0.53,0.692
5511,7532,YWHAG,tyrosine 3-monooxygenase/tryptophan 5-monooxygenase activation protein gamma,0.964,0.621,0.5
5514,7535,ZAP70,zeta chain of T cell receptor associated protein kinase 70,0.87696,0.497,0.769
5522,7545,ZIC1,Zic family member 1,0.93378,0.545,0.731
5523,7546,ZIC2,Zic family member 2,0.97362,0.556,0.769
5524,7547,ZIC3,Zic family member 3,0.92495,0.587,0.423
5527,7552,ZNF711,zinc finger protein 711,0.97887,0.691,0.423
5547,7592,ZNF41,zinc finger protein 41,0.035083,0.711,0.385
5548,7593,MZF1,myeloid zinc finger 1,1.0667e-10,0.617,0.577
5566,7681,MKRN3,makorin ring finger protein 3,0.27756,0.619,0.615
5567,7686,MKRN7P,"makorin ring finger protein 7, pseudogene",,1,0.038
5579,7703,PCGF2,polycomb group ring finger 2,0.86397,0.579,0.615
5580,7704,ZBTB16,zinc finger and BTB domain containing 16,0.99907,0.545,0.808
5582,7706,TRIM25,tripartite motif containing 25,0.0041202,0.633,0.462
5583,7707,ZNF148,zinc finger protein 148,0.99997,0.615,0.654
5584,7709,ZBTB17,zinc finger and BTB domain containing 17,0.97933,0.674,0.385
5590,7726,TRIM26,tripartite motif containing 26,0.17836,0.705,0.577
5593,7730,ZNF177,zinc finger protein 177,2.4711e-06,0.861,0.115
5595,7737,RNF113A,ring finger protein 113A,0.88873,0.597,0.769
5598,7741,ZSCAN26,zinc finger and SCAN domain containing 26,,0.931,0.115
5601,7746,ZSCAN9,zinc finger and SCAN domain containing 9,1.7236e-11,1,0.038
5603,7750,ZMYM2,zinc finger MYM-type containing 2,0.66648,0.599,0.654
5611,7763,ZFAND5,zinc finger AN1-type containing 5,0.84575,0.861,0.192
5612,7764,ZNF217,zinc finger protein 217,0.99995,0.617,0.538
5618,7779,SLC30A1,solute carrier family 30 member 1,0.98532,0.659,0.5
5620,7781,SLC30A3,solute carrier family 30 member 3,0.5421,0.691,0.423
5621,7782,SLC30A4,solute carrier family 30 member 4,0.11544,0.705,0.385
5623,7784,ZP3,zona pellucida glycoprotein 3,0.00028508,0.805,0.115
5624,7786,MAP3K12,mitogen-activated protein kinase kinase kinase 12,1,0.7,0.346
5631,7803,PTP4A1,protein tyrosine phosphatase 4A1,0.28236,0.711,0.385
5635,7809,BSND,barttin CLCNK type accessory subunit beta,1.0949e-10,0.603,0.692
5640,7827,NPHS2,"NPHS2 stomatin family member, podocin",7.2218e-09,0.576,0.538
5642,7832,BTG2,BTG anti-proliferation factor 2,0.019033,0.587,0.538
5646,7840,ALMS1,ALMS1 centrosome and basal body associated protein,4.4999e-60,0.559,0.808
5647,7841,MOGS,mannosyl-oligosaccharide glucosidase,5.8071e-11,0.626,0.731
5649,7846,TUBA1A,tubulin alpha 1a,0.96654,0.597,0.769
5650,7849,PAX8,paired box 8,0.99869,0.477,0.731
5651,7850,IL1R2,interleukin 1 receptor type 2,6.5372e-15,0.593,0.846
5653,7852,CXCR4,C-X-C motif chemokine receptor 4,0.017804,0.362,0.923
5660,7869,SEMA3B,semaphorin 3B,,0.633,0.615
5661,7871,SLMAP,sarcolemma associated protein,0.99976,0.686,0.462
5663,7874,USP7,ubiquitin specific peptidase 7,1,0.538,0.808
5664,7879,RAB7A,"RAB7A, member RAS oncogene family",0.96933,0.597,0.692
5677,7915,ALDH5A1,aldehyde dehydrogenase 5 family member A1,3.0504e-07,0.619,0.462
5678,7916,PRRC2A,proline rich coiled-coil 2A,1,0.656,0.654
5679,7917,BAG6,BAG cochaperone 6,1,0.674,0.615
5682,7920,ABHD16A,abhydrolase domain containing 16A,0.47336,0.861,0.269
5684,7922,SLC39A7,solute carrier family 39 member 7,0.082078,0.743,0.385
5685,7923,HSD17B8,hydroxysteroid 17-beta dehydrogenase 8,3.6923e-05,0.805,0.346
5688,7936,NELFE,negative elongation factor complex member E,0.006895,0.686,0.5
5693,7941,PLA2G7,phospholipase A2 group VII,5.3314e-22,0.537,0.769
5694,7942,TFEB,transcription factor EB,0.89931,0.527,0.731
5701,7957,EPM2A,"EPM2A glucan phosphatase, laforin",8.7182e-06,0.608,0.577
5703,7965,AIMP2,aminoacyl tRNA synthetase complex interacting multifunctional protein 2,0.008024,0.393,0.923
5710,7979,SEM1,SEM1 26S proteasome complex subunit,0.018168,0.633,0.538
5711,7980,TFPI2,tissue factor pathway inhibitor 2,0.00084274,0.521,0.769
5713,7984,ARHGEF5,Rho guanine nucleotide exchange factor 5,7.5872e-14,0.526,0.808
5715,7991,TUSC3,tumor suppressor candidate 3,3.4606e-06,0.576,0.615
5717,7994,KAT6A,lysine acetyltransferase 6A,1,0.56,0.769
5718,8000,PSCA,prostate stem cell antigen,0.16856,0.555,0.615
5721,8013,NR4A3,nuclear receptor subfamily 4 group A member 3,0.9126,0.502,0.808
5722,8019,BRD3,bromodomain containing 3,0.97468,0.7,0.5
5723,8021,NUP214,nucleoporin 214,0.054748,0.638,0.385
5724,8022,LHX3,LIM homeobox 3,0.010863,0.644,0.462
5727,8028,MLLT10,MLLT10 histone lysine methyltransferase DOT1L cofactor,1,0.551,0.462
5728,8029,CUBN,cubilin,4.6292e-42,0.587,0.769
5729,8030,CCDC6,coiled-coil domain containing 6,0.57714,0.517,0.808
5732,8036,SHOC2,SHOC2 leucine rich repeat scaffold protein,0.99946,0.593,0.769
5733,8038,ADAM12,ADAM metallopeptidase domain 12,5.7284e-07,0.565,0.731
5736,8048,CSRP3,cysteine and glycine rich protein 3,0.00015859,0.572,0.731
5737,8050,PDHX,pyruvate dehydrogenase complex component X,9.7242e-05,0.595,0.692
5739,8061,FOSL1,"FOS like 1, AP-1 transcription factor subunit",0.15849,0.519,0.846
5740,8065,CUL5,cullin 5,1,0.691,0.577
5744,8074,FGF23,fibroblast growth factor 23,0.031014,0.46,0.731
5745,8076,MFAP5,microfibril associated protein 5,0.0050619,0.59,0.615
5747,8079,MLF2,myeloid leukemia factor 2,0.86042,0.792,0.231
5749,8082,SSPN,sarcospan,0.039646,0.716,0.462
5750,8085,KMT2D,lysine methyltransferase 2D,1,0.465,0.808
5751,8086,AAAS,aladin WD repeat nucleoporin,2.4356e-13,0.601,0.654
5755,8091,HMGA2,high mobility group AT-hook 2,0.87015,0.429,0.808
5756,8092,ALX1,ALX homeobox 1,0.17618,0.636,0.462
5760,8100,IFT88,intraflagellar transport 88,7.1224e-11,0.621,0.654
5763,8106,PABPN1,poly(A) binding protein nuclear 1,0.39216,0.674,0.423
5769,8120,AP3B2,adaptor related protein complex 3 subunit beta 2,0.77198,0.691,0.346
5772,8128,ST8SIA2,"ST8 alpha-N-acetyl-neuraminide alpha-2,8-sialyltransferase 2",0.058099,0.674,0.538
5775,8131,NPRL3,"NPR3 like, GATOR1 complex subunit",0.19021,0.678,0.385
5777,8139,GAN,gigaxonin,0.024842,0.674,0.5
5780,8148,TAF15,TATA-box binding protein associated factor 15,0.16517,0.626,0.5
5786,8170,SLC14A2,solute carrier family 14 member 2,1.0646e-17,0.606,0.692
5794,8189,SYMPK,symplekin,1,0.7,0.231
5795,8190,MIA,MIA SH3 domain containing,1.7345e-05,0.537,0.769
5796,8192,CLPP,caseinolytic mitochondrial matrix peptidase proteolytic subunit,0.57106,0.722,0.423
5798,8195,MKKS,McKusick-Kaufman syndrome,2.1265e-09,0.566,0.692
5799,8200,GDF5,growth differentiation factor 5,0.67002,0.511,0.692
5801,8202,NCOA3,nuclear receptor coactivator 3,0.54065,0.522,0.654
5802,8204,NRIP1,nuclear receptor interacting protein 1,0.99394,0.592,0.654
5805,8209,GATD3A,glutamine amidotransferase like class 1 domain containing 3A,2.9727e-05,0.619,0.654
5807,8214,DGCR6,DiGeorge syndrome critical region gene 6,9.8176e-12,0.695,0.5
5809,8216,LZTR1,leucine zipper like transcription regulator 1,1.0211e-92,0.547,0.808
5811,8220,ESS2,ess-2 splicing factor homolog,2.4382e-07,0.67,0.615
5812,8224,SYN3,synapsin III,0.0018871,0.686,0.462
5820,8239,USP9X,ubiquitin specific peptidase 9 X-linked,1,0.502,0.846
5821,8241,RBM10,RNA binding motif protein 10,1,0.599,0.615
5822,8242,KDM5C,lysine demethylase 5C,1,0.581,0.538
5823,8243,SMC1A,structural maintenance of chromosomes 1A,1,0.509,0.808
5824,8260,NAA10,"N-alpha-acetyltransferase 10, NatA catalytic subunit",0.76179,0.535,0.692
5828,8270,LAGE3,L antigen family member 3,0.12721,0.67,0.462
5831,8287,USP9Y,ubiquitin specific peptidase 9 Y-linked,5.7399e-05,0.743,0.269
5833,8289,ARID1A,AT-rich interaction domain 1A,1,0.455,0.846
5834,8290,H3-4,H3.4 histone,1.6542e-05,0.711,0.538
5835,8291,DYSF,dysferlin,3.6528e-33,0.582,0.692
5836,8292,COLQ,collagen like tail subunit of asymmetric acetylcholinesterase,7.9356e-14,0.628,0.654
5839,8295,TRRAP,transformation/transcription domain associated protein,1,0.572,0.692
5840,8301,PICALM,phosphatidylinositol binding clathrin assembly protein,0.99896,0.592,0.538
5841,8302,KLRC4,killer cell lectin like receptor C4,0.0056771,0.666,0.654
5842,8309,ACOX2,acyl-CoA oxidase 2,2.1841e-10,0.769,0.423
5843,8310,ACOX3,"acyl-CoA oxidase 3, pristanoyl",7.6016e-16,0.805,0.154
5844,8312,AXIN1,axin 1,0.40765,0.559,0.577
5845,8313,AXIN2,axin 2,0.57015,0.507,0.692
5846,8314,BAP1,BRCA1 associated protein 1,0.99443,0.454,0.731
5847,8315,BRAP,BRCA1 associated protein,3.7512e-06,0.612,0.769
5849,8318,CDC45,cell division cycle 45,4.6237e-05,0.588,0.692
5850,8320,EOMES,eomesodermin,0.98443,0.619,0.692
5852,8322,FZD4,frizzled class receptor 4,0.96962,0.49,0.923
5853,8323,FZD6,frizzled class receptor 6,2.0034e-12,0.623,0.615
5857,8328,GFI1B,growth factor independent 1B transcriptional repressor,0.00052334,0.623,0.5
5864,8335,H2AC4,H2A clustered histone 4,0.00057284,0.89,0.154
5869,8341,H2BC15,H2B clustered histone 15,0.00049469,0.861,0.192
5875,8347,H2BC4,H2B clustered histone 4,0.0038196,0.76,0.269
5886,8358,H3C2,H3 clustered histone 2,1.4796e-05,0.653,0.423
5901,8379,MAD1L1,mitotic arrest deficient 1 like 1,6.8444e-16,0.57,0.731
5906,8395,PIP5K1B,phosphatidylinositol-4-phosphate 5-kinase type 1 beta,1.368e-07,0.769,0.462
5908,8398,PLA2G6,phospholipase A2 group VI,2.4837e-10,0.476,0.846
5910,8402,SLC25A11,solute carrier family 25 member 11,0.53487,0.666,0.615
5913,8405,SPOP,speckle type BTB/POZ protein,0.99922,0.597,0.5
5914,8406,SRPX,sushi repeat containing protein X-linked,0.0030756,0.653,0.577
5915,8407,TAGLN2,transgelin 2,0.0093548,0.604,0.577
5920,8412,BCAR3,"BCAR3 adaptor protein, NSP family member",0.58213,0.695,0.654
5928,8425,LTBP4,latent transforming growth factor beta binding protein 4,0.49911,0.604,0.654
5930,8428,STK24,serine/threonine kinase 24,0.011293,0.659,0.654
5931,8431,NR0B2,nuclear receptor subfamily 0 group B member 2,8.3377e-06,0.474,0.808
5933,8434,RECK,reversion inducing cysteine rich protein with kazal motifs,1.9319e-10,0.547,0.731
5934,8435,SOAT2,sterol O-acyltransferase 2,5.583e-28,0.716,0.308
5937,8438,RAD54L,RAD54 like,2.3634e-15,0.633,0.423
5940,8443,GNPAT,glyceronephosphate O-acyltransferase,0.30403,0.663,0.462
5946,8449,DHX16,DEAH-box helicase 16,1.5996e-12,0.716,0.5
5947,8450,CUL4B,cullin 4B,1,0.556,0.769
5948,8451,CUL4A,cullin 4A,0.99999,0.597,0.654
5949,8452,CUL3,cullin 3,0.9996,0.592,0.654
5953,8456,FOXN1,forkhead box N1,0.94214,0.615,0.654
5957,8462,KLF11,Kruppel like factor 11,8.3215e-09,0.626,0.654
5958,8463,TEAD2,TEA domain transcription factor 2,1.5226e-06,0.792,0.308
5959,8464,SUPT3H,"SPT3 homolog, SAGA and STAGA complex component",3.2442e-11,0.839,0.154
5965,8473,OGT,O-linked N-acetylglucosamine (GlcNAc) transferase,1,0.626,0.731
5966,8476,CDC42BPA,CDC42 binding protein kinase alpha,0.99309,0.722,0.423
5969,8481,OFD1,OFD1 centriole and centriolar satellite protein,0.95968,0.51,0.808
5972,8484,GALR3,galanin receptor 3,0.00013455,0.76,0.192
5974,8490,RGS5,regulator of G protein signaling 5,0.00053488,0.647,0.423
5975,8491,MAP4K3,mitogen-activated protein kinase kinase kinase kinase 3,0.10987,0.711,0.423
5976,8492,PRSS12,serine protease 12,8.382e-29,0.682,0.308
5977,8493,PPM1D,"protein phosphatase, Mg2+/Mn2+ dependent 1D",2.2321e-11,0.513,0.808
5982,8499,PPFIA2,PTPRF interacting protein alpha 2,1,0.861,0.154
5984,8501,SLC43A1,solute carrier family 43 member 1,8.0343e-06,0.839,0.115
5986,8503,PIK3R3,phosphoinositide-3-kinase regulatory subunit 3,3.3583e-10,0.556,0.692
5987,8504,PEX3,peroxisomal biogenesis factor 3,0.016335,0.595,0.731
5989,8506,CNTNAP1,contactin associated protein 1,3.445e-05,0.554,0.577
5997,8514,KCNAB2,potassium voltage-gated channel subfamily A regulatory beta subunit 2,0.79978,0.593,0.692
5999,8516,ITGA8,integrin subunit alpha 8,6.0785e-13,0.641,0.577
6000,8517,IKBKG,inhibitor of nuclear factor kappa B kinase regulatory subunit gamma,0.084853,0.493,0.769
6001,8518,ELP1,elongator complex protein 1,2.1199e-21,0.579,0.769
6002,8519,IFITM1,interferon induced transmembrane protein 1,0.13569,0.626,0.5
6007,8526,DGKE,diacylglycerol kinase epsilon,5.4906e-06,0.674,0.538
6008,8527,DGKD,diacylglycerol kinase delta,0.072171,0.78,0.346
6009,8528,DDO,D-aspartate oxidase,8.3982e-10,0.805,0.231
6010,8529,CYP4F2,cytochrome P450 family 4 subfamily F member 2,7.5803e-17,0.674,0.308
6016,8535,CBX4,chromobox 4,0.98196,0.67,0.385
6018,8537,BCAS1,breast carcinoma amplified sequence 1,6.9521e-07,0.805,0.192
6023,8542,APOL1,apolipoprotein L1,5.1357e-06,0.547,0.615
6027,8546,AP3B1,adaptor related protein complex 3 subunit beta 1,0.61532,0.619,0.808
6028,8547,FCN3,ficolin 3,0.0038008,0.678,0.5
6033,8553,BHLHE40,basic helix-loop-helix family member e40,0.99444,0.544,0.731
6036,8556,CDC14A,cell division cycle 14A,9.6376e-08,0.736,0.385
6038,8558,CDK10,cyclin dependent kinase 10,1.193e-16,0.65,0.577
6040,8560,DEGS1,"delta 4-desaturase, sphingolipid 1",0.13877,0.621,0.731
6043,8564,KMO,kynurenine 3-monooxygenase,4.7825e-05,0.674,0.615
6046,8567,MADD,MAP kinase activating death domain,1.5363e-14,0.644,0.538
6051,8573,CASK,calcium/calmodulin dependent serine protein kinase,1,0.538,0.808
6053,8575,PRKRA,protein activator of interferon induced protein kinase EIF2AK2,0.41653,0.579,0.615
6058,8600,TNFSF11,TNF superfamily member 11,0.0049159,0.453,0.846
6064,8607,RUVBL1,RuvB like AAA ATPase 1,0.99902,0.647,0.5
6069,8613,PLPP3,phospholipid phosphatase 3,0.917,0.722,0.192
6071,8615,USO1,USO1 vesicle transport factor,0.33417,0.522,0.885
6074,8621,CDK13,cyclin dependent kinase 13,0.90753,0.606,0.692
6075,8622,PDE8B,phosphodiesterase 8B,0.99905,0.638,0.5
6076,8623,ASMTL,acetylserotonin O-methyltransferase like,1.2704e-09,0.861,0.115
6077,8624,PSMG1,proteasome assembly chaperone 1,0.00034234,0.579,0.731
6079,8626,TP63,tumor protein p63,0.99728,0.362,0.769
6080,8629,JRK,Jrk helix-turn-helix protein,,0.612,0.5
6081,8630,HSD17B6,hydroxysteroid 17-beta dehydrogenase 6,0.34807,0.592,0.692
6082,8631,SKAP1,src kinase associated phosphoprotein 1,1.8196e-07,0.743,0.231
6084,8633,UNC5C,unc-5 netrin receptor C,0.0008813,0.65,0.462
6086,8635,RNASET2,ribonuclease T2,0.00026891,0.682,0.615
6091,8642,DCHS1,dachsous cadherin-related 1,0.99997,0.592,0.731
6092,8643,PTCH2,patched 2,3.4086e-16,0.563,0.692
6093,8644,AKR1C3,aldo-keto reductase family 1 member C3,7.5812e-24,0.527,0.769
6094,8645,KCNK5,potassium two pore domain channel subfamily K member 5,0.32518,0.695,0.462
6096,8647,ABCB11,ATP binding cassette subfamily B member 11,1.5612e-12,0.566,0.654
6097,8648,NCOA1,nuclear receptor coactivator 1,0.99981,0.563,0.731
6099,8650,NUMB,NUMB endocytic adaptor protein,0.0039959,0.619,0.731
6100,8651,SOCS1,suppressor of cytokine signaling 1,0.58544,0.445,0.808
6102,8654,PDE5A,phosphodiesterase 5A,0.00010643,0.513,0.731
6103,8655,DYNLL1,dynein light chain LC8-type 1,0.6983,0.568,0.769
6104,8658,TNKS,tankyrase,0.011406,0.576,0.692
6105,8659,ALDH4A1,aldehyde dehydrogenase 4 family member A1,1.3725e-05,0.792,0.231
6106,8660,IRS2,insulin receptor substrate 2,0.99032,0.535,0.654
6108,8662,EIF3B,eukaryotic translation initiation factor 3 subunit B,1,0.666,0.346
6111,8665,EIF3F,eukaryotic translation initiation factor 3 subunit F,0.97044,0.736,0.385
6112,8666,EIF3G,eukaryotic translation initiation factor 3 subunit G,0.98546,0.792,0.192
6116,8671,SLC4A4,solute carrier family 4 member 4,0.99722,0.644,0.692
6118,8673,VAMP8,vesicle associated membrane protein 8,0.10726,0.61,0.731
6122,8677,STX10,syntaxin 10,1.3079e-09,,
6123,8678,BECN1,beclin 1,0.93717,0.432,0.846
6135,8701,DNAH11,dynein axonemal heavy chain 11,2.5389e-58,0.587,0.692
6136,8702,B4GALT4,"beta-1,4-galactosyltransferase 4",5.8287e-07,1,0.077
6142,8710,SERPINB7,serpin family B member 7,7.3773e-09,0.76,0.346
6146,8715,NOL4,nucleolar protein 4,0.99949,0.792,0.154
6149,8720,MBTPS1,"membrane bound transcription factor peptidase, site 1",7.5901e-09,0.532,0.692
6153,8725,URI1,URI1 prefoldin like chaperone,1.1089e-05,0.633,0.654
6154,8726,EED,embryonic ectoderm development,0.99929,0.588,0.615
6155,8727,CTNNAL1,catenin alpha like 1,1.737e-10,0.78,0.269
6160,8733,GPAA1,glycosylphosphatidylinositol anchor attachment 1,5.4966e-09,0.647,0.538
6161,8735,MYH13,myosin heavy chain 13,8.0493e-40,0.931,0.038
6164,8738,CRADD,CASP2 and RIPK1 domain containing adaptor with death domain,0.87862,0.619,0.5
6166,8740,TNFSF14,TNF superfamily member 14,0.051663,0.529,0.769
6167,8741,TNFSF13,TNF superfamily member 13,0.81724,0.499,0.769
6168,8742,TNFSF12,TNF superfamily member 12,0.76997,0.556,0.769
6169,8743,TNFSF10,TNF superfamily member 10,0.13495,0.413,0.885
6170,8744,TNFSF9,TNF superfamily member 9,0.31823,0.579,0.692
6171,8745,ADAM23,ADAM metallopeptidase domain 23,0.99709,0.65,0.5
6176,8754,ADAM9,ADAM metallopeptidase domain 9,0.029431,0.56,0.654
6180,8761,PABPC4,poly(A) binding protein cytoplasmic 4,0.99905,0.729,0.346
6181,8763,CD164,CD164 molecule,0.48906,0.674,0.462
6183,8766,RAB11A,"RAB11A, member RAS oncogene family",0.99151,0.601,0.692
6185,8771,TNFRSF6B,TNF receptor superfamily member 6b,3.874e-06,0.528,0.731
6186,8772,FADD,Fas associated via death domain,0.52595,0.537,0.846
6187,8773,SNAP23,synaptosome associated protein 23,0.92412,0.686,0.423
6188,8774,NAPG,NSF attachment protein gamma,0.081162,0.861,0.192
6191,8777,MPDZ,multiple PDZ domain crumbs cell polarity complex component,5.8009e-38,0.638,0.5
6192,8778,SIGLEC5,sialic acid binding Ig like lectin 5,2.0969e-06,0.743,0.423
6196,8784,TNFRSF18,TNF receptor superfamily member 18,1.4516e-06,0.631,0.538
6199,8787,RGS9,regulator of G protein signaling 9,1.1251e-14,0.722,0.308
6200,8788,DLK1,delta like non-canonical Notch ligand 1,0.034576,0.527,0.692
6203,8792,TNFRSF11A,TNF receptor superfamily member 11a,0.0087667,0.48,0.846
6208,8797,TNFRSF10A,TNF receptor superfamily member 10a,5.0697e-15,0.521,0.731
6210,8799,PEX11B,peroxisomal biogenesis factor 11 beta,0.00013346,0.612,0.654
6211,8800,PEX11A,peroxisomal biogenesis factor 11 alpha,8.4537e-07,0.792,0.346
6212,8801,SUCLG2,succinate-CoA ligase GDP-forming subunit beta,5.7163e-14,0.78,0.308
6213,8802,SUCLG1,succinate-CoA ligase GDP/ADP-forming subunit alpha,0.00048193,0.666,0.423
6214,8803,SUCLA2,succinate-CoA ligase ADP-forming subunit beta,0.0023488,0.566,0.654
6216,8805,TRIM24,tripartite motif containing 24,1,0.581,0.615
6217,8807,IL18RAP,interleukin 18 receptor accessory protein,0.0021796,0.674,0.577
6219,8809,IL18R1,interleukin 18 receptor 1,8.625e-06,0.473,0.808
6221,8812,CCNK,cyclin K,0.9998,0.792,0.231
6222,8813,DPM1,"dolichyl-phosphate mannosyltransferase subunit 1, catalytic",0.00016237,0.695,0.385
6224,8815,BANF1,BAF nuclear assembly factor 1,0.6518,0.599,0.692
6226,8817,FGF18,fibroblast growth factor 18,0.38517,0.647,0.577
6227,8818,DPM2,"dolichyl-phosphate mannosyltransferase subunit 2, regulatory",0.31786,0.666,0.5
6228,8820,HESX1,HESX homeobox 1,0.00079734,0.561,0.654
6229,8821,INPP4B,inositol polyphosphate-4-phosphatase type II B,0.55218,0.573,0.577
6230,8822,FGF17,fibroblast growth factor 17,0.95609,0.593,0.692
6232,8824,CES2,carboxylesterase 2,3.5781e-16,0.584,0.731
6233,8825,LIN7A,"lin-7 homolog A, crumbs cell polarity complex component",1.1286e-07,0.736,0.385
6234,8826,IQGAP1,IQ motif containing GTPase activating protein 1,0.99754,0.56,0.692
6235,8828,NRP2,neuropilin 2,0.00080686,0.539,0.615
6236,8829,NRP1,neuropilin 1,0.98584,0.476,0.808
6238,8831,SYNGAP1,synaptic Ras GTPase activating protein 1,1,0.584,0.577
6244,8837,CFLAR,CASP8 and FADD like apoptosis regulator,0.99967,0.485,0.846
6245,8838,CCN6,cellular communication network factor 6,0.00061942,0.568,0.731
6246,8839,CCN5,cellular communication network factor 5,1.9682e-05,0.621,0.462
6247,8840,CCN4,cellular communication network factor 4,6.3885e-07,0.554,0.692
6248,8841,HDAC3,histone deacetylase 3,0.56737,0.511,0.731
6249,8842,PROM1,prominin 1,1.9485e-22,0.41,0.846
6251,8844,KSR1,kinase suppressor of ras 1,0.069796,0.666,0.346
6253,8847,DLEU2,deleted in lymphocytic leukemia 2,,0.65,0.5
6254,8848,TSC22D1,TSC22 domain family member 1,0.9599,0.619,0.615
6255,8850,KAT2B,lysine acetyltransferase 2B,0.98975,0.563,0.692
6256,8851,CDK5R1,cyclin dependent kinase 5 regulatory subunit 1,0.9149,0.529,0.808
6259,8854,ALDH1A2,aldehyde dehydrogenase 1 family member A2,0.36331,0.578,0.692
6260,8856,NR1I2,nuclear receptor subfamily 1 group I member 2,7.2668e-09,0.418,0.846
6261,8857,FCGBP,Fc fragment of IgG binding protein,1.6706e-51,0.722,0.231
6262,8858,PROZ,"protein Z, vitamin K dependent plasma glycoprotein",1.1759e-16,0.792,0.385
6265,8862,APLN,apelin,0.45897,0.497,0.769
6266,8863,PER3,period circadian regulator 3,1.3661e-17,0.559,0.731
6267,8864,PER2,period circadian regulator 2,0.7148,0.488,0.846
6268,8867,SYNJ1,synaptojanin 1,0.42709,0.576,0.577
6269,8869,ST3GAL5,"ST3 beta-galactoside alpha-2,3-sialyltransferase 5",0.0013115,0.65,0.654
6270,8870,IER3,immediate early response 3,0.63122,0.593,0.769
6271,8871,SYNJ2,synaptojanin 2,8.5042e-14,0.691,0.577
6273,8874,ARHGEF7,Rho guanine nucleotide exchange factor 7,0.99995,0.486,0.846
6275,8876,VNN1,vanin 1,4.3868e-06,0.67,0.5
6276,8877,SPHK1,sphingosine kinase 1,3.0327e-07,0.48,0.808
6277,8878,SQSTM1,sequestosome 1,0.00086035,0.428,0.885
6278,8879,SGPL1,sphingosine-1-phosphate lyase 1,0.0036264,0.597,0.731
6281,8882,ZPR1,ZPR1 zinc finger,8.9466e-09,0.674,0.462
6286,8888,MCM3AP,minichromosome maintenance complex component 3 associated protein,5.24e-09,0.647,0.654
6287,8890,EIF2B4,eukaryotic translation initiation factor 2B subunit delta,0.96117,0.659,0.538
6288,8891,EIF2B3,eukaryotic translation initiation factor 2B subunit gamma,0.56695,0.729,0.346
6289,8892,EIF2B2,eukaryotic translation initiation factor 2B subunit beta,2.083e-10,0.647,0.538
6290,8893,EIF2B5,eukaryotic translation initiation factor 2B subunit epsilon,0.064171,0.615,0.769
6291,8894,EIF2S2,eukaryotic translation initiation factor 2 subunit beta,0.95327,0.621,0.577
6294,8897,MTMR3,myotubularin related protein 3,0.99937,0.682,0.462
6295,8898,MTMR2,myotubularin related protein 2,3.0351e-07,0.659,0.538
6298,8904,CPNE1,copine 1,1.7292e-14,0.743,0.192
6299,8905,AP1S2,adaptor related protein complex 1 subunit sigma 2,0.86702,0.631,0.615
6304,8910,SGCE,sarcoglycan epsilon,0.023761,0.626,0.538
6306,8912,CACNA1H,calcium voltage-gated channel subunit alpha1 H,4.7778e-10,0.628,0.423
6307,8913,CACNA1G,calcium voltage-gated channel subunit alpha1 G,1,0.59,0.577
6309,8915,BCL10,BCL10 immune signaling adaptor,0.33709,0.491,0.769
6311,8924,HERC2,HECT and RLD domain containing E3 ubiquitin protein ligase 2,1,0.568,0.692
6312,8925,HERC1,HECT and RLD domain containing E3 ubiquitin protein ligase family member 1,1,0.674,0.5
6314,8927,BSN,bassoon presynaptic cytomatrix protein,1,0.769,0.308
6315,8928,FOXH1,forkhead box H1,0.041555,0.615,0.654
6316,8929,PHOX2B,paired like homeobox 2B,0.93755,0.565,0.731
6318,8932,MBD2,methyl-CpG binding domain protein 2,0.34957,0.466,0.846
6321,8935,SKAP2,src kinase associated phosphoprotein 2,0.0012836,0.653,0.577
6327,8942,KYNU,kynureninase,4.1806e-18,0.615,0.692
6328,8943,AP3D1,adaptor related protein complex 3 subunit delta 1,0.98648,0.678,0.385
6329,8945,BTRC,beta-transducin repeat containing E3 ubiquitin protein ligase,0.011942,0.601,0.731
6339,8985,PLOD3,"procollagen-lysine,2-oxoglutarate 5-dioxygenase 3",6.1305e-13,0.659,0.385
6342,8988,HSPB3,heat shock protein family B (small) member 3,6.0944e-05,0.448,0.769
6343,8989,TRPA1,transient receptor potential cation channel subfamily A member 1,7.2309e-35,0.546,0.846
6344,8991,SELENBP1,selenium binding protein 1,3.2268e-16,0.493,0.846
6350,8997,KALRN,kalirin RhoGEF kinase,1,0.644,0.654
6353,9002,F2RL3,F2R like thrombin or trypsin receptor 3,4.1298e-05,0.539,0.769
6357,9016,SLC25A14,solute carrier family 25 member 14,0.98821,0.839,0.231
6359,9020,MAP3K14,mitogen-activated protein kinase kinase kinase 14,,0.608,0.769
6360,9021,SOCS3,suppressor of cytokine signaling 3,0.74613,0.434,0.808
6363,9024,BRSK2,BR serine/threonine kinase 2,0.95141,0.7,0.5
6368,9030,ERDA1,"expanded repeat domain, CAG/CTG 1",,0.736,0.154
6369,9031,BAZ1B,bromodomain adjacent to zinc finger domain 1B,1,0.53,0.731
6371,9033,PKD2L1,"polycystin 2 like 1, transient receptor potential cation channel",1.5748e-27,0.565,0.731
6373,9037,SEMA5A,semaphorin 5A,1.5403e-05,0.61,0.731
6378,9044,BTAF1,B-TFIID TATA-box binding protein associated factor 1,1,0.89,0.077
6382,9048,ARTN,artemin,0.35793,0.48,0.846
6383,9049,AIP,aryl hydrocarbon receptor interacting protein,0.36163,0.517,0.769
6385,9051,PSTPIP1,proline-serine-threonine phosphatase interacting protein 1,2.4606e-06,0.65,0.577
6386,9052,GPRC5A,G protein-coupled receptor class C group 5 member A,6.786e-08,0.579,0.692
6389,9055,PRC1,protein regulator of cytokinesis 1,2.6753e-07,0.599,0.692
6390,9056,SLC7A7,solute carrier family 7 member 7,7.9543e-07,0.603,0.654
6393,9060,PAPSS2,3'-phosphoadenosine 5'-phosphosulfate synthase 2,1.9748e-10,0.682,0.462
6395,9063,PIAS2,protein inhibitor of activated STAT 2,0.99718,0.682,0.385
6399,9069,CLDN12,claudin 12,0.048525,0.736,0.308
6401,9071,CLDN10,claudin 10,0.00083876,0.626,0.577
6405,9076,CLDN1,claudin 1,0.0010103,0.481,0.808
6407,9079,LDB2,LIM domain binding 2,0.9546,0.76,0.115
6417,9091,PIGQ,phosphatidylinositol glycan anchor biosynthesis class Q,1.3575e-06,0.61,0.577
6420,9094,UNC119,unc-119 lipid binding chaperone,0.00014831,0.691,0.462
6421,9095,TBX19,T-box transcription factor 19,7.1102e-06,0.695,0.462
6426,9100,USP10,ubiquitin specific peptidase 10,0.99411,0.663,0.462
6427,9101,USP8,ubiquitin specific peptidase 8,1,0.587,0.654
6429,9104,RGN,regucalcin,0.022123,0.566,0.692
6430,9107,MTMR6,myotubularin related protein 6,3.8619e-08,,
6434,9112,MTA1,metastasis associated 1,1,0.547,0.692
6435,9113,LATS1,large tumor suppressor kinase 1,0.99987,0.563,0.731
6437,9118,INA,internexin neuronal intermediate filament protein alpha,1.4818e-08,0.633,0.5
6439,9120,SLC16A6,solute carrier family 16 member 6,0.0019063,0.861,0.115
6445,9126,SMC3,structural maintenance of chromosomes 3,1,0.535,0.846
6447,9128,PRPF4,pre-mRNA processing factor 4,0.9993,0.67,0.462
6448,9129,PRPF3,pre-mRNA processing factor 3,1,0.695,0.385
6450,9131,AIFM1,apoptosis inducing factor mitochondria associated 1,0.99795,0.527,0.769
6451,9132,KCNQ4,potassium voltage-gated channel subfamily Q member 4,0.46799,0.674,0.462
6453,9134,CCNE2,cyclin E2,0.86983,0.608,0.538
6454,9135,RABEP1,"rabaptin, RAB GTPase binding effector protein 1",0.99851,0.792,0.423
6457,9139,CBFA2T2,CBFA2/RUNX1 partner transcriptional co-repressor 2,0.99585,0.615,0.654
6462,9145,SYNGR1,synaptogyrin 1,0.45121,0.736,0.346
6465,9148,NEURL1,neuralized E3 ubiquitin protein ligase 1,0.011091,0.556,0.538
6467,9150,CTDP1,CTD phosphatase subunit 1,0.00059966,0.641,0.577
6468,9152,SLC6A5,solute carrier family 6 member 5,8.977e-15,0.67,0.5
6470,9154,SLC28A1,solute carrier family 28 member 1,5.737e-20,0.686,0.538
6471,9156,EXO1,exonuclease 1,8.12e-13,0.578,0.692
6472,9158,FIBP,FGF1 intracellular binding protein,4.3854e-06,0.674,0.538
6473,9159,PCSK7,proprotein convertase subtilisin/kexin type 7,0.0041859,0.631,0.615
6475,9166,EBAG9,estrogen receptor binding site associated antigen 9,0.077101,0.615,0.462
6477,9168,TMSB10,thymosin beta 10,0.018038,0.641,0.577
6481,9173,IL1RL1,interleukin 1 receptor like 1,1.4407e-12,0.547,0.731
6483,9177,HTR3B,5-hydroxytryptamine receptor 3B,2.4797e-07,0.678,0.423
6484,9179,AP4M1,adaptor related protein complex 4 subunit mu 1,4.4873e-17,0.638,0.5
6485,9180,OSMR,oncostatin M receptor,9.2144e-18,0.599,0.577
6486,9181,ARHGEF2,Rho/Rac guanine nucleotide exchange factor 2,1,0.502,0.769
6489,9184,BUB3,BUB3 mitotic checkpoint protein,0.80927,0.588,0.615
6490,9185,REPS2,RALBP1 associated Eps domain containing 2,0.20309,0.751,0.192
6497,9197,SLC33A1,solute carrier family 33 member 1,9.8902e-05,0.529,0.769
6501,9203,ZMYM3,zinc finger MYM-type containing 3,1,0.76,0.308
6506,9210,BMP15,bone morphogenetic protein 15,0.0001832,0.659,0.385
6507,9211,LGI1,leucine rich glioma inactivated 1,0.99914,0.568,0.731
6509,9213,XPR1,xenotropic and polytropic retrovirus receptor 1,0.99999,0.488,0.731
6511,9215,LARGE1,LARGE xylosyl- and glucuronyltransferase 1,0.98934,0.526,0.654
6512,9217,VAPB,VAMP associated protein B and C,0.58111,0.666,0.423
6514,9219,MTA2,metastasis associated 1 family member 2,0.74479,0.579,0.808
6517,9223,MAGI1,"membrane associated guanylate kinase, WW and PDZ domain containing 1",0.5597,0.628,0.615
6518,9227,LRAT,lecithin retinol acyltransferase,0.028354,0.608,0.654
6519,9228,DLGAP2,DLG associated protein 2,0.99989,0.736,0.385
6520,9229,DLGAP1,DLG associated protein 1,0.99875,0.691,0.385
6521,9230,RAB11B,"RAB11B, member RAS oncogene family",0.4442,0.691,0.538
6522,9231,DLG5,discs large MAGUK scaffold protein 5,0.99948,0.686,0.5
6524,9235,IL32,interleukin 32,3.7471e-09,0.495,0.731
6528,9241,NOG,noggin,0.89026,0.518,0.731
6530,9244,CRLF1,cytokine receptor like factor 1,3.9958e-05,0.597,0.654
6533,9247,GCM2,glial cells missing transcription factor 2,0.00091142,0.647,0.538
6534,9248,GPR50,G protein-coupled receptor 50,0.64639,0.686,0.462
6538,9254,CACNA2D2,calcium voltage-gated channel auxiliary subunit alpha2delta 2,0.99997,0.626,0.615
6539,9255,AIMP1,aminoacyl tRNA synthetase complex interacting multifunctional protein 1,3.0411e-07,0.566,0.769
6541,9258,MFHAS1,malignant fibrous histiocytoma amplified sequence 1,4.2417e-09,0.729,0.538
6546,9265,CYTH3,cytohesin 3,0.72252,0.931,0.115
6548,9267,CYTH1,cytohesin 1,0.99981,0.805,0.231
6549,9270,ITGB1BP1,integrin subunit beta 1 binding protein 1,9.6972e-05,0.861,0.308
6550,9271,PIWIL1,piwi like RNA-mediated gene silencing 1,7.2798e-14,0.57,0.731
6553,9276,COPB2,COPI coat complex subunit beta 2,1,0.644,0.615
6560,9289,ADGRG1,adhesion G protein-coupled receptor G1,5.3483e-10,0.59,0.654
6563,9294,S1PR2,sphingosine-1-phosphate receptor 2,0.018286,0.585,0.731
6574,9308,CD83,CD83 molecule,0.0052136,0.566,0.731
6575,9310,ZNF235,zinc finger protein 235,3.3787e-10,,
6577,9312,KCNB2,potassium voltage-gated channel subfamily B member 2,0.99613,0.89,0.154
6578,9313,MMP20,matrix metallopeptidase 20,6.0776e-14,0.663,0.538
6579,9314,KLF4,Kruppel like factor 4,0.99714,0.449,0.769
6580,9315,NREP,neuronal regeneration related protein,0.0056013,0.682,0.577
6581,9317,PTER,phosphotriesterase related,3.2773e-13,0.769,0.346
6583,9319,TRIP13,thyroid hormone receptor interactor 13,0.99606,0.559,0.654
6584,9320,TRIP12,thyroid hormone receptor interactor 12,1,0.678,0.462
6585,9321,TRIP11,thyroid hormone receptor interactor 11,1.714e-12,0.595,0.654
6586,9322,TRIP10,thyroid hormone receptor interactor 10,1.6667e-05,0.65,0.654
6588,9325,TRIP4,thyroid hormone receptor interactor 4,5.9901e-07,0.641,0.654
6589,9326,ZNHIT3,zinc finger HIT-type containing 3,5.5408e-07,0.666,0.462
6593,9332,CD163,CD163 molecule,0.0008338,0.427,0.846
6600,9342,SNAP29,synaptosome associated protein 29,0.013567,0.633,0.654
6601,9343,EFTUD2,elongation factor Tu GTP binding domain containing 2,1,0.647,0.462
6603,9348,NDST3,N-deacetylase and N-sulfotransferase 3,1.0699e-05,0.805,0.192
6606,9351,SLC9A3R2,SLC9A3 regulator 2,0.038353,0.588,0.654
6608,9353,SLIT2,slit guidance ligand 2,1,0.511,0.769
6614,9361,LONP1,"lon peptidase 1, mitochondrial",0.9993,0.517,0.808
6616,9364,RAB28,"RAB28, member RAS oncogene family",0.02487,0.792,0.077
6617,9365,KL,klotho,0.00022444,0.448,0.769
6621,9369,NRXN3,neurexin 3,1,0.656,0.615
6622,9370,ADIPOQ,"adiponectin, C1Q and collagen domain containing",4.6434e-09,0.376,0.885
6625,9373,PLAA,phospholipase A2 activating protein,0.46873,0.597,0.692
6628,9376,SLC22A8,solute carrier family 22 member 8,2.6004e-09,0.656,0.615
6630,9378,NRXN1,neurexin 1,0.99964,0.581,0.692
6631,9379,NRXN2,neurexin 2,0.99934,0.769,0.308
6632,9380,GRHPR,glyoxylate and hydroxypyruvate reductase,4.6393e-07,0.722,0.308
6633,9381,OTOF,otoferlin,5.3804e-39,0.691,0.385
6634,9382,COG1,component of oligomeric golgi complex 1,4.9379e-08,0.628,0.692
6636,9388,LIPG,"lipase G, endothelial type",1.0165e-10,0.633,0.615
6640,9394,HS6ST1,heparan sulfate 6-O-sulfotransferase 1,0.92349,0.617,0.731
6645,9401,RECQL4,RecQ like helicase 4,3.3132e-35,0.496,0.808
6648,9404,LPXN,leupaxin,1.9089e-06,0.678,0.423
6651,9409,PEX16,peroxisomal biogenesis factor 16,8.2934e-05,0.597,0.615
6653,9411,ARHGAP29,Rho GTPase activating protein 29,0.99964,0.7,0.5
6656,9414,TJP2,tight junction protein 2,3.236e-11,0.663,0.5
6657,9415,FADS2,fatty acid desaturase 2,0.99815,0.575,0.692
6659,9419,CRIPT,CXXC repeat containing interactor of PDZ3 domain,0.00097752,0.716,0.308
6660,9420,CYP7B1,cytochrome P450 family 7 subfamily B member 1,3.2954e-06,0.563,0.692
6663,9423,NTN1,netrin 1,0.99687,0.509,0.846
6667,9427,ECEL1,endothelin converting enzyme like 1,4.7923e-13,0.638,0.308
6668,9429,ABCG2,ATP binding cassette subfamily G member 2 (Junior blood group),2.0957e-32,0.419,0.885
6673,9439,MED23,mediator complex subunit 23,3.1015e-08,0.612,0.654
6674,9440,MED17,mediator complex subunit 17,3.0751e-09,0.769,0.269
6676,9442,MED27,mediator complex subunit 27,1.7718e-05,0.769,0.231
6678,9444,QKI,"QKI, KH domain containing RNA binding",0.75121,0.617,0.5
6679,9445,ITM2B,integral membrane protein 2B,0.62589,0.617,0.654
6682,9448,MAP4K4,mitogen-activated protein kinase kinase kinase kinase 4,1,0.588,0.692
6684,9451,EIF2AK3,eukaryotic translation initiation factor 2 alpha kinase 3,0.0027603,0.501,0.808
6688,9455,HOMER2,homer scaffold protein 2,0.0093921,0.691,0.5
6689,9456,HOMER1,homer scaffold protein 1,0.9992,0.636,0.538
6691,9459,ARHGEF6,Rac/Cdc42 guanine nucleotide exchange factor 6,0.99998,0.678,0.462
6692,9462,RASAL2,RAS protein activator like 2,0.79641,0.67,0.346
6693,9463,PICK1,protein interacting with PRKCA 1,0.0081806,0.682,0.538
6694,9464,HAND2,heart and neural crest derivatives expressed 2,0.39908,0.612,0.5
6695,9465,AKAP7,A-kinase anchoring protein 7,2.8942e-07,0.821,0.231
6699,9469,CHST3,carbohydrate sulfotransferase 3,0.0072431,0.517,0.846
6701,9472,AKAP6,A-kinase anchoring protein 6,0.99983,0.695,0.538
6703,9474,ATG5,autophagy related 5,0.97758,0.462,0.885
6704,9475,ROCK2,Rho associated coiled-coil containing protein kinase 2,1,0.529,0.808
6706,9477,MED20,mediator complex subunit 20,0.30394,0.861,0.077
6708,9479,MAPK8IP1,mitogen-activated protein kinase 8 interacting protein 1,0.99983,0.716,0.462
6713,9487,PIGL,phosphatidylinositol glycan anchor biosynthesis class L,6.178e-09,0.581,0.731
6714,9488,PIGB,phosphatidylinositol glycan anchor biosynthesis class B,3.8535e-11,0.839,0.038
6715,9489,PGS1,phosphatidylglycerophosphate synthase 1,1.2572e-11,1,0.038
6717,9493,KIF23,kinesin family member 23,1,0.682,0.385
6718,9495,AKAP5,A-kinase anchoring protein 5,0.65191,0.821,0.231
6719,9496,TBX4,T-box transcription factor 4,0.5048,0.576,0.731
6720,9497,SLC4A7,solute carrier family 4 member 7,0.73616,0.716,0.423
6722,9499,MYOT,myotilin,3.3663e-08,0.695,0.385
6727,9508,ADAMTS3,ADAM metallopeptidase with thrombospondin type 1 motif 3,1.0278e-10,0.581,0.808
6728,9509,ADAMTS2,ADAM metallopeptidase with thrombospondin type 1 motif 2,0.9661,0.579,0.808
6729,9510,ADAMTS1,ADAM metallopeptidase with thrombospondin type 1 motif 1,0.71601,0.555,0.654
6730,9512,PMPCB,"peptidase, mitochondrial processing subunit beta",4.5335e-08,0.769,0.192
6734,9516,LITAF,lipopolysaccharide induced TNF factor,0.030752,0.65,0.462
6735,9517,SPTLC2,serine palmitoyltransferase long chain base subunit 2,0.78035,0.736,0.346
6736,9518,GDF15,growth differentiation factor 15,3.0133e-07,0.429,0.808
6738,9520,NPEPPS,aminopeptidase puromycin sensitive,1,0.519,0.808
6741,9524,TECR,"trans-2,3-enoyl-CoA reductase",0.10845,0.674,0.423
6743,9526,MPDU1,mannose-P-dolichol utilization defect 1,1.0051e-05,0.682,0.5
6748,9531,BAG3,BAG cochaperone 3,0.61738,0.498,0.846
6750,9533,POLR1C,RNA polymerase I and III subunit C,6.3221e-10,0.595,0.615
6753,9536,PTGES,prostaglandin E synthase,0.71317,0.54,0.769
6756,9540,TP53I3,tumor protein p53 inducible protein 3,5.9516e-11,0.636,0.423
6762,9547,CXCL14,C-X-C motif chemokine ligand 14,0.037302,0.554,0.731
6766,9553,MRPL33,mitochondrial ribosomal protein L33,0.3655,0.792,0.269
6768,9555,MACROH2A1,macroH2A.1 histone,0.73705,0.656,0.5
6770,9557,CHD1L,chromodomain helicase DNA binding protein 1 like,1.0034e-36,0.631,0.577
6774,9563,H6PD,hexose-6-phosphate dehydrogenase/glucose 1-dehydrogenase,8.5874e-09,0.619,0.654
6778,9568,GABBR2,gamma-aminobutyric acid type B receptor subunit 2,0.99999,0.65,0.538
6779,9569,GTF2IRD1,GTF2I repeat domain containing 1,0.90039,0.522,0.769
6780,9570,GOSR2,golgi SNAP receptor complex member 2,4.6633e-07,0.653,0.423
6781,9572,NR1D1,nuclear receptor subfamily 1 group D member 1,0.81796,0.608,0.692
6782,9573,GDF3,growth differentiation factor 3,4.0734e-05,0.595,0.5
6783,9575,CLOCK,clock circadian regulator,0.99957,0.463,0.885
6788,9581,PREPL,prolyl endopeptidase like,2.1551e-13,0.644,0.538
6789,9582,APOBEC3B,apolipoprotein B mRNA editing enzyme catalytic subunit 3B,5.2144e-16,0.547,0.731
6793,9586,CREB5,cAMP responsive element binding protein 5,0.22337,0.682,0.538
6797,9590,AKAP12,A-kinase anchoring protein 12,0.035666,0.566,0.615
6806,9607,CARTPT,CART prepropeptide,0.093729,0.576,0.692
6808,9610,RIN1,Ras and Rab interactor 1,3.5054e-07,0.7,0.385
6809,9611,NCOR1,nuclear receptor corepressor 1,1,0.597,0.731
6810,9612,NCOR2,nuclear receptor corepressor 2,1,0.601,0.692
6815,9619,ABCG1,ATP binding cassette subfamily G member 1,0.11182,0.56,0.692
6816,9620,CELSR1,cadherin EGF LAG seven-pass G-type receptor 1,0.99994,0.7,0.5
6817,9622,KLK4,kallikrein related peptidase 4,4.5377e-06,0.559,0.692
6821,9627,SNCAIP,synuclein alpha interacting protein,0.00032848,0.691,0.423
6822,9628,RGS6,regulator of G protein signaling 6,0.44191,0.564,0.769
6824,9630,GNA14,G protein subunit alpha 14,2.4256e-17,0.674,0.5
6826,9632,SEC24C,"SEC24 homolog C, COPII coat complex component",1,0.543,0.808
6829,9636,ISG15,ISG15 ubiquitin like modifier,0.40527,0.531,0.808
6834,9641,IKBKE,inhibitor of nuclear factor kappa B kinase subunit epsilon,0.0090053,0.597,0.731
6836,9644,SH3PXD2A,SH3 and PX domains 2A,0.98897,0.729,0.385
6841,9649,RALGPS1,Ral GEF with PH domain and SH3 binding motif 1,0.99999,0.861,0.231
6843,9652,TTC37,tetratricopeptide repeat domain 37,1.725e-29,0.626,0.654
6845,9654,TTLL4,tubulin tyrosine ligase like 4,5.6814e-13,0.861,0.231
6848,9657,IQCB1,IQ motif containing B1,1.3581e-12,0.641,0.654
6851,9662,CEP135,centrosomal protein 135,3.5892e-22,0.695,0.615
6852,9663,LPIN2,lipin 2,5.026e-05,0.628,0.615
6856,9668,ZNF432,zinc finger protein 432,3.0049e-14,0.805,0.192
6859,9671,WSCD2,WSC domain containing 2,0.78262,0.805,0.269
6864,9677,PPIP5K1,diphosphoinositol pentakisphosphate kinase 1,0.0026969,0.7,0.308
6865,9678,PHF14,PHD finger protein 14,0.26533,0.695,0.462
6866,9679,FAM53B,family with sequence similarity 53 member B,0.85523,0.716,0.423
6867,9681,DEPDC5,"DEP domain containing 5, GATOR1 subcomplex subunit",0.1165,0.631,0.538
6870,9684,LRRC14,leucine rich repeat containing 14,0.00017297,,
6871,9685,CLINT1,clathrin interactor 1,0.53538,0.931,0.038
6872,9686,VGLL4,vestigial like family member 4,0.072826,0.716,0.231
6874,9688,NUP93,nucleoporin 93,1.7535e-06,0.729,0.385
6876,9690,UBE3C,ubiquitin protein ligase E3C,1,0.722,0.577
6877,9692,PRORP,protein only RNase P catalytic subunit,1.3271e-13,0.769,0.269
6878,9693,RAPGEF2,Rap guanine nucleotide exchange factor 2,1,0.716,0.269
6882,9697,TRAM2,translocation associated membrane protein 2,0.94418,0.89,0.115
6883,9698,PUM1,pumilio RNA binding family member 1,1,0.653,0.654
6884,9699,RIMS2,regulating synaptic membrane exocytosis 2,1,0.769,0.423
6885,9700,ESPL1,"extra spindle pole bodies like 1, separase",1,0.647,0.462
6886,9701,PPP6R2,protein phosphatase 6 regulatory subunit 2,0.16399,0.722,0.462
6887,9702,CEP57,centrosomal protein 57,0.072685,0.615,0.615
6891,9706,ULK2,unc-51 like autophagy activating kinase 2,1.877e-08,0.76,0.231
6894,9711,RUBCN,rubicon autophagy regulator,1.387e-13,0.716,0.423
6895,9712,USP6NL,USP6 N-terminal like,0.12097,0.861,0.115
6899,9718,ECE2,endothelin converting enzyme 2,1.1756e-21,0.751,0.423
6900,9719,ADAMTSL2,ADAMTS like 2,0.0016001,0.666,0.346
6903,9722,NOS1AP,nitric oxide synthase 1 adaptor protein,0.61424,0.608,0.423
6904,9723,SEMA3E,semaphorin 3E,8.7148e-09,0.515,0.769
6910,9729,KIAA0408,KIAA0408,4.8741e-07,,
6911,9730,DCAF1,DDB1 and CUL4 associated factor 1,1,0.601,0.731
6912,9731,CEP104,centrosomal protein 104,1.2281e-12,0.67,0.423
6913,9732,DOCK4,dedicator of cytokinesis 4,0.82562,0.666,0.423
6915,9734,HDAC9,histone deacetylase 9,0.99973,0.439,0.846
6916,9735,KNTC1,kinetochore associated 1,5.3346e-43,0.67,0.5
6920,9739,SETD1A,"SET domain containing 1A, histone lysine methyltransferase",1,0.619,0.615
6922,9742,IFT140,intraflagellar transport 140,9.914e-24,0.572,0.692
6925,9745,ZNF536,zinc finger protein 536,0.99958,0.743,0.346
6928,9748,SLK,STE20 like kinase,0.37441,0.729,0.385
6930,9750,RIPOR2,RHO family interacting cell polarization regulator 2,0.92284,0.792,0.269
6934,9754,STARD8,StAR related lipid transfer domain containing 8,0.024522,0.743,0.346
6936,9757,KMT2B,lysine methyltransferase 2B,1,0.529,0.808
6937,9758,FRMPD4,FERM and PDZ domain containing 4,1,0.674,0.423
6938,9759,HDAC4,histone deacetylase 4,1,0.484,0.885
6942,9764,KIAA0513,KIAA0513,0.23471,0.839,0.192
6949,9772,TMEM94,transmembrane protein 94,2.7548e-14,0.628,0.654
6951,9775,EIF4A3,eukaryotic translation initiation factor 4A3,0.99985,0.608,0.5
6955,9779,TBC1D5,TBC1 domain family member 5,4.6359e-18,0.839,0.154
6956,9780,PIEZO1,piezo type mechanosensitive ion channel component 1,3.9379e-21,0.552,0.769
6958,9782,MATR3,matrin 3,1,0.631,0.538
6960,9784,SNX17,sorting nexin 17,0.0022034,0.861,0.192
6961,9785,DHX38,DEAH-box helicase 38,2.1124e-12,0.711,0.346
6962,9786,KIAA0586,KIAA0586,5.1344e-16,0.565,0.731
6964,9788,MTSS1,MTSS I-BAR domain containing 1,0.9997,0.581,0.654
6967,9791,PTDSS1,phosphatidylserine synthase 1,0.15093,0.61,0.615
6978,9807,IP6K1,inositol hexakisphosphate kinase 1,0.92674,0.792,0.269
6980,9811,CTIF,cap binding complex dependent translation initiation factor,0.99994,0.821,0.231
6984,9815,GIT2,GIT ArfGAP 2,0.99793,0.716,0.385
6986,9817,KEAP1,kelch like ECH associated protein 1,0.00038766,0.475,0.808
6989,9820,CUL7,cullin 7,2.5916e-21,0.633,0.5
6990,9821,RB1CC1,RB1 inducible coiled-coil 1,1,0.653,0.538
6993,9825,SPATA2,spermatogenesis associated 2,0.97889,0.556,0.615
6994,9826,ARHGEF11,Rho guanine nucleotide exchange factor 11,1,0.722,0.385
6997,9829,DNAJC6,DnaJ heat shock protein family (Hsp40) member C6,0.99986,0.641,0.385
7005,9839,ZEB2,zinc finger E-box binding homeobox 2,1,0.471,0.808
7006,9840,TESPA1,"thymocyte expressed, positive selection associated 1",4.6856e-06,0.839,0.154
7007,9841,ZBTB24,zinc finger and BTB domain containing 24,0.00020919,0.659,0.654
7008,9842,PLEKHM1,pleckstrin homology and RUN domain containing M1,0.0081382,0.691,0.577
7010,9844,ELMO1,engulfment and cell motility 1,0.89997,0.608,0.615
7011,9846,GAB2,GRB2 associated binding protein 2,0.98325,0.563,0.692
7015,9851,KIAA0753,KIAA0753,1.5545e-28,0.631,0.577
7017,9853,RUSC2,RUN and SH3 domain containing 2,0.99949,0.729,0.269
7022,9859,CEP170,centrosomal protein 170,1,0.89,0.192
7025,9862,MED24,mediator complex subunit 24,3.3214e-11,0.931,0.192
7026,9863,MAGI2,"membrane associated guanylate kinase, WW and PDZ domain containing 2",0.99943,0.579,0.654
7030,9869,SETDB1,SET domain bifurcated histone lysine methyltransferase 1,1,0.631,0.654
7032,9871,SEC24D,"SEC24 homolog D, COPII coat complex component",1.3348e-07,0.663,0.577
7039,9881,TRANK1,tetratricopeptide repeat and ankyrin repeat containing 1,2.0096e-25,0.805,0.077
7040,9882,TBC1D4,TBC1 domain family member 4,8.473e-24,0.76,0.385
7044,9886,RHOBTB1,Rho related BTB domain containing 1,0.00024175,0.722,0.308
7045,9887,SMG7,SMG7 nonsense mediated mRNA decay factor,0.99998,0.805,0.346
7049,9892,SNAP91,synaptosome associated protein 91,0.99993,0.638,0.538
7050,9894,TELO2,telomere maintenance 2,7.2029e-14,0.695,0.5
7051,9895,TECPR2,tectonin beta-propeller repeat containing 2,0.58003,0.663,0.423
7052,9896,FIG4,FIG4 phosphoinositide 5-phosphatase,2.3423e-34,0.551,0.731
7053,9897,WASHC5,WASH complex subunit 5,8.2703e-18,0.572,0.615
7057,9901,SRGAP3,SLIT-ROBO Rho GTPase activating protein 3,0.9997,0.711,0.346
7062,9907,AP5Z1,adaptor related protein complex 5 subunit zeta 1,7.2894e-31,0.7,0.346
7063,9908,G3BP2,G3BP stress granule assembly factor 2,0.99954,0.805,0.192
7065,9910,RABGAP1L,RAB GTPase activating protein 1 like,0.00010938,0.743,0.462
7066,9911,TMCC2,transmembrane and coiled-coil domain family 2,0.29466,,
7070,9915,ARNT2,aryl hydrocarbon receptor nuclear translocator 2,0.99142,0.599,0.731
7072,9918,NCAPD2,non-SMC condensin I complex subunit D2,1.0776e-12,0.76,0.346
7081,9927,MFN2,mitofusin 2,0.99415,0.471,0.846
7082,9928,KIF14,kinesin family member 14,4.1141e-05,0.578,0.654
7087,9935,MAFB,MAF bZIP transcription factor B,0.90304,0.565,0.731
7091,9939,RBM8A,RNA binding motif protein 8A,0.57268,0.604,0.692
7092,9940,DLEC1,DLEC1 cilia and flagella associated protein,2.1303e-35,0.572,0.615
7094,9942,XYLB,xylulokinase,1.3597e-22,0.821,0.154
7095,9943,OXSR1,oxidative stress responsive kinase 1,0.77444,0.839,0.269
7099,9948,WDR1,WD repeat domain 1,0.99892,0.623,0.654
7100,9949,AMMECR1,AMMECR nuclear protein 1,0.82117,0.659,0.692
7108,9960,USP3,ubiquitin specific peptidase 3,0.99989,0.729,0.346
7110,9962,SLC23A2,solute carrier family 23 member 2,0.0062629,0.65,0.615
7113,9966,TNFSF15,TNF superfamily member 15,0.0028159,0.531,0.692
7115,9968,MED12,mediator complex subunit 12,1,0.476,0.769
7117,9970,NR1I3,nuclear receptor subfamily 1 group I member 3,3.5259e-08,0.448,0.846
7118,9971,NR1H4,nuclear receptor subfamily 1 group H member 4,0.00093892,0.513,0.808
7124,9980,DOP1B,DOP1 leucine zipper like protein B,7.5465e-21,0.861,0.192
7129,9987,HNRNPDL,heterogeneous nuclear ribonucleoprotein D like,0.077954,0.597,0.654
7132,9990,SLC12A6,solute carrier family 12 member 6,0.011377,0.603,0.5
7134,9992,KCNE2,potassium voltage-gated channel subfamily E regulatory subunit 2,0.00010145,0.628,0.423
7137,9997,SCO2,synthesis of cytochrome C oxidase 2,7.5473e-07,0.479,0.846
7138,10000,AKT3,AKT serine/threonine kinase 3,0.99958,0.512,0.808
7139,10002,NR2E3,nuclear receptor subfamily 2 group E member 3,,0.603,0.5
7140,10003,NAALAD2,N-acetylated alpha-linked acidic dipeptidase 2,1.4282e-20,1,0.038
7143,10006,ABI1,abl interactor 1,0.63911,0.641,0.538
7145,10008,KCNE3,potassium voltage-gated channel subfamily E regulatory subunit 3,0.4682,0.666,0.423
7146,10009,ZBTB33,zinc finger and BTB domain containing 33,0.9127,0.821,0.269
7147,10010,TANK,TRAF family member associated NFKB activator,0.83828,0.678,0.5
7148,10011,SRA1,steroid receptor RNA activator 1,5.19e-06,0.568,0.615
7150,10014,HDAC5,histone deacetylase 5,1,0.552,0.769
7152,10016,PDCD6,programmed cell death 6,0.0088799,0.653,0.5
7154,10018,BCL2L11,BCL2 like 11,0.88857,0.51,0.731
7155,10019,SH2B3,SH2B adaptor protein 3,0.00010289,0.527,0.692
7156,10020,GNE,glucosamine (UDP-N-acetyl)-2-epimerase/N-acetylmannosamine kinase,2.4844e-16,0.61,0.692
7157,10021,HCN4,hyperpolarization activated cyclic nucleotide gated potassium channel 4,0.99867,0.617,0.269
7161,10025,MED16,mediator complex subunit 16,2.5908e-14,0.89,0.192
7164,10038,PARP2,poly(ADP-ribose) polymerase 2,2.3289e-13,0.663,0.538
7168,10043,TOM1,target of myb1 membrane trafficking protein,1.4544e-11,0.711,0.385
7169,10044,SH2D3C,SH2 domain containing 3C,0.00035085,0.729,0.346
7171,10046,MAMLD1,mastermind like domain containing 1,0.62647,0.65,0.5
7174,10049,DNAJB6,DnaJ heat shock protein family (Hsp40) member B6,0.85436,0.659,0.462
7175,10050,SLC17A4,solute carrier family 17 member 4,1.5714e-09,0.78,0.385
7176,10051,SMC4,structural maintenance of chromosomes 4,1.68e-05,0.678,0.346
7181,10056,FARSB,phenylalanyl-tRNA synthetase subunit beta,0.0032955,0.682,0.5
7182,10057,ABCC5,ATP binding cassette subfamily C member 5,0.0041518,0.606,0.654
7183,10058,ABCB6,ATP binding cassette subfamily B member 6 (Langereis blood group),8.5999e-19,0.431,0.885
7184,10059,DNM1L,dynamin 1 like,0.00056753,0.475,0.808
7185,10060,ABCC9,ATP binding cassette subfamily C member 9,9.3524e-09,0.552,0.692
7187,10062,NR1H3,nuclear receptor subfamily 1 group H member 3,0.90374,0.566,0.692
7196,10075,HUWE1,"HECT, UBA and WWE domain containing E3 ubiquitin protein ligase 1",1,0.534,0.769
7198,10077,TSPAN32,tetraspanin 32,2.1686e-05,0.821,0.154
7202,10082,GPC6,glypican 6,0.14181,0.626,0.654
7203,10083,USH1C,USH1 protein network component harmonin,3.9714e-18,0.628,0.538
7204,10084,PQBP1,polyglutamine binding protein 1,0.78935,0.57,0.654
7207,10087,CERT1,ceramide transporter 1,0.66702,0.674,0.5
7213,10095,ARPC1B,actin related protein 2/3 complex subunit 1B,0.010999,0.736,0.346
7220,10102,TSFM,"Ts translation elongation factor, mitochondrial",1.9197e-09,0.736,0.423
7222,10105,PPIF,peptidylprolyl isomerase F,0.0019919,0.593,0.692
7224,10107,TRIM10,tripartite motif containing 10,3.7432e-09,0.821,0.269
7225,10108,MKRN3-AS1,MKRN3 antisense RNA 1,,0.682,0.423
7226,10109,ARPC2,actin related protein 2/3 complex subunit 2,0.99769,0.769,0.308
7228,10111,RAD50,RAD50 double strand break repair protein,3.4392e-27,0.556,0.808
7233,10117,ENAM,enamelin,1.2999e-12,0.674,0.346
7234,10120,ACTR1B,actin related protein 1B,0.0010746,0.729,0.231
7238,10125,RASGRP1,RAS guanyl releasing protein 1,0.96554,0.572,0.731
7239,10126,DNAL4,dynein axonemal light chain 4,0.0028273,0.78,0.231
7241,10128,LRPPRC,leucine rich pentatricopeptide repeat containing,2.3019e-10,0.493,0.769
7242,10129,FRY,FRY microtubule binding protein,1,0.666,0.5
7244,10131,TRAP1,TNF receptor associated protein 1,1.5965e-29,0.59,0.615
7245,10133,OPTN,optineurin,5.91e-18,0.548,0.808
7246,10134,BCAP31,B cell receptor associated protein 31,0.43366,0.579,0.808
7254,10142,AKAP9,A-kinase anchoring protein 9,4.5249e-17,0.638,0.385
7255,10143,CLEC3A,C-type lectin domain family 3 member A,1.9968e-11,0.769,0.154
7256,10144,FAM13A,family with sequence similarity 13 member A,1.8976e-18,0.653,0.462
7260,10149,ADGRG2,adhesion G protein-coupled receptor G2,0.92694,0.736,0.231
7261,10150,MBNL2,muscleblind like splicing regulator 2,0.25602,0.716,0.577
7265,10154,PLXNC1,plexin C1,0.99811,0.722,0.269
7266,10155,TRIM28,tripartite motif containing 28,1,0.592,0.731
7268,10157,AASS,aminoadipate-semialdehyde synthase,2.3101e-12,0.695,0.577
7270,10159,ATP6AP2,ATPase H+ transporting accessory protein 2,0.87089,0.525,0.769
7272,10161,LPAR6,lysophosphatidic acid receptor 6,0.0007129,0.678,0.385
7276,10165,SLC25A13,solute carrier family 25 member 13,1.2833e-24,0.617,0.5
7277,10166,SLC25A15,solute carrier family 25 member 15,3.7038e-07,0.711,0.346
7282,10171,RCL1,RNA terminal phosphate cyclase like 1,0.059378,0.792,0.192
7286,10180,RBM6,RNA binding motif protein 6,1,0.722,0.385
7294,10194,TSHZ1,teashirt zinc finger homeobox 1,0.9973,0.569,0.731
7295,10195,ALG3,"ALG3 alpha-1,3- mannosyltransferase",3.6777e-10,0.644,0.5
7296,10196,PRMT3,protein arginine methyltransferase 3,4.9032e-25,0.743,0.423
7298,10198,MPHOSPH9,M-phase phosphoprotein 9,1.6616e-10,0.805,0.269
7305,10205,MPZL2,myelin protein zero like 2,1.0755e-12,0.653,0.5
7307,10207,PATJ,PATJ crumbs cell polarity complex component,1.1917e-50,0.751,0.538
7310,10210,TOPORS,TOP1 binding arginine/serine rich protein,0.99904,0.659,0.538
7318,10218,ANGPTL7,angiopoietin like 7,9.168e-17,0.76,0.269
7324,10225,CD96,CD96 molecule,1.392e-11,0.592,0.692
7327,10229,COQ7,"coenzyme Q7, hydroxylase",3.808e-06,0.736,0.462
7330,10232,MSLN,mesothelin,5.8751e-25,0.525,0.692
7333,10235,RASGRP2,RAS guanyl releasing protein 2,0.2436,0.769,0.231
7334,10236,HNRNPR,heterogeneous nuclear ribonucleoprotein R,0.99935,0.722,0.308
7335,10238,DCAF7,DDB1 and CUL4 associated factor 7,0.93284,0.821,0.231
7339,10242,KCNMB2,potassium calcium-activated channel subfamily M regulatory beta subunit 2,0.5544,0.722,0.385
7340,10243,GPHN,gephyrin,0.99998,0.608,0.538
7342,10246,SLC17A2,solute carrier family 17 member 2,1.4228e-06,0.805,0.269
7345,10249,GLYAT,glycine-N-acyltransferase,3.6418e-08,0.729,0.462
7349,10253,SPRY2,sprouty RTK signaling antagonist 2,0.97126,0.554,0.654
7352,10256,CNKSR1,connector enhancer of kinase suppressor of Ras 1,4.289e-30,0.769,0.462
7353,10257,ABCC4,ATP binding cassette subfamily C member 4,1.0674e-07,0.536,0.769
7354,10260,DENND4A,DENN domain containing 4A,0.99627,0.821,0.192
7356,10262,SF3B4,splicing factor 3b subunit 4,0.99176,0.576,0.615
7358,10265,IRX5,iroquois homeobox 5,0.9747,0.623,0.846
7359,10266,RAMP2,receptor activity modifying protein 2,0.051127,0.626,0.654
7362,10269,ZMPSTE24,zinc metallopeptidase STE24,8.8702e-16,0.517,0.731
7365,10273,STUB1,STIP1 homology and U-box containing protein 1,0.018667,0.544,0.692
7366,10274,STAG1,stromal antigen 1,1,0.656,0.577
7368,10277,UBE4B,ubiquitination factor E4B,1,0.76,0.346
7370,10279,PRSS16,serine protease 16,4.0615e-07,0.792,0.346
7371,10280,SIGMAR1,sigma non-opioid intracellular receptor 1,0.1678,0.544,0.808
7372,10281,DSCR4,Down syndrome critical region 4,0.0007784,0.89,0.115
7374,10283,CWC27,CWC27 spliceosome associated cyclophilin,4.5628e-07,0.722,0.346
7379,10290,SPEG,striated muscle enriched protein kinase,0.92315,0.686,0.385
7381,10293,TRAIP,TRAF interacting protein,1.5879e-05,0.644,0.654
7383,10295,BCKDK,branched chain keto acid dehydrogenase kinase,5.6598e-05,0.769,0.154
7385,10297,APC2,APC regulator of WNT signaling pathway 2,0.99994,0.582,0.654
7388,10300,KATNB1,katanin regulatory subunit B1,1.4478e-05,0.674,0.346
7389,10301,DLEU1,deleted in lymphocytic leukemia 1,0.47033,0.569,0.692
7397,10312,TCIRG1,"T cell immune regulator 1, ATPase H+ transporting V0 subunit a3",2.3981e-13,0.565,0.692
7402,10318,TNIP1,TNFAIP3 interacting protein 1,0.47559,0.564,0.769
7403,10319,LAMC3,laminin subunit gamma 3,1.3704e-23,0.722,0.308
7404,10320,IKZF1,IKAROS family zinc finger 1,0.9986,0.533,0.769
7407,10324,KLHL41,kelch like family member 41,0.00011107,0.682,0.538
7411,10329,RXYLT1,ribitol xylosyltransferase 1,1.072e-06,0.633,0.462
7416,10335,MRVI1,murine retrovirus integration site 1 homolog,2.2619e-07,0.792,0.269
7419,10342,TFG,trafficking from ER to golgi regulator,0.14061,0.595,0.615
7420,10343,PKDREJ,polycystin family receptor for egg jelly,2.0073e-09,0.931,0.115
7422,10345,TRDN,triadin,8.357e-22,0.691,0.462
7424,10347,ABCA7,ATP binding cassette subfamily A member 7,2.1111e-55,0.644,0.577
7427,10351,ABCA8,ATP binding cassette subfamily A member 8,1.609e-52,0.821,0.231
7428,10352,WARS2,"tryptophanyl tRNA synthetase 2, mitochondrial",0.050885,0.617,0.577
7433,10363,HMG20A,high mobility group 20A,0.67769,0.89,0.154
7435,10367,MICU1,mitochondrial calcium uptake 1,1.9344e-13,0.638,0.654
7438,10370,CITED2,Cbp/p300 interacting transactivator with Glu/Asp rich carboxy-terminal domain 2,0.76271,0.576,0.654
7439,10371,SEMA3A,semaphorin 3A,0.9779,0.5,0.808
7442,10380,BPNT1,"3'(2'), 5'-bisphosphate nucleotidase 1",2.2279e-05,0.805,0.192
7443,10381,TUBB3,tubulin beta 3 class III,2.5676e-10,0.486,0.808
7444,10382,TUBB4A,tubulin beta 4A class IVa,0.1091,0.608,0.615
7445,10383,TUBB4B,tubulin beta 4B class IVb,0.80877,0.65,0.654
7447,10385,BTN2A2,butyrophilin subfamily 2 member A2,1.3821e-11,0.839,0.346
7449,10389,SCML2,Scm polycomb group protein like 2,0.99961,0.805,0.115
7452,10392,NOD1,nucleotide binding oligomerization domain containing 1,2.4602e-18,0.541,0.769
7454,10394,PRG3,"proteoglycan 3, pro eosinophil major basic protein 2",0.00033439,,
7455,10395,DLC1,DLC1 Rho GTPase activating protein,0.99948,0.529,0.731
7457,10397,NDRG1,N-myc downstream regulated 1,0.011324,0.488,0.731
7458,10398,MYL9,myosin light chain 9,0.019797,0.653,0.423
7459,10399,RACK1,receptor for activated C kinase 1,0.99836,0.545,0.808
7467,10408,MYCNOS,MYCN opposite strand,,0.7,0.462
7468,10409,BASP1,brain abundant membrane attached signal protein 1,0.69168,0.666,0.5
7469,10410,IFITM3,interferon induced transmembrane protein 3,0.030466,0.626,0.385
7472,10413,YAP1,Yes associated protein 1,0.99918,0.432,0.808
7484,10428,CFDP1,craniofacial development protein 1,0.0036535,0.619,0.615
7488,10435,CDC42EP2,CDC42 effector protein 2,0.039267,,
7489,10436,EMG1,EMG1 N1-specific pseudouridine methyltransferase,1.4661e-05,0.686,0.615
7490,10437,IFI30,IFI30 lysosomal thiol reductase,2.9645e-08,0.7,0.423
7494,10443,N4BP2L2,NEDD4 binding protein 2 like 2,1.3341e-09,0.78,0.231
7501,10451,VAV3,vav guanine nucleotide exchange factor 3,8.4532e-14,0.603,0.615
7502,10452,TOMM40,translocase of outer mitochondrial membrane 40,0.99218,0.59,0.538
7505,10456,HAX1,HCLS1 associated protein X-1,8.4813e-08,0.631,0.577
7508,10459,MAD2L2,mitotic arrest deficient 2 like 2,0.082082,0.547,0.731
7510,10461,MERTK,"MER proto-oncogene, tyrosine kinase",2.6593e-11,0.531,0.692
7512,10463,SLC30A9,solute carrier family 30 member 9,4.6685e-07,0.736,0.385
7513,10464,PIBF1,progesterone immunomodulatory binding factor 1,1.9044e-11,0.67,0.462
7515,10466,COG5,component of oligomeric golgi complex 5,9.7667e-20,0.656,0.538
7520,10472,ZBTB18,zinc finger and BTB domain containing 18,0.99658,0.666,0.5
7523,10475,TRIM38,tripartite motif containing 38,1.3947e-08,0.792,0.346
7526,10478,SLC25A17,solute carrier family 25 member 17,2.7533e-05,0.931,0.038
7527,10479,SLC9A6,solute carrier family 9 member A6,0.99833,0.516,0.846
7528,10480,EIF3M,eukaryotic translation initiation factor 3 subunit M,0.01748,0.78,0.269
7529,10481,HOXB13,homeobox B13,3.6879e-08,0.573,0.462
7531,10483,SEC23B,"SEC23 homolog B, COPII coat complex component",6.0973e-20,0.579,0.692
7532,10484,SEC23A,"Sec23 homolog A, COPII coat complex component",1.0698e-11,0.659,0.423
7534,10486,CAP2,cyclase associated actin cytoskeleton regulatory protein 2,0.69899,0.716,0.423
7539,10491,CRTAP,cartilage associated protein,0.00055361,0.636,0.654
7541,10493,VAT1,vesicle amine transport 1,0.0054627,0.729,0.346
7543,10495,ENOX2,ecto-NOX disulfide-thiol exchanger 2,1.5327e-06,0.716,0.231
7545,10498,CARM1,coactivator associated arginine methyltransferase 1,0.99998,0.601,0.692
7546,10499,NCOA2,nuclear receptor coactivator 2,1,0.575,0.615
7552,10512,SEMA3C,semaphorin 3C,0.00087445,0.619,0.731
7554,10514,MYBBP1A,MYB binding protein 1a,5.2346e-42,0.695,0.615
7555,10516,FBLN5,fibulin 5,0.9997,0.546,0.692
7557,10518,CIB2,calcium and integrin binding family member 2,0.0014456,0.545,0.808
7558,10519,CIB1,calcium and integrin binding 1,0.00032612,0.458,0.769
7561,10522,DEAF1,DEAF1 transcription factor,0.00034113,0.575,0.615
7563,10524,KAT5,lysine acetyltransferase 5,0.088234,0.534,0.769
7564,10525,HYOU1,hypoxia up-regulated 1,0.86105,0.633,0.731
7565,10526,IPO8,importin 8,0.2344,0.722,0.346
7567,10528,NOP56,NOP56 ribonucleoprotein,0.62098,0.663,0.538
7568,10529,NEBL,nebulette,1.7679e-36,0.65,0.692
7570,10533,ATG7,autophagy related 7,7.3758e-12,0.505,0.769
7572,10535,RNASEH2A,ribonuclease H2 subunit A,0.0041807,0.592,0.692
7578,10541,ANP32B,acidic nuclear phosphoprotein 32 family member B,0.95827,0.541,0.731
7580,10544,PROCR,protein C receptor,0.0056256,0.56,0.692
7584,10551,AGR2,"anterior gradient 2, protein disulphide isomerase family member",9.2381e-08,0.556,0.692
7585,10552,ARPC1A,actin related protein 2/3 complex subunit 1A,0.73997,0.78,0.308
7587,10554,AGPAT1,1-acylglycerol-3-phosphate O-acyltransferase 1,0.97215,0.743,0.423
7588,10555,AGPAT2,1-acylglycerol-3-phosphate O-acyltransferase 2,1.236e-07,0.585,0.654
7590,10558,SPTLC1,serine palmitoyltransferase long chain base subunit 1,4.1945e-11,0.65,0.538
7591,10559,SLC35A1,solute carrier family 35 member A1,0.68262,0.601,0.654
7592,10560,SLC19A2,solute carrier family 19 member 2,0.00043398,0.636,0.692
7594,10562,OLFM4,olfactomedin 4,2.7754e-06,0.576,0.615
7596,10564,ARFGEF2,ADP ribosylation factor guanine nucleotide exchange factor 2,0.99993,0.659,0.462
7600,10568,SLC34A2,solute carrier family 34 member 2,9.3992e-11,0.656,0.423
7607,10576,CCT2,chaperonin containing TCP1 subunit 2,0.99853,0.656,0.577
7608,10577,NPC2,NPC intracellular cholesterol transporter 2,0.0017755,0.612,0.769
7611,10580,SORBS1,sorbin and SH3 domain containing 1,1.534e-12,0.554,0.769
7612,10581,IFITM2,interferon induced transmembrane protein 2,0.0051529,0.792,0.231
7613,10584,COLEC10,collectin subfamily member 10,0.0026167,0.621,0.692
7614,10585,POMT1,protein O-mannosyltransferase 1,4.2265e-17,0.525,0.615
7615,10586,MAB21L2,mab-21 like 2,0.43769,0.743,0.308
7616,10587,TXNRD2,thioredoxin reductase 2,3.4688e-11,0.548,0.731
7617,10588,MTHFS,methenyltetrahydrofolate synthetase,0.00025842,0.678,0.5
7619,10590,SCGN,"secretagogin, EF-hand calcium binding protein",2.3395e-11,0.695,0.5
7621,10592,SMC2,structural maintenance of chromosomes 2,0.9999,0.653,0.462
7622,10594,PRPF8,pre-mRNA processing factor 8,1,0.631,0.615
7626,10599,SLCO1B1,solute carrier organic anion transporter family member 1B1,1.1086e-21,0.538,0.731
7635,10611,PDLIM5,PDZ and LIM domain 5,0.0016769,0.525,0.808
7637,10613,ERLIN1,ER lipid raft associated 1,0.17751,0.736,0.308
7639,10615,SPAG5,sperm associated antigen 5,1.3955e-15,0.674,0.385
7640,10616,RBCK1,RANBP2-type and C3HC4-type zinc finger containing 1,0.13497,0.736,0.462
7641,10617,STAMBP,STAM binding protein,5.4496e-05,0.653,0.423
7645,10623,POLR3C,RNA polymerase III subunit C,5.0277e-12,0.89,0.115
7649,10628,TXNIP,thioredoxin interacting protein,0.15918,0.49,0.731
7650,10630,PDPN,podoplanin,0.00032048,0.47,0.769
7651,10631,POSTN,periostin,1.0666e-09,0.428,0.885
7654,10634,GAS2L1,growth arrest specific 2 like 1,0.83227,0.861,0.077
7656,10636,RGS14,regulator of G protein signaling 14,0.0023174,0.751,0.346
7661,10643,IGF2BP3,insulin like growth factor 2 mRNA binding protein 3,0.99999,0.57,0.577
7662,10644,IGF2BP2,insulin like growth factor 2 mRNA binding protein 2,0.23861,0.588,0.615
7668,10653,SPINT2,"serine peptidase inhibitor, Kunitz type 2",0.00075147,0.556,0.808
7669,10654,PMVK,phosphomevalonate kinase,2.7113e-05,0.769,0.308
7674,10659,CELF2,CUGBP Elav-like family member 2,0.99965,0.628,0.692
7676,10661,KLF1,Kruppel like factor 1,0.000358,0.621,0.462
7677,10663,CXCR6,C-X-C motif chemokine receptor 6,5.7212e-05,0.448,0.885
7678,10664,CTCF,CCCTC-binding factor,0.99994,0.504,0.769
7679,10665,TSBP1,testis expressed basic protein 1,1.4756e-16,0.638,0.692
7680,10666,CD226,CD226 molecule,0.03921,0.548,0.769
7681,10667,FARS2,"phenylalanyl-tRNA synthetase 2, mitochondrial",9.2964e-09,0.615,0.731
7687,10673,TNFSF13B,TNF superfamily member 13b,0.98193,0.46,0.731
7689,10675,CSPG5,chondroitin sulfate proteoglycan 5,0.056186,0.861,0.115
7691,10678,B3GNT2,"UDP-GlcNAc:betaGal beta-1,3-N-acetylglucosaminyltransferase 2",0.88722,0.705,0.5
7692,10681,GNB5,G protein subunit beta 5,6.3614e-08,0.736,0.308
7693,10682,EBP,EBP cholestenol delta-isomerase,0.93645,0.494,0.846
7694,10683,DLL3,delta like canonical Notch ligand 3,5.3576e-05,0.552,0.654
7695,10686,CLDN16,claudin 16,0.025466,0.647,0.538
7703,10699,CORIN,"corin, serine peptidase",6.5072e-35,0.695,0.538
7707,10715,CERS1,ceramide synthase 1,0.096618,0.638,0.385
7708,10716,TBR1,T-box brain transcription factor 1,0.99901,0.666,0.385
7709,10717,AP4B1,adaptor related protein complex 4 subunit beta 1,1.335e-09,0.631,0.654
7713,10723,SLC12A7,solute carrier family 12 member 7,1.3921e-17,0.769,0.385
7714,10724,OGA,O-GlcNAcase,0.96569,0.534,0.731
7715,10725,NFAT5,nuclear factor of activated T cells 5,1,0.601,0.692
7716,10726,NUDC,"nuclear distribution C, dynein complex regulator",0.88682,0.76,0.154
7720,10733,PLK4,polo like kinase 4,7.0844e-06,0.551,0.731
7721,10734,STAG3,stromal antigen 3,8.7188e-13,0.722,0.385
7722,10735,STAG2,stromal antigen 2,1,0.568,0.731
7728,10743,RAI1,retinoic acid induced 1,1,0.545,0.731
7731,10746,MAP3K2,mitogen-activated protein kinase kinase kinase 2,0.99999,0.686,0.231
7734,10749,KIF1C,kinesin family member 1C,0.71767,0.7,0.5
7738,10755,GIPC1,GIPC PDZ domain containing family member 1,0.0083114,0.628,0.577
7739,10758,TRAF3IP2,TRAF3 interacting protein 2,1.615e-09,0.585,0.692
7741,10762,NUP50,nucleoporin 50,0.28337,1,0.038
7742,10763,NES,nestin,1.6236e-06,0.45,0.808
7743,10765,KDM5B,lysine demethylase 5B,7.9102e-15,0.532,0.731
7745,10767,HBS1L,HBS1 like translational GTPase,1.8606e-07,0.705,0.462
7747,10769,PLK2,polo like kinase 2,0.9999,0.575,0.808
7748,10771,ZMYND11,zinc finger MYND-type containing 11,1,0.647,0.5
7752,10776,ARPP19,cAMP regulated phosphoprotein 19,0.77371,0.839,0.231
7759,10785,WDR4,WD repeat domain 4,1.3806e-08,0.653,0.538
7760,10786,SLC17A3,solute carrier family 17 member 3,4.9259e-22,0.769,0.385
7762,10788,IQGAP2,IQ motif containing GTPase activating protein 2,8.4988e-27,0.674,0.269
7768,10800,CYSLTR1,cysteinyl leukotriene receptor 1,0.01203,0.593,0.769
7770,10803,CCR9,C-C motif chemokine receptor 9,0.0041986,0.573,0.692
7771,10804,GJB6,gap junction protein beta 6,1.658e-07,0.528,0.808
7772,10806,SDCCAG8,serologically defined colon cancer antigen 8,1.1809e-11,0.619,0.577
7774,10808,HSPH1,heat shock protein family H (Hsp110) member 1,0.99822,0.65,0.538
7780,10815,CPLX1,complexin 1,0.82499,0.576,0.654
7787,10826,FAXDC2,fatty acid hydroxylase domain containing 2,1.7164e-08,0.839,0.115
7789,10840,ALDH1L1,aldehyde dehydrogenase 1 family member L1,1.4114e-11,0.663,0.615
7790,10841,FTCD,formimidoyltransferase cyclodeaminase,5.523e-15,0.722,0.423
7792,10844,TUBGCP2,tubulin gamma complex associated protein 2,2.2003e-08,0.705,0.462
7793,10845,CLPX,caseinolytic mitochondrial matrix peptidase chaperone subunit X,0.92377,0.931,0.154
7794,10846,PDE10A,phosphodiesterase 10A,0.99986,0.619,0.615
7795,10847,SRCAP,Snf2 related CREBBP activator protein,1,0.61,0.731
7799,10855,HPSE,heparanase,2.266e-14,0.425,0.808
7800,10856,RUVBL2,RuvB like AAA ATPase 2,0.99992,0.743,0.385
7801,10857,PGRMC1,progesterone receptor membrane component 1,0.6711,0.588,0.654
7804,10861,SLC26A1,solute carrier family 26 member 1,1.0564e-11,0.686,0.577
7808,10866,HCP5,HLA complex P5,,0.595,0.808
7815,10874,NMU,neuromedin U,0.00041549,0.61,0.808
7819,10878,CFHR3,complement factor H related 3,1.72e-11,0.663,0.462
7826,10886,NPFFR2,neuropeptide FF receptor 2,1.6686e-07,0.792,0.231
7829,10890,RAB10,"RAB10, member RAS oncogene family",0.97213,0.736,0.192
7830,10891,PPARGC1A,PPARG coactivator 1 alpha,0.9973,0.453,0.885
7831,10892,MALT1,MALT1 paracaspase,0.98651,0.532,0.769
7833,10894,LYVE1,lymphatic vessel endothelial hyaluronan receptor 1,4.7185e-07,0.587,0.731
7844,10907,TXNL4A,thioredoxin like 4A,7.2309e-05,0.711,0.385
7845,10908,PNPLA6,patatin like phospholipase domain containing 6,1.94e-13,0.533,0.769
7849,10913,EDAR,ectodysplasin A receptor,1.3242e-06,0.623,0.423
7854,10919,EHMT2,euchromatic histone lysine methyltransferase 2,0.00010292,0.59,0.808
7865,10933,MORF4L1,mortality factor 4 like 1,0.99339,0.736,0.423
7870,10939,AFG3L2,AFG3 like matrix AAA peptidase subunit 2,5.2511e-09,0.588,0.462
7871,10940,POP1,"POP1 homolog, ribonuclease P/MRP subunit",2.8105e-13,0.743,0.346
7874,10943,MSL3,MSL complex subunit 3,0.99665,0.861,0.115
7878,10947,AP3M2,adaptor related protein complex 3 subunit mu 2,1.972e-07,0.931,0.077
7881,10950,BTG3,BTG anti-proliferation factor 3,0.91582,0.528,0.808
7892,10962,MLLT11,MLLT11 transcription factor 7 cofactor,0.52915,0.633,0.5
7895,10965,ACOT2,acyl-CoA thioesterase 2,9.3287e-06,0.89,0.115
7896,10966,RAB40B,"RAB40B, member RAS oncogene family",8.6559e-06,0.563,0.731
7904,10978,CLP1,cleavage factor polyribonucleotide kinase subunit 1,0.20272,0.7,0.385
7905,10979,FERMT2,fermitin family member 2,0.99999,0.588,0.577
7910,10984,KCNQ1OT1,KCNQ1 opposite strand/antisense transcript 1,,0.534,0.731
7913,10987,COPS5,COP9 signalosome subunit 5,0.99925,0.566,0.769
7915,10989,IMMT,inner membrane mitochondrial protein,0.0133,0.576,0.846
7917,10991,SLC38A3,solute carrier family 38 member 3,,0.711,0.5
7922,10999,SLC27A4,solute carrier family 27 member 4,4.4885e-05,0.608,0.769
7924,11001,SLC27A2,solute carrier family 27 member 2,6.3647e-09,0.7,0.462
7926,11005,SPINK5,serine peptidase inhibitor Kazal type 5,4.846e-28,0.604,0.654
7929,11009,IL24,interleukin 24,5.8826e-07,0.498,0.769
7930,11010,GLIPR1,GLI pathogenesis related 1,2.072e-14,0.636,0.5
7931,11011,TLK2,tousled like kinase 2,1,0.631,0.538
7939,11019,LIAS,lipoic acid synthetase,2.3146e-05,0.695,0.538
7940,11020,IFT27,intraflagellar transport 27,5.8825e-06,0.67,0.462
7948,11030,RBPMS,"RNA binding protein, mRNA processing factor",0.97173,0.78,0.423
7950,11033,ADAP1,ArfGAP with dual PH domains 1,0.5333,0.839,0.154
7957,11041,B4GAT1,"beta-1,4-glucuronyltransferase 1",0.0069375,0.59,0.538
7959,11043,MID2,midline 2,0.1755,0.695,0.5
7962,11046,SLC35D2,solute carrier family 35 member D2,5.8967e-13,,
7967,11054,OGFR,opioid growth factor receptor,0.033874,0.678,0.308
7968,11055,ZPBP,zona pellucida binding protein,0.00031153,1,
7970,11057,ABHD2,abhydrolase domain containing 2,0.68151,0.729,0.346
7972,11060,WWP2,WW domain containing E3 ubiquitin protein ligase 2,0.16477,0.65,0.615
7976,11064,CNTRL,centriolin,1.8908e-54,0.711,0.423
7977,11065,UBE2C,ubiquitin conjugating enzyme E2 C,0.10513,0.558,0.615
7979,11067,DEPP1,DEPP1 autophagy regulator,0.33608,0.695,0.308
7986,11075,STMN2,stathmin 2,0.97687,0.674,0.5
7989,11078,TRIOBP,TRIO and F-actin binding protein,2.0161e-28,0.743,0.269
7991,11080,DNAJB4,DnaJ heat shock protein family (Hsp40) member B4,0.016227,0.705,0.346
7994,11083,DIDO1,death inducer-obliterator 1,1,0.751,0.308
7999,11093,ADAMTS13,ADAM metallopeptidase with thrombospondin type 1 motif 13,5.1409e-15,0.496,0.769
8001,11095,ADAMTS8,ADAM metallopeptidase with thrombospondin type 1 motif 8,1.1981e-10,0.674,0.346
8002,11096,ADAMTS5,ADAM metallopeptidase with thrombospondin type 1 motif 5,8.0325e-07,0.597,0.654
8006,11100,HNRNPUL1,heterogeneous nuclear ribonucleoprotein U like 1,0.99999,0.821,0.269
8012,11107,PRDM5,PR/SET domain 5,3.6003e-10,0.621,0.654
8015,11113,CIT,citron rho-interacting serine/threonine kinase,0.9997,0.555,0.692
8016,11116,FGFR1OP,FGFR1 oncogene partner,0.00062816,0.656,0.577
8018,11118,BTN3A2,butyrophilin subfamily 3 member A2,1.1002e-10,0.716,0.462
8023,11124,FAF1,Fas associated factor 1,0.99895,0.666,0.731
8025,11127,KIF3A,kinesin family member 3A,0.89775,0.612,0.615
8026,11128,POLR3A,RNA polymerase III subunit A,1.2821e-23,0.538,0.769
8029,11131,CAPN11,calpain 11,4.4077e-24,,
8031,11133,KPTN,"kaptin, actin binding protein",1.1348e-05,0.769,0.192
8033,11136,SLC7A9,solute carrier family 7 member 9,9.0644e-10,0.666,0.692
8037,11141,IL1RAPL1,interleukin 1 receptor accessory protein like 1,0.99886,0.617,0.692
8038,11142,PKIG,cAMP-dependent protein kinase inhibitor gamma,0.51408,0.78,0.269
8042,11146,GLMN,"glomulin, FKBP associated protein",1.1537e-12,0.743,0.385
8044,11149,BVES,blood vessel epicardial substance,9.343e-06,0.722,0.308
8046,11152,WDR45,WD repeat domain 45,0.99145,0.647,0.423
8047,11154,AP4S1,adaptor related protein complex 4 subunit sigma 1,1.7275e-06,0.674,0.385
8048,11155,LDB3,LIM domain binding 3,9.5733e-06,0.659,0.385
8052,11160,ERLIN2,ER lipid raft associated 2,0.00066662,0.647,0.5
8054,11164,NUDT5,nudix hydrolase 5,0.001405,0.821,0.231
8057,11167,FSTL1,follistatin like 1,0.89403,0.541,0.808
8062,11172,INSL6,insulin like 6,3.734e-09,0.78,0.308
8066,11177,BAZ1A,bromodomain adjacent to zinc finger domain 1A,1,0.792,0.269
8067,11178,LZTS1,leucine zipper tumor suppressor 1,0.95491,0.633,0.385
8075,11186,RASSF1,Ras association domain family member 1,4.9255e-06,0.42,0.808
8079,11190,CEP250,centrosomal protein 250,9.449e-33,0.792,0.192
8082,11193,WBP4,WW domain binding protein 4,3.9769e-08,1,0.077
8088,11200,CHEK2,checkpoint kinase 2,1.2103e-24,0.46,0.808
8089,11201,POLI,DNA polymerase iota,3.1764e-08,0.691,0.423
8092,11212,PLPBP,pyridoxal phosphate binding protein,0.03972,0.736,0.231
8093,11213,IRAK3,interleukin 1 receptor associated kinase 3,5.3092e-21,0.615,0.615
8094,11214,AKAP13,A-kinase anchoring protein 13,0.92909,0.626,0.615
8101,11224,RPL35,ribosomal protein L35,0.54892,0.805,0.346
8106,11231,SEC63,"SEC63 homolog, protein translocation regulator",2.0818e-07,0.736,0.308
8107,11232,POLG2,"DNA polymerase gamma 2, accessory subunit",1.528e-10,0.558,0.769
8108,11234,HPS5,HPS5 biogenesis of lysosomal organelles complex 2 subunit 2,1.8969e-13,0.674,0.423
8110,11236,RNF139,ring finger protein 139,0.53807,0.67,0.423
8122,11253,MAN1B1,mannosidase alpha class 1B member 1,1.1812e-08,0.606,0.577
8124,11255,HRH3,histamine receptor H3,0.04081,0.647,0.462
8127,11259,FILIP1L,filamin A interacting protein 1 like,1.0757e-09,0.705,0.5
8129,11261,CHP1,calcineurin like EF-hand protein 1,0.62667,0.546,0.769
8130,11262,SP140,SP140 nuclear body protein,4.9994e-08,0.691,0.577
8138,11274,USP18,ubiquitin specific peptidase 18,0.0014952,0.601,0.615
8141,11277,TREX1,three prime repair exonuclease 1,0.57528,0.517,0.808
8142,11278,KLF12,Kruppel like factor 12,0.98067,0.647,0.654
8144,11280,SCN11A,sodium voltage-gated channel alpha subunit 11,6.9339e-26,0.666,0.462
8145,11281,POU6F2,POU class 6 homeobox 2,0.0015216,0.769,0.385
8148,11284,PNKP,polynucleotide kinase 3'-phosphatase,3.662e-14,0.553,0.692
8149,11285,B4GALT7,"beta-1,4-galactosyltransferase 7",0.00011304,0.628,0.654
8154,11315,PARK7,Parkinsonism associated deglycase,0.75335,0.535,0.808
8156,11317,RBPJL,recombination signal binding protein for immunoglobulin kappa J region like,2.9189e-11,0.931,0.077
8157,11318,GPR182,G protein-coupled receptor 182,0.00013704,0.691,0.462
8159,11320,MGAT4A,"alpha-1,3-mannosyl-glycoprotein 4-beta-N-acetylglucosaminyltransferase A",4.4513e-05,0.805,0.308
8160,11321,GPN1,GPN-loop GTPase 1,5.5764e-05,0.769,0.308
8161,11322,TMC6,transmembrane channel like 6,5.8557e-10,0.705,0.308
8166,11330,CTRC,chymotrypsin C,1.2851e-12,0.653,0.5
8176,11340,EXOSC8,exosome component 8,6.9378e-15,0.736,0.269
8178,11342,RNF13,ring finger protein 13,0.00040292,0.722,0.346
8179,11343,MGLL,monoglyceride lipase,0.020016,0.563,0.731
8184,22795,NID2,nidogen 2,4.1103e-09,0.674,0.5
8188,22800,RRAS2,RAS related 2,0.97463,0.656,0.5
8189,22801,ITGA11,integrin subunit alpha 11,8.661e-08,0.678,0.5
8192,22806,IKZF3,IKAROS family zinc finger 3,0.98416,0.608,0.692
8193,22807,IKZF2,IKAROS family zinc finger 2,0.98731,0.656,0.5
8194,22808,MRAS,muscle RAS oncogene homolog,0.92111,0.59,0.731
8195,22809,ATF5,activating transcription factor 5,0.29163,0.674,0.385
8200,22821,RASA3,RAS p21 protein activator 3,1.9114e-10,0.769,0.308
8205,22827,PUF60,poly(U) binding splicing factor 60,0.99677,0.536,0.769
8210,22836,RHOBTB3,Rho related BTB domain containing 3,4.2416e-06,0.931,0.038
8211,22837,COBLL1,cordon-bleu WH2 repeat protein like 1,0.046671,0.792,0.346
8215,22843,PPM1E,"protein phosphatase, Mg2+/Mn2+ dependent 1E",0.98758,0.805,0.192
8216,22844,FRMPD1,FERM and PDZ domain containing 1,2.1898e-12,0.805,0.154
8217,22845,DOLK,dolichol kinase,0.0012393,0.736,0.385
8223,22852,ANKRD26,ankyrin repeat domain 26,3.5745e-24,0.711,0.308
8225,22854,NTNG1,netrin G1,0.9167,0.65,0.423
8226,22856,CHSY1,chondroitin sulfate synthase 1,0.70781,0.612,0.615
8227,22858,CILK1,ciliogenesis associated kinase 1,1.3376e-05,0.545,0.808
8229,22861,NLRP1,NLR family pyrin domain containing 1,4.9693e-19,0.502,0.769
8230,22862,FNDC3A,fibronectin type III domain containing 3A,0.99998,0.674,0.577
8232,22864,R3HDM2,R3H domain containing 2,1,0.76,0.346
8234,22866,CNKSR2,connector enhancer of kinase suppressor of Ras 2,0.99996,0.628,0.538
8235,22868,FASTKD2,FAST kinase domains 2,2.8891e-06,0.659,0.731
8237,22871,NLGN1,neuroligin 1,0.85276,0.705,0.385
8238,22872,SEC31A,"SEC31 homolog A, COPII coat complex component",7.8773e-05,0.76,0.269
8243,22877,MLXIP,MLX interacting protein,0.98932,0.597,0.692
8246,22880,MORC2,MORC family CW-type zinc finger 2,0.99999,0.626,0.462
8250,22884,WDR37,WD repeat domain 37,0.56642,0.751,0.231
8256,22891,ZNF365,zinc finger protein 365,0.00046761,0.641,0.654
8260,22897,CEP164,centrosomal protein 164,4.8293e-27,0.711,0.462
8261,22898,DENND3,DENN domain containing 3,1.3007e-11,0.931,0.077
8264,22901,ARSG,arylsulfatase G,6.3682e-10,0.666,0.423
8265,22902,RUFY3,RUN and FYVE domain containing 3,0.020593,0.736,0.231
8266,22903,BTBD3,BTB domain containing 3,0.12831,1,0.077
8267,22904,SBNO2,strawberry notch homolog 2,0.0070655,0.663,0.538
8269,22906,TRAK1,trafficking kinesin protein 1,0.00037311,0.674,0.423
8270,22907,DHX30,DExH-box helicase 30,1,0.722,0.5
8272,22909,FAN1,FANCD2 and FANCI associated nuclease 1,1.6512e-25,0.61,0.577
8275,22914,KLRK1,killer cell lectin like receptor K1,6.9812e-14,0.467,0.769
8277,22916,NCBP2,nuclear cap binding protein subunit 2,0.39994,0.805,0.115
8279,22918,CD93,CD93 molecule,1.9782e-10,0.663,0.5
8281,22920,KIFAP3,kinesin associated protein 3,1.5803e-05,0.76,0.346
8284,22925,PLA2R1,phospholipase A2 receptor 1,3.2312e-30,0.633,0.577
8289,22930,RAB3GAP1,RAB3 GTPase activating protein catalytic subunit 1,1.4523e-07,0.566,0.692
8290,22931,RAB18,"RAB18, member RAS oncogene family",0.91006,0.582,0.692
8293,22934,RPIA,ribose 5-phosphate isomerase A,0.00014309,0.691,0.462
8294,22936,ELL2,elongation factor for RNA polymerase II 2,0.99824,0.722,0.269
8295,22937,SCAP,SREBF chaperone,2.9094e-06,0.682,0.462
8297,22941,SHANK2,SH3 and multiple ankyrin repeat domains 2,8.4299e-07,0.663,0.385
8298,22943,DKK1,dickkopf WNT signaling pathway inhibitor 1,0.17423,0.439,0.885
8301,22948,CCT5,chaperonin containing TCP1 subunit 5,0.99928,0.663,0.462
8302,22949,PTGR1,prostaglandin reductase 1,3.5375e-08,0.729,0.231
8306,22954,TRIM32,tripartite motif containing 32,0.0016684,0.587,0.769
8311,22978,NT5C2,"5'-nucleotidase, cytosolic II",2.1385e-06,0.537,0.846
8312,22979,EFR3B,EFR3 homolog B,0.024122,0.89,0.231
8316,22983,MAST1,microtubule associated serine/threonine kinase 1,1,0.711,0.385
8319,22986,SORCS3,sortilin related VPS10 domain containing receptor 3,3.7354e-05,0.76,0.231
8322,22990,PCNX1,pecanex 1,1,0.792,0.115
8323,22992,KDM2A,lysine demethylase 2A,1,0.636,0.423
8326,22995,CEP152,centrosomal protein 152,2.6574e-27,0.653,0.5
8327,22996,TTC39A,tetratricopeptide repeat domain 39A,0.0006305,0.931,0.115
8328,22997,IGSF9B,immunoglobulin superfamily member 9B,0.86551,0.821,0.192
8333,23005,MAPKBP1,mitogen-activated protein kinase binding protein 1,0.00021011,0.805,0.231
8334,23007,PLCH1,phospholipase C eta 1,0.39649,0.736,0.154
8336,23011,RAB21,"RAB21, member RAS oncogene family",0.1111,0.792,0.269
8344,23020,SNRNP200,small nuclear ribonucleoprotein U5 subunit 200,1,0.695,0.5
8348,23025,UNC13A,unc-13 homolog A,1,0.705,0.423
8349,23026,MYO16,myosin XVI,0.99851,0.722,0.308
8350,23028,KDM1A,lysine demethylase 1A,0.99667,0.512,0.808
8351,23030,KDM4B,lysine demethylase 4B,1,0.606,0.462
8355,23034,SAMD4A,sterile alpha motif domain containing 4A,0.99958,0.78,0.308
8357,23036,ZNF292,zinc finger protein 292,1,0.695,0.423
8360,23039,XPO7,exportin 7,1,0.931,0.077
8361,23040,MYT1L,myelin transcription factor 1 like,1,0.659,0.462
8363,23042,PDXDC1,pyridoxal dependent decarboxylase domain containing 1,3.4641e-12,0.78,0.154
8364,23043,TNIK,TRAF2 and NCK interacting kinase,1,0.612,0.615
8366,23047,PDS5B,PDS5 cohesin associated factor B,1,0.716,0.462
8367,23048,FNBP1,formin binding protein 1,0.82844,0.736,0.269
8372,23057,NMNAT2,nicotinamide nucleotide adenylyltransferase 2,0.98853,0.67,0.5
8378,23064,SETX,senataxin,0.95483,0.57,0.731
8379,23065,EMC1,ER membrane protein complex subunit 1,6.7281e-26,0.7,0.462
8383,23071,ERP44,endoplasmic reticulum protein 44,0.99106,0.736,0.346
8386,23075,SWAP70,switching B cell complex subunit SWAP70,0.049628,0.736,0.385
8387,23076,RRP1B,ribosomal RNA processing 1B,3.0653e-09,0.792,0.231
8389,23078,VWA8,von Willebrand factor A domain containing 8,8.4114e-70,0.769,0.231
8391,23081,KDM4C,lysine demethylase 4C,6.5189e-07,0.601,0.615
8397,23090,ZNF423,zinc finger protein 423,0.99996,0.592,0.808
8398,23091,ZC3H13,zinc finger CCCH-type containing 13,1,0.839,0.115
8399,23092,ARHGAP26,Rho GTPase activating protein 26,0.99661,0.656,0.5
8401,23094,SIPA1L3,signal induced proliferation associated 1 like 3,1,0.76,0.269
8402,23095,KIF1B,kinesin family member 1B,1,0.516,0.808
8403,23096,IQSEC2,IQ motif and Sec7 domain ArfGEF 2,0.99998,0.573,0.577
8404,23097,CDK19,cyclin dependent kinase 19,0.99982,0.691,0.462
8405,23098,SARM1,sterile alpha and TIR motif containing 1,1.7007e-10,0.682,0.346
8412,23111,SPART,spartin,2.967e-07,0.588,0.654
8413,23112,TNRC6B,trinucleotide repeat containing adaptor 6B,1,0.751,0.462
8415,23114,NFASC,neurofascin,0.99999,0.682,0.423
8418,23118,TAB2,TGF-beta activated kinase 1 (MAP3K7) binding protein 2,0.99998,0.617,0.654
8422,23126,POGZ,pogo transposable element derived with ZNF domain,1,0.599,0.577
8424,23129,PLXND1,plexin D1,1,0.647,0.577
8428,23133,PHF8,PHD finger protein 8,0.99785,0.631,0.577
8429,23135,KDM6B,lysine demethylase 6B,1,0.514,0.808
8430,23136,EPB41L3,erythrocyte membrane protein band 4.1 like 3,4.3188e-05,0.619,0.615
8434,23141,ANKLE2,ankyrin repeat and LEM domain containing 2,1.0099e-10,0.691,0.5
8436,23143,LRCH1,leucine rich repeats and calponin homology domain containing 1,0.99552,0.769,0.269
8437,23144,ZC3H3,zinc finger CCCH-type containing 3,0.46998,1,0.077
8449,23162,MAPK8IP3,mitogen-activated protein kinase 8 interacting protein 3,1,0.682,0.462
8450,23163,GGA3,"golgi associated, gamma adaptin ear containing, ARF binding protein 3",1.6701e-06,0.821,0.346
8451,23164,MPRIP,myosin phosphatase Rho interacting protein,0.98078,0.556,0.885
8453,23166,STAB1,stabilin 1,8.6792e-50,0.619,0.692
8455,23169,SLC35D1,solute carrier family 35 member D1,0.00035546,0.736,0.385
8457,23171,GPD1L,glycerol-3-phosphate dehydrogenase 1 like,0.038201,0.674,0.308
8461,23175,LPIN1,lipin 1,6.4522e-13,0.601,0.692
8463,23177,CEP68,centrosomal protein 68,0.51822,0.839,0.269
8464,23178,PASK,PAS domain containing serine/threonine kinase,1.952e-21,0.792,0.308
8467,23181,DIP2A,disco interacting protein 2 homolog A,0.11301,0.76,0.231
8469,23185,LARP4B,La ribonucleoprotein 4B,0.99998,0.76,0.154
8471,23187,PHLDB1,pleckstrin homology like domain family B member 1,0.10667,0.722,0.423
8476,23193,GANAB,glucosidase II alpha subunit,0.99873,0.716,0.423
8479,23196,FAM120A,family with sequence similarity 120A,1,0.931,0.077
8482,23199,GSE1,Gse1 coiled-coil protein,1,0.78,0.231
8485,23203,PMPCA,"peptidase, mitochondrial processing subunit alpha",3.437e-11,0.633,0.577
8488,23207,PLEKHM2,pleckstrin homology and RUN domain containing M2,1.7077e-05,0.7,0.462
8489,23208,SYT11,synaptotagmin 11,0.92676,0.861,0.192
8490,23209,MLC1,modulator of VRAC current 1,3.2425e-08,0.585,0.769
8496,23215,PRRC2C,proline rich coiled-coil 2C,1,0.839,0.192
8497,23216,TBC1D1,TBC1 domain family member 1,1.8584e-13,0.716,0.423
8499,23218,NBEAL2,neurobeachin like 2,0.059764,0.617,0.769
8502,23221,RHOBTB2,Rho related BTB domain containing 2,0.013306,0.631,0.615
8504,23224,SYNE2,spectrin repeat containing nuclear envelope protein 2,1.6503e-25,0.623,0.692
8506,23228,PLCL2,phospholipase C like 2,0.99999,0.743,0.308
8507,23229,ARHGEF9,Cdc42 guanine nucleotide exchange factor 9,0.9989,0.691,0.385
8508,23230,VPS13A,vacuolar protein sorting 13 homolog A,9.3125e-22,0.65,0.577
8510,23233,EXOC6B,exocyst complex component 6B,0.11692,0.682,0.577
8512,23235,SIK2,salt inducible kinase 2,0.99651,0.674,0.577
8513,23236,PLCB1,phospholipase C beta 1,0.98337,0.595,0.654
8514,23237,ARC,activity regulated cytoskeleton associated protein,0.59433,0.573,0.769
8517,23241,PACS2,phosphofurin acidic cluster sorting protein 2,0.99583,0.7,0.423
8519,23243,ANKRD28,ankyrin repeat domain 28,1,0.861,0.115
8521,23245,ASTN2,astrotactin 2,0.99971,0.666,0.462
8522,23246,BOP1,BOP1 ribosomal biogenesis factor,0.092793,0.821,0.192
8523,23247,KIAA0556,KIAA0556,1.1859e-29,0.644,0.538
8525,23250,ATP11A,ATPase phospholipid transporting 11A,4.0487e-06,0.682,0.462
8530,23255,MTCL1,microtubule crosslinking factor 1,8.834e-05,0.839,0.192
8533,23259,DDHD2,DDHD domain containing 2,1.4321e-10,0.695,0.577
8534,23261,CAMTA1,calmodulin binding transcription activator 1,1,0.599,0.615
8541,23269,MGA,MAX dimerization protein MGA,1,0.711,0.423
8545,23274,CLEC16A,C-type lectin domain containing 16A,0.27595,0.612,0.654
8548,23277,CLUH,clustered mitochondria homolog,0.99474,0.861,0.115
8554,23287,AGTPBP1,ATP/GTP binding protein 1,0.42151,0.65,0.538
8555,23288,IQCE,IQ motif containing E,1.3752e-39,0.805,0.115
8556,23291,FBXW11,F-box and WD repeat domain containing 11,0.97611,0.626,0.462
8557,23293,SMG6,SMG6 nonsense mediated mRNA decay factor,0.98164,0.751,0.308
8558,23294,ANKS1A,ankyrin repeat and sterile alpha motif domain containing 1A,0.80916,0.805,0.192
8560,23299,BICD2,BICD cargo adaptor 2,0.98272,0.615,0.731
8562,23301,EHBP1,EH domain binding protein 1,0.30745,0.839,0.231
8567,23306,NEMP1,nuclear envelope integral membrane protein 1,0.91617,0.821,0.115
8571,23310,NCAPD3,non-SMC condensin II complex subunit D3,5.821e-09,0.722,0.423
8572,23312,DMXL2,Dmx like 2,1,0.695,0.538
8573,23313,KIAA0930,KIAA0930,6.9792e-05,1,0.038
8574,23314,SATB2,SATB homeobox 2,0.99999,0.503,0.769
8575,23315,SLC9A8,solute carrier family 9 member A8,2.9146e-10,0.736,0.5
8576,23316,CUX2,cut like homeobox 2,1,0.644,0.5
8577,23317,DNAJC13,DnaJ heat shock protein family (Hsp40) member C13,1,0.682,0.577
8579,23321,TRIM2,tripartite motif containing 2,0.99603,0.686,0.538
8580,23322,RPGRIP1L,RPGRIP1 like,4.083e-31,0.534,0.769
8584,23327,NEDD4L,NEDD4 like E3 ubiquitin protein ligase,1,0.573,0.731
8585,23328,SASH1,SAM and SH3 domain containing 1,0.001802,0.599,0.538
8587,23331,TTC28,tetratricopeptide repeat domain 28,1,0.76,0.308
8588,23332,CLASP1,cytoplasmic linker associated protein 1,1,0.751,0.5
8590,23334,SZT2,SZT2 subunit of KICSTOR complex,2.3263e-14,0.67,0.423
8593,23338,JADE2,jade family PHD finger 2,0.99994,0.89,0.192
8597,23345,SYNE1,spectrin repeat containing nuclear envelope protein 1,3.1899e-52,0.511,0.846
8598,23347,SMCHD1,structural maintenance of chromosomes flexible hinge domain containing 1,1,0.631,0.615
8604,23353,SUN1,Sad1 and UNC84 domain containing 1,9.1868e-06,0.729,0.423
8611,23362,PSD3,pleckstrin and Sec7 domain containing 3,0.0094778,0.691,0.423
8612,23363,OBSL1,obscurin like cytoskeletal adaptor 1,9.9902e-26,0.686,0.308
8613,23365,ARHGEF12,Rho guanine nucleotide exchange factor 12,1,0.686,0.385
8615,23368,PPP1R13B,protein phosphatase 1 regulatory subunit 13B,0.99811,0.599,0.692
8618,23371,TNS2,tensin 2,3.7043e-07,0.769,0.423
8619,23373,CRTC1,CREB regulated transcription coactivator 1,0.531,0.565,0.692
8626,23383,MAU2,MAU2 sister chromatid cohesion factor,1,0.686,0.462
8627,23384,SPECC1L,sperm antigen with calponin homology and coiled-coil domains 1 like,0.85887,0.593,0.654
8630,23387,SIK3,SIK family kinase 3,1,0.631,0.654
8631,23389,MED13L,mediator complex subunit 13L,1,0.617,0.538
8634,23394,ADNP,activity dependent neuroprotector homeobox,1,0.561,0.808
8635,23395,LARS2,"leucyl-tRNA synthetase 2, mitochondrial",8.9333e-17,0.695,0.654
8636,23396,PIP5K1C,phosphatidylinositol-4-phosphate 5-kinase type 1 gamma,0.97704,0.792,0.346
8637,23397,NCAPH,non-SMC condensin I complex subunit H,8.0147e-05,0.76,0.385
8640,23400,ATP13A2,ATPase cation transporting 13A2,8.9582e-09,0.566,0.577
8644,23405,DICER1,"dicer 1, ribonuclease III",1,0.446,0.846
8647,23409,SIRT4,sirtuin 4,6.8625e-10,0.603,0.654
8648,23410,SIRT3,sirtuin 3,0.00016261,0.488,0.731
8649,23411,SIRT1,sirtuin 1,0.087326,0.378,0.885
8652,23414,ZFPM2,"zinc finger protein, FOG family member 2",1,0.565,0.731
8653,23415,KCNH4,potassium voltage-gated channel subfamily H member 4,0.99984,0.603,0.615
8655,23417,MLYCD,malonyl-CoA decarboxylase,0.00064816,0.617,0.769
8656,23418,CRB1,crumbs cell polarity complex component 1,5.6266e-16,0.57,0.654
8660,23424,TDRD7,tudor domain containing 7,0.00061106,0.751,0.346
8661,23426,GRIP1,glutamate receptor interacting protein 1,0.50828,0.581,0.769
8662,23428,SLC7A8,solute carrier family 7 member 8,5.1068e-08,0.743,0.423
8665,23431,AP4E1,adaptor related protein complex 4 subunit epsilon 1,0.0027529,0.656,0.385
8666,23432,GPR161,G protein-coupled receptor 161,0.00034935,0.686,0.462
8669,23435,TARDBP,TAR DNA binding protein,0.98542,0.493,0.808
8675,23443,SLC35A3,solute carrier family 35 member A3,0.0026044,0.716,0.308
8678,23451,SF3B1,splicing factor 3b subunit 1,1,0.511,0.731
8682,23460,ABCA6,ATP binding cassette subfamily A member 6,5.1099e-27,0.861,0.231
8683,23461,ABCA5,ATP binding cassette subfamily A member 5,4.7803e-27,0.736,0.423
8684,23462,HEY1,hes related family bHLH transcription factor with YRPW motif 1,0.050181,0.551,0.692
8690,23469,PHF3,PHD finger protein 3,0.99256,0.76,0.192
8693,23474,ETHE1,ETHE1 persulfide dioxygenase,4.6037e-06,0.686,0.346
8695,23476,BRD4,bromodomain containing 4,1,0.446,0.885
8697,23479,ISCU,iron-sulfur cluster assembly enzyme,0.041463,0.695,0.423
8700,23483,TGDS,"TDP-glucose 4,6-dehydratase",2.4826e-09,0.644,0.538
8703,23492,CBX7,chromobox 7,0.68534,0.595,0.615
8704,23493,HEY2,hes related family bHLH transcription factor with YRPW motif 2,0.89343,0.572,0.731
8705,23495,TNFRSF13B,TNF receptor superfamily member 13B,2.0908e-15,0.558,0.769
8706,23498,HAAO,"3-hydroxyanthranilate 3,4-dioxygenase",1.0561e-08,0.644,0.538
8707,23499,MACF1,microtubule actin crosslinking factor 1,1,0.659,0.538
8708,23500,DAAM2,dishevelled associated activator of morphogenesis 2,1,0.711,0.538
8709,23503,ZFYVE26,zinc finger FYVE-type containing 26,4.6948e-23,0.636,0.615
8710,23504,RIMBP2,RIMS binding protein 2,0.67813,0.89,0.154
8711,23505,TMEM131,transmembrane protein 131,0.99995,0.769,0.269
8713,23509,POFUT1,protein O-fucosyltransferase 1,0.96303,0.65,0.538
8716,23512,SUZ12,SUZ12 polycomb repressive complex 2 subunit,0.99998,0.529,0.577
8718,23514,SPIDR,scaffold protein involved in DNA repair,2.3847e-17,0.7,0.538
8719,23515,MORC3,MORC family CW-type zinc finger 3,0.99985,0.743,0.423
8720,23516,SLC39A14,solute carrier family 39 member 14,0.15001,0.653,0.615
8726,23522,KAT6B,lysine acetyltransferase 6B,1,0.525,0.731
8733,23530,NNT,nicotinamide nucleotide transhydrogenase,0.97271,0.601,0.577
8735,23532,PRAME,preferentially expressed antigen in melanoma,2.394e-07,0.531,0.577
8736,23533,PIK3R5,phosphoinositide-3-kinase regulatory subunit 5,0.30013,0.7,0.5
8737,23534,TNPO3,transportin 3,1.7546e-06,0.663,0.577
8743,23545,ATP6V0A2,ATPase H+ transporting V0 subunit a2,2.6314e-11,0.57,0.692
8745,23548,TTC33,tetratricopeptide repeat domain 33,0.00056941,0.931,0.115
8747,23550,PSD4,pleckstrin and Sec7 domain containing 4,0.42272,0.691,0.462
8749,23552,CDK20,cyclin dependent kinase 20,5.9487e-14,0.682,0.462
8753,23556,PIGN,phosphatidylinositol glycan anchor biosynthesis class N,2.29e-21,0.558,0.615
8757,23562,CLDN14,claudin 14,0.00011061,0.705,0.462
8762,23568,ARL2BP,ADP ribosylation factor like GTPase 2 binding protein,3.3482e-05,0.647,0.654
8763,23569,PADI4,peptidyl arginine deiminase 4,4.6001e-16,0.494,0.808
8764,23574,PRG1,p53-responsive gene 1,,0.839,0.231
8776,23590,PDSS1,decaprenyl diphosphate synthase subunit 1,3.2449e-08,0.628,0.615
8778,23592,LEMD3,LEM domain containing 3,0.99877,0.582,0.731
8780,23594,ORC6,origin recognition complex subunit 6,3.3618e-07,0.628,0.577
8785,23600,AMACR,alpha-methylacyl-CoA racemase,0.027363,0.51,0.769
8789,23607,CD2AP,CD2 associated protein,0.22989,0.558,0.731
8796,23619,ZIM2,zinc finger imprinted 2,0.001811,0.89,0.077
8798,23621,BACE1,beta-secretase 1,0.87888,0.559,0.769
8809,23636,NUP62,nucleoporin 62,0.95006,0.47,0.885
8810,23637,RABGAP1,RAB GTPase activating protein 1,1,,
8811,23639,LRRC6,leucine rich repeat containing 6,1.0409e-10,0.659,0.538
8818,23646,PLD3,phospholipase D family member 3,1.754e-05,0.7,0.462
8821,23649,POLA2,"DNA polymerase alpha 2, accessory subunit",8.7346e-07,0.861,0.077
8822,23650,TRIM29,tripartite motif containing 29,8.1158e-08,0.606,0.654
8823,23654,PLXNB2,plexin B2,0.99234,0.78,0.385
8826,23659,PLA2G15,phospholipase A2 group XV,0.37838,0.52,0.769
8830,23671,TMEFF2,transmembrane protein with EGF like and two follistatin like domains 2,7.3885e-05,0.619,0.5
8831,23673,STX12,syntaxin 12,0.95624,0.839,0.115
8832,23676,SMPX,small muscle protein X-linked,0.62317,0.682,0.5
8835,23682,RAB38,"RAB38, member RAS oncogene family",0.0019671,0.691,0.5
8836,23683,PRKD3,protein kinase D3,0.0052882,0.76,0.154
8840,23705,CADM1,cell adhesion molecule 1,0.66216,0.491,0.769
8842,23708,GSPT2,G1 to S phase transition 2,0.98321,0.821,0.154
8847,23729,SHPK,sedoheptulokinase,1.0103e-16,0.743,0.346
8849,23732,FRRS1L,ferric chelate reductase 1 like,0.0014611,0.666,0.231
8852,23742,NPAP1,nuclear pore associated protein 1,,0.67,0.5
8854,23746,AIPL1,aryl hydrocarbon receptor interacting protein like 1,1.222e-05,0.644,0.346
8860,23761,PISD,phosphatidylserine decarboxylase,0.2217,0.821,0.308
8861,23762,OSBP2,oxysterol binding protein 2,0.00043434,0.78,0.346
8863,23765,IL17RA,interleukin 17 receptor A,0.00035636,0.529,0.808
8865,23767,FLRT3,fibronectin leucine rich transmembrane protein 3,0.22014,0.659,0.615
8867,23769,FLRT1,fibronectin leucine rich transmembrane protein 1,0.35651,0.78,0.231
8870,23774,BRD1,bromodomain containing 1,0.99949,0.644,0.654
8876,23788,MTCH2,mitochondrial carrier 2,0.031932,0.821,0.269
8880,24140,FTSJ1,FtsJ RNA 2'-O-methyltransferase 1,0.99254,0.659,0.577
8884,24145,PANX1,pannexin 1,2.4684e-06,0.575,0.846
8886,24147,FJX1,four-jointed box kinase 1,0.94412,0.705,0.462
8887,24148,PRPF6,pre-mRNA processing factor 6,0.0032101,0.621,0.538
8888,24149,ZNF318,zinc finger protein 318,0.37383,0.792,0.269
8890,25758,KIAA1549L,KIAA1549 like,1.2946e-07,0.861,0.115
8897,25771,TBC1D22A,TBC1 domain family member 22A,0.41937,0.89,0.115
8900,25778,DSTYK,dual serine/threonine and tyrosine protein kinase,0.51262,0.7,0.462
8901,25780,RASGRP3,RAS guanyl releasing protein 3,0.0091132,0.686,0.5
8902,25782,RAB3GAP2,RAB3 GTPase activating non-catalytic protein subunit 2,0.98674,0.584,0.769
8904,25788,RAD54B,RAD54 homolog B,8.1173e-13,0.659,0.462
8908,25792,CIZ1,CDKN1A interacting zinc finger protein 1,0.063172,0.617,0.5
8909,25793,FBXO7,F-box protein 7,5.7858e-07,0.65,0.769
8910,25794,FSCN2,"fascin actin-bundling protein 2, retinal",3.8311e-13,0.682,0.346
8914,25800,SLC39A6,solute carrier family 39 member 6,4.9368e-07,0.656,0.462
8916,25802,LMOD1,leiomodin 1,0.87057,0.644,0.654
8920,25806,VAX2,ventral anterior homeobox 2,0.15981,0.769,0.308
8921,25807,RHBDD3,rhomboid domain containing 3,4.9464e-05,0.861,0.192
8924,25814,ATXN10,ataxin 10,0.00034514,0.65,0.385
8925,25816,TNFAIP8,TNF alpha induced protein 8,0.38452,0.601,0.5
8930,25821,MTO1,mitochondrial tRNA translation optimization 1,7.38e-06,0.67,0.462
8938,25830,SULT4A1,sulfotransferase family 4A member 1,0.96563,0.695,0.346
8943,25836,NIPBL,NIPBL cohesin loading factor,1,0.521,0.808
8945,25839,COG4,component of oligomeric golgi complex 4,3.9748e-09,0.631,0.615
8958,25855,BRMS1,BRMS1 transcriptional repressor and anoikis regulator,1.579e-07,0.597,0.615
8960,25859,PART1,prostate androgen-regulated transcript 1,,0.483,0.885
8961,25861,WHRN,whirlin,7.6538e-05,0.67,0.385
8962,25862,USP49,ubiquitin specific peptidase 49,0.93828,0.861,0.192
8963,25865,PRKD2,protein kinase D2,0.99995,0.666,0.538
8968,25875,LETMD1,LETM1 domain containing 1,0.048505,0.682,0.308
8971,25880,TMEM186,transmembrane protein 186,5.1994e-05,1,0.077
8973,25885,POLR1A,RNA polymerase I subunit A,0.9998,0.682,0.538
8974,25886,POC1A,POC1 centriolar protein A,3.2977e-06,0.65,0.5
8975,25890,ABI3BP,ABI family member 3 binding protein,1.0074e-08,0.686,0.385
8977,25893,TRIM58,tripartite motif containing 58,1.345e-10,0.769,0.115
8980,25896,INTS7,integrator complex subunit 7,1.2557e-05,0.89,0.115
8981,25897,RNF19A,"ring finger protein 19A, RBR E3 ubiquitin protein ligase",0.025305,0.397,0.923
8982,25898,RCHY1,ring finger and CHY zinc finger domain containing 1,0.066203,0.716,0.462
8988,25907,TMEM158,transmembrane protein 158 (gene/pseudogene),0.14862,0.736,0.385
8991,25913,POT1,protection of telomeres 1,0.85343,0.56,0.731
8992,25914,RTTN,rotatin,8.9747e-34,0.619,0.654
8993,25915,NDUFAF3,NADH:ubiquinone oxidoreductase complex assembly factor 3,0.0052693,0.65,0.577
8997,25923,ATL3,atlastin GTPase 3,1.3349e-09,0.736,0.462
8998,25924,MYRIP,myosin VIIA and Rab interacting protein,7.2179e-06,0.805,0.154
9010,25939,SAMHD1,SAM and HD domain containing deoxynucleoside triphosphate triphosphohydrolase 1,6.4524e-13,0.547,0.769
9013,25942,SIN3A,SIN3 transcription regulator family member A,1,0.551,0.692
9020,25953,PNKD,PNKD metallo-beta-lactamase domain containing,4.1392e-08,0.615,0.615
9022,25959,KANK2,KN motif and ankyrin repeat domains 2,0.044954,0.638,0.615
9028,25970,SH2B1,SH2B adaptor protein 1,0.96861,0.566,0.731
9030,25973,PARS2,"prolyl-tRNA synthetase 2, mitochondrial",0.0041217,0.644,0.423
9031,25974,MMACHC,metabolism of cobalamin associated C,1.1402e-13,0.644,0.615
9034,25977,NECAP1,NECAP endocytosis associated 1,0.12559,0.691,0.346
9035,25978,CHMP2B,charged multivesicular body protein 2B,4.6203e-06,0.543,0.731
9037,25980,AAR2,AAR2 splicing factor,8.3057e-06,0.839,0.192
9038,25981,DNAH1,dynein axonemal heavy chain 1,1.4983e-26,0.656,0.615
9050,26005,C2CD3,C2 domain containing 3 centriole elongation regulator,4.4437e-19,0.636,0.538
9053,26010,SPATS2L,spermatogenesis associated serine rich 2 like,0.55833,0.76,0.346
9054,26011,TENM4,teneurin transmembrane protein 4,1,0.65,0.462
9055,26012,NSMF,NMDA receptor synaptonuclear signaling and neuronal migration factor,0.26482,0.606,0.692
9057,26015,RPAP1,RNA polymerase II associated protein 1,1.3781e-17,0.89,0.115
9059,26018,LRIG1,leucine rich repeats and immunoglobulin like domains 1,0.035031,0.601,0.538
9070,26034,IPCEF1,interaction protein for cytohesin exchange factors 1,0.0015595,0.821,0.269
9071,26035,GLCE,glucuronic acid epimerase,0.65444,0.729,0.269
9073,26037,SIPA1L1,signal induced proliferation associated 1 like 1,1,0.805,0.192
9076,26040,SETBP1,SET binding protein 1,1,0.503,0.808
9077,26043,UBXN7,UBX domain protein 7,0.99988,,
9080,26047,CNTNAP2,contactin associated protein 2,2.8673e-09,0.53,0.846
9083,26052,DNM3,dynamin 3,0.0024197,0.716,0.462
9084,26053,AUTS2,activator of transcription and developmental regulator AUTS2,0.99934,0.569,0.846
9087,26057,ANKRD17,ankyrin repeat domain 17,1,0.931,0.077
9088,26058,GIGYF2,GRB10 interacting GYF protein 2,1,0.711,0.269
9090,26060,APPL1,"adaptor protein, phosphotyrosine interacting with PH domain and leucine zipper 1",0.7952,0.626,0.5
9101,26086,GPSM1,G protein signaling modulator 1,2.2075e-05,0.736,0.577
9103,26090,ABHD12,abhydrolase domain containing 12,1.9476e-05,0.666,0.385
9105,26092,TOR1AIP1,torsin 1A interacting protein 1,1.2719e-09,0.729,0.346
9112,26100,WIPI2,"WD repeat domain, phosphoinositide interacting 2",0.0063887,0.736,0.308
9115,26115,TANC2,"tetratricopeptide repeat, ankyrin repeat and coiled-coil containing 2",1,0.861,0.154
9117,26119,LDLRAP1,low density lipoprotein receptor adaptor protein 1,6.5037e-06,0.641,0.538
9118,26121,PRPF31,pre-mRNA processing factor 31,0.98313,0.531,0.731
9120,26123,TCTN3,tectonic family member 3,4.1528e-12,0.566,0.615
9122,26128,KIFBP,kinesin family binding protein,0.075682,0.615,0.731
9125,26135,SERBP1,SERPINE1 mRNA binding protein 1,0.9995,0.716,0.385
9127,26137,ZBTB20,zinc finger and BTB domain containing 20,0.97382,0.566,0.731
9129,26140,TTLL3,tubulin tyrosine ligase like 3,1.0765e-19,1,0.077
9134,26150,RIBC2,RIB43A domain with coiled-coils 2,2.1427e-12,0.839,0.115
9138,26154,ABCA12,ATP binding cassette subfamily A member 12,2.922e-15,0.61,0.654
9141,26160,IFT172,intraflagellar transport 172,3.2682e-33,0.582,0.654
9148,26191,PTPN22,protein tyrosine phosphatase non-receptor type 22,3.4921e-21,0.438,0.846
9149,26206,SPAG8,sperm associated antigen 8,1.6843e-12,0.722,0.346
9153,26224,FBXL3,F-box and leucine rich repeat protein 3,0.9807,0.736,0.462
9155,26227,PHGDH,phosphoglycerate dehydrogenase,0.00013308,0.484,0.885
9157,26229,B3GAT3,"beta-1,3-glucuronyltransferase 3",2.7099e-08,0.621,0.538
9162,26234,FBXL5,F-box and leucine rich repeat protein 5,0.99854,0.711,0.308
9163,26235,FBXL4,F-box and leucine rich repeat protein 4,1.1384e-08,0.695,0.423
9168,26249,KLHL3,kelch like family member 3,0.94479,0.736,0.346
9175,26258,BLOC1S6,biogenesis of lysosomal organelles complex 1 subunit 6,8.0385e-09,0.769,0.308
9181,26266,SLC13A4,solute carrier family 13 member 4,0.81559,0.805,0.115
9185,26270,FBXO6,F-box protein 6,0.015153,0.76,0.231
9189,26275,HIBCH,3-hydroxyisobutyryl-CoA hydrolase,2.5766e-13,0.7,0.5
9190,26276,VPS33B,VPS33B late endosome and lysosome associated,2.4065e-16,0.644,0.654
9191,26277,TINF2,TERF1 interacting nuclear factor 2,0.0012666,0.575,0.731
9192,26278,SACS,sacsin molecular chaperone,1.0852e-23,0.606,0.654
9195,26281,FGF20,fibroblast growth factor 20,0.81379,0.663,0.577
9196,26284,ERAL1,Era like 12S mitochondrial rRNA chaperone 1,3.1095e-09,0.638,0.577
9201,26290,GALNT8,polypeptide N-acetylgalactosaminyltransferase 8,8.0674e-20,0.861,0.269
9202,26291,FGF21,fibroblast growth factor 21,0.029439,0.485,0.769
9208,26353,HSPB8,heat shock protein family B (small) member 8,0.043128,0.57,0.577
9210,26355,FAM162A,family with sequence similarity 162 member A,3.2417e-06,1,0.077
9216,26476,OR10J1,olfactory receptor family 10 subfamily J member 1,6.3754e-07,,
9218,26503,SLC17A5,solute carrier family 17 member 5,6.8514e-10,0.491,0.808
9219,26504,CNNM4,cyclin and CBS domain divalent metal cation transport mediator 4,2.9325e-07,0.695,0.346
9220,26505,CNNM3,cyclin and CBS domain divalent metal cation transport mediator 3,2.1173e-07,0.839,0.115
9230,26523,AGO1,argonaute RISC component 1,1,0.656,0.577
9232,26525,IL36RN,interleukin 36 receptor antagonist,3.3941e-08,0.638,0.538
9241,26579,MYEOV,myeloma overexpressed,0.0033849,0.7,0.346
9242,26580,BSCL2,"BSCL2 lipid droplet biogenesis associated, seipin",1.0981e-09,0.545,0.692
9244,26585,GREM1,"gremlin 1, DAN family BMP antagonist",0.47436,0.508,0.808
9247,26608,TBL2,transducin beta like 2,0.00018452,0.538,0.731
9249,26610,ELP4,elongator acetyltransferase complex subunit 4,1.2277e-07,0.666,0.462
9259,26750,RPS6KC1,ribosomal protein S6 kinase C1,0.001257,0.821,0.231
9261,26762,HAVCR1,hepatitis A virus cellular receptor 1,8.5105e-07,0.489,0.885
9291,26873,OPLAH,"5-oxoprolinase, ATP-hydrolysing",6.9736e-17,0.792,0.308
9296,26960,NBEA,neurobeachin,1,0.76,0.538
9304,26994,RNF11,ring finger protein 11,0.57873,0.805,0.154
9308,26999,CYFIP2,cytoplasmic FMR1 interacting protein 2,1,0.633,0.731
9316,27019,DNAI1,dynein axonemal intermediate chain 1,2.4183e-08,0.597,0.692
9320,27030,MLH3,mutL homolog 3,4.9023e-08,0.582,0.538
9321,27031,NPHP3,nephrocystin 3,9.836e-16,0.597,0.654
9322,27032,ATP2C1,ATPase secretory pathway Ca2+ transporting 1,1,0.663,0.423
9324,27034,ACAD8,acyl-CoA dehydrogenase family member 8,5.6389e-14,0.506,0.885
9325,27035,NOX1,NADPH oxidase 1,8.6564e-08,0.536,0.808
9329,27040,LAT,linker for activation of T cells,0.0092377,0.548,0.731
9332,27044,SND1,staphylococcal nuclease and tudor domain containing 1,0.98213,0.576,0.769
9333,27063,ANKRD1,ankyrin repeat domain 1,2.6259e-10,0.628,0.692
9334,27065,NSG1,neuronal vesicle trafficking associated 1,0.0088286,0.691,0.538
9336,27068,PPA2,inorganic pyrophosphatase 2,1.1789e-10,0.805,0.115
9342,27077,B9D1,B9 domain containing 1,0.0028034,0.572,0.692
9345,27086,FOXP1,forkhead box P1,0.99998,0.46,0.808
9346,27087,B3GAT1,"beta-1,3-glucuronyltransferase 1",0.13521,0.494,0.769
9347,27089,UQCRQ,ubiquinol-cytochrome c reductase complex III subunit VII,0.04825,0.722,0.308
9352,27095,TRAPPC3,trafficking protein particle complex 3,0.25083,0.792,0.385
9354,27098,CLUL1,clusterin like 1,1.6121e-11,0.821,0.192
9357,27102,EIF2AK1,eukaryotic translation initiation factor 2 alpha kinase 1,7.0148e-07,0.633,0.577
9363,27113,BBC3,BCL2 binding component 3,0.0039762,0.517,0.769
9367,27122,DKK3,dickkopf WNT signaling pathway inhibitor 3,4.1049e-06,0.5,0.731
9370,27125,AFF4,AF4/FMR2 family member 4,1,0.644,0.769
9374,27130,INVS,inversin,5.5501e-18,0.619,0.538
9375,27131,SNX5,sorting nexin 5,0.001446,0.751,0.269
9377,27133,KCNH5,potassium voltage-gated channel subfamily H member 5,0.019692,0.821,0.077
9382,27145,FILIP1,filamin A interacting protein 1,2.5711e-10,0.861,0.154
9383,27146,FAM184B,family with sequence similarity 184 member B,1.3466e-16,0.89,0.077
9386,27151,CPAMD8,C3 and PZP like alpha-2-macroglobulin domain containing 8,6.9237e-23,0.722,0.231
9387,27152,INTU,inturned planar cell polarity protein,7.6977e-10,0.555,0.769
9389,27158,NDOR1,NADPH dependent diflavin oxidoreductase 1,4.8084e-13,1,0.038
9392,27163,NAAA,N-acylethanolamine acid amidase,2.0742e-10,0.579,0.692
9394,27165,GLS2,glutaminase 2,1.3239e-10,0.597,0.538
9396,27173,SLC39A1,solute carrier family 39 member 1,0.12586,0.722,0.423
9398,27177,IL36B,interleukin 36 beta,0.0032983,0.861,0.154
9405,27185,DISC1,DISC1 scaffold protein,1.6756e-06,0.548,0.769
9412,27229,TUBGCP4,tubulin gamma complex associated protein 4,3.6984e-09,0.716,0.346
9415,27232,GNMT,glycine N-methyltransferase,0.0028153,0.626,0.462
9416,27235,COQ2,"coenzyme Q2, polyprenyltransferase",0.0013386,0.59,0.731
9422,27241,BBS9,Bardet-Biedl syndrome 9,4.2117e-17,0.615,0.577
9425,27244,SESN1,sestrin 1,0.00059629,0.792,0.385
9426,27245,AHDC1,AT-hook DNA binding motif containing 1,1,0.7,0.5
9428,27247,NFU1,NFU1 iron-sulfur cluster scaffold,4.1487e-06,0.769,0.231
9429,27248,ERLEC1,endoplasmic reticulum lectin 1,3.25e-06,0.736,0.269
9430,27249,MMADHC,metabolism of cobalamin associated D,2.071e-05,0.751,0.385
9431,27250,PDCD4,programmed cell death 4,3.3572e-07,0.494,0.769
9435,27255,CNTN6,contactin 6,9.0232e-31,0.678,0.462
9439,27283,TINAG,tubulointerstitial nephritis antigen,3.43e-25,0.76,0.231
9442,27286,SRPX2,sushi repeat containing protein X-linked 2,0.04812,0.621,0.462
9448,27292,DIMT1,DIMT1 rRNA methyltransferase and ribosome maturation factor,3.9098e-07,0.76,0.385
9449,27293,SMPDL3B,sphingomyelin phosphodiesterase acid like 3B,2.4146e-09,0.861,0.192
9450,27294,DHDH,dihydrodiol dehydrogenase,9.1294e-10,0.716,0.5
9458,27306,HPGDS,hematopoietic prostaglandin D synthase,1.8063e-06,0.388,0.923
9460,27315,PGAP2,post-GPI attachment to proteins 2,0.93451,0.633,0.615
9461,27316,RBMX,RNA binding motif protein X-linked,0.82878,0.711,0.538
9463,27324,TOX3,TOX high mobility group box family member 3,0.9995,0.636,0.538
9464,27327,TNRC6A,trinucleotide repeat containing adaptor 6A,1,0.674,0.346
9468,27332,ZNF638,zinc finger protein 638,1,0.931,0.154
9469,27333,GOLIM4,golgi integral membrane protein 4,3.9661e-11,0.839,0.231
9480,27347,STK39,serine/threonine kinase 39,0.99916,0.67,0.5
9486,27429,HTRA2,HtrA serine peptidase 2,0.0035755,0.542,0.692
9493,27443,CECR2,CECR2 histone acetyl-lysine reader,1,0.743,0.385
9494,27445,PCLO,piccolo presynaptic cytomatrix protein,1,0.656,0.577
9498,28234,SLCO1B3,solute carrier organic anion transporter family member 1B3,5.321e-24,0.592,0.769
9547,28514,DLL1,delta like canonical Notch ligand 1,0.99999,0.492,0.808
9593,28755,TRAC,T cell receptor alpha constant,,0.691,0.615
9623,28952,CCDC22,coiled-coil domain containing 22,0.99979,0.595,0.692
9630,28960,DCPS,"decapping enzyme, scavenger",2.4654e-07,0.612,0.538
9631,28962,OSTM1,osteoclastogenesis associated transmembrane protein 1,0.011293,0.644,0.577
9632,28964,GIT1,GIT ArfGAP 1,0.99978,0.647,0.538
9642,28976,ACAD9,acyl-CoA dehydrogenase family member 9,4.5256e-08,0.722,0.269
9645,28981,IFT81,intraflagellar transport 81,9.0878e-12,0.7,0.385
9646,28982,FLVCR1,FLVCR heme transporter 1,0.0013127,0.529,0.885
9655,28991,COMMD5,COMM domain containing 5,1.497e-05,0.821,0.154
9656,28992,MACROD1,mono-ADP ribosylhydrolase 1,0.56909,0.716,0.462
9658,28998,MRPL13,mitochondrial ribosomal protein L13,1.4307e-07,0.792,0.154
9659,28999,KLF15,Kruppel like factor 15,0.48843,0.592,0.654
9661,29028,ATAD2,ATPase family AAA domain containing 2,0.9982,0.636,0.423
9670,29071,C1GALT1C1,C1GALT1 specific chaperone 1,0.85158,0.736,0.423
9671,29072,SETD2,"SET domain containing 2, histone lysine methyltransferase",1,0.424,0.846
9674,29078,NDUFAF4,NADH:ubiquinone oxidoreductase complex assembly factor 4,0.55344,0.686,0.385
9676,29080,CCDC59,coiled-coil domain containing 59,4.0319e-11,1,0.115
9680,29086,BABAM1,BRISC and BRCA1 A complex member 1,0.96269,0.678,0.385
9681,29087,THYN1,thymocyte nuclear protein 1,1.9691e-16,0.89,0.231
9682,29089,UBE2T,ubiquitin conjugating enzyme E2 T,1.0599e-05,0.55,0.731
9692,29102,DROSHA,drosha ribonuclease III,0.093176,0.599,0.692
9693,29103,DNAJC15,DnaJ heat shock protein family (Hsp40) member C15,1.682e-10,0.736,0.192
9698,29108,PYCARD,PYD and CARD domain containing,0.00019768,0.457,0.808
9700,29110,TBK1,TANK binding kinase 1,0.075174,0.513,0.846
9707,29119,CTNNA3,catenin alpha 3,1.0225e-12,0.612,0.692
9709,29122,PRSS50,serine protease 50,0.0002253,0.729,0.346
9710,29123,ANKRD11,ankyrin repeat domain 11,1,0.556,0.808
9713,29126,CD274,CD274 molecule,0.01916,0.324,0.923
9716,29760,BLNK,B cell linker,0.61083,0.603,0.731
9723,29774,POM121L9P,"POM121 transmembrane nucleoporin like 9, pseudogene",,0.931,0.077
9727,29781,NCAPH2,non-SMC condensin II complex subunit H2,0.00028787,0.805,0.385
9729,29789,OLA1,Obg like ATPase 1,0.058062,0.78,0.269
9737,29841,GRHL1,grainyhead like transcription factor 1,0.2395,0.7,0.423
9739,29843,SENP1,SUMO specific peptidase 1,0.99358,0.593,0.654
9742,29851,ICOS,inducible T cell costimulator,0.031284,0.502,0.731
9746,29882,ANAPC2,anaphase promoting complex subunit 2,0.99993,0.931,0.115
9748,29886,SNX8,sorting nexin 8,0.062391,0.792,0.231
9749,29887,SNX10,sorting nexin 10,3.3891e-10,0.633,0.577
9750,29888,STRN4,striatin 4,0.99376,0.792,0.346
9753,29893,PSMC3IP,PSMC3 interacting protein,3.7819e-05,0.659,0.5
9757,29899,GPSM2,G protein signaling modulator 2,7.6958e-11,0.682,0.538
9763,29911,HOOK2,hook microtubule tethering protein 2,4.6471e-18,0.659,0.654
9764,29914,UBIAD1,UbiA prenyltransferase domain containing 1,0.019529,0.7,0.462
9767,29919,RMC1,regulator of MON1-CCZ1,0.98823,0.555,0.731
9768,29920,PYCR2,pyrroline-5-carboxylate reductase 2,2.0652e-06,0.682,0.462
9772,29925,GMPPB,GDP-mannose pyrophosphorylase B,8.437e-07,0.578,0.538
9773,29926,GMPPA,GDP-mannose pyrophosphorylase A,8.3635e-09,0.711,0.385
9774,29927,SEC61A1,SEC61 translocon subunit alpha 1,0.98675,0.722,0.5
9776,29929,ALG6,"ALG6 alpha-1,3-glucosyltransferase",0.00030541,0.805,0.231
9782,29940,DSE,dermatan sulfate epimerase,0.6331,0.7,0.462
9783,29941,PKN3,protein kinase N3,6.1081e-19,0.821,0.269
9786,29945,ANAPC4,anaphase promoting complex subunit 4,0.00069453,0.861,0.154
9790,29949,IL19,interleukin 19,4.325e-05,0.558,0.769
9793,29952,DPP7,dipeptidyl peptidase 7,3.9946e-22,0.839,0.269
9795,29954,POMT2,protein O-mannosyltransferase 2,9.4315e-12,0.544,0.615
9796,29956,CERS2,ceramide synthase 2,0.47978,0.691,0.5
9797,29957,SLC25A24,solute carrier family 25 member 24,3.3527e-12,0.575,0.731
9798,29958,DMGDH,dimethylglycine dehydrogenase,2.0503e-24,0.89,0.154
9801,29964,PRICKLE4,prickle planar cell polarity protein 4,4.0289e-05,0.839,0.154
9804,29967,LRP12,LDL receptor related protein 12,0.99799,0.743,0.462
9805,29968,PSAT1,phosphoserine aminotransferase 1,1.0621e-08,0.478,0.846
9808,29974,A1CF,APOBEC1 complementation factor,5.9218e-10,0.604,0.692
9811,29980,DONSON,downstream neighbor of SON,1.319e-07,0.636,0.538
9813,29984,RHOD,ras homolog family member D,0.015921,0.736,0.385
9819,29991,OBP2A,odorant binding protein 2A,1.5163e-06,0.61,0.462
9829,30008,EFEMP2,EGF containing fibulin extracellular matrix protein 2,0.0081938,0.559,0.692
9831,30010,NXPH1,neurexophilin 1,0.4837,0.711,0.385
9835,30061,SLC40A1,solute carrier family 40 member 1,0.98835,0.57,0.731
9836,30062,RAX,retina and anterior neural fold homeobox,0.10092,0.729,0.346
9839,30813,VSX1,visual system homeobox 1,0.035854,0.579,0.692
9843,30817,ADGRE2,adhesion G protein-coupled receptor E2,2.7615e-28,0.581,0.615
9844,30818,KCNIP3,potassium voltage-gated channel interacting protein 3,0.037604,0.626,0.654
9851,30834,ZNRD1,zinc ribbon domain containing 1,0.2067,0.653,0.654
9852,30835,CD209,CD209 molecule,2.7418e-13,0.626,0.769
9855,30844,EHD4,EH domain containing 4,4.1903e-05,0.931,0.115
9856,30845,EHD3,EH domain containing 3,0.042234,0.729,0.308
9866,49855,SCAPER,S-phase cyclin A associated protein in the ER,0.0087953,0.653,0.5
9867,49860,CRNN,cornulin,0.00012577,0.736,0.308
9868,50484,RRM2B,ribonucleotide reductase regulatory TP53 inducible subunit M2B,0.002357,0.527,0.769
9869,50485,SMARCAL1,"SWI/SNF related, matrix associated, actin dependent regulator of chromatin, subfamily a like 1",2.2554e-06,0.599,0.654
9872,50488,MINK1,misshapen like kinase 1,1,0.743,0.346
9874,50506,DUOX2,dual oxidase 2,4.5032e-56,0.533,0.769
9875,50507,NOX4,NADPH oxidase 4,5.7555e-20,0.471,0.885
9879,50514,DELEC1,deleted in esophageal cancer 1,2.6727e-05,0.573,0.692
9881,50604,IL20,interleukin 20,1.3447e-06,0.556,0.769
9884,50615,IL21R,interleukin 21 receptor,0.99835,0.55,0.731
9885,50616,IL22,interleukin 22,0.00018843,0.393,0.885
9886,50617,ATP6V0A4,ATPase H+ transporting V0 subunit a4,2.1504e-20,0.722,0.385
9891,50628,GEMIN4,gem nuclear organelle associated protein 4,5.8966e-13,0.565,0.808
9892,50632,CALY,calcyon neuron specific vesicular protein,0.038696,0.805,0.231
9897,50650,ARHGEF3,Rho guanine nucleotide exchange factor 3,0.0040454,0.751,0.346
9898,50651,SLC45A1,solute carrier family 45 member 1,2.4761e-05,0.674,0.269
9900,50674,NEUROG3,neurogenin 3,5.9611e-06,0.647,0.5
9903,50717,DCAF8,DDB1 and CUL4 associated factor 8,0.99521,0.821,0.115
9908,50807,ASAP1,"ArfGAP with SH3 domain, ankyrin repeat and PH domain 1",1,0.556,0.808
9910,50809,HP1BP3,heterochromatin protein 1 binding protein 3,0.98422,0.805,0.154
9913,50814,NSDHL,NAD(P) dependent steroid dehydrogenase-like,0.96393,0.621,0.538
9924,50846,DHH,desert hedgehog signaling molecule,0.22445,0.65,0.423
9928,50854,SNHG32,small nucleolar RNA host gene 32,0.023621,0.805,0.308
9930,50856,CLEC4A,C-type lectin domain family 4 member A,4.1872e-05,0.792,0.269
9935,50863,NTM,neurotrimin,0.057798,0.644,0.577
9937,50937,CDON,"cell adhesion associated, oncogene regulated",2.0608e-15,0.601,0.731
9938,50939,IMPG2,interphotoreceptor matrix proteoglycan 2,2.7548e-13,0.659,0.308
9940,50941,IBD5,inflammatory bowel disease 5,,0.705,0.538
9942,50943,FOXP3,forkhead box P3,0.99424,0.368,0.846
9944,50945,TBX22,T-box transcription factor 22,0.97704,0.603,0.577
9949,50964,SOST,sclerostin,0.86731,0.474,0.808
9958,51002,TPRKB,TP53RK binding protein,0.00821,0.691,0.385
9960,51004,COQ6,"coenzyme Q6, monooxygenase",4.3324e-15,0.76,0.385
9962,51008,ASCC1,activating signal cointegrator 1 complex subunit 1,2.6051e-14,0.495,0.846
9964,51010,EXOSC3,exosome component 3,0.00024296,0.61,0.692
9972,51021,MRPS16,mitochondrial ribosomal protein S16,0.058297,0.821,0.231
9975,51024,FIS1,"fission, mitochondrial 1",1.302e-05,0.663,0.769
9976,51025,PAM16,presequence translocase associated motor 16,0.23509,0.729,0.462
9983,51035,UBXN1,UBX domain protein 1,0.72752,0.861,0.077
9985,51043,ZBTB7B,zinc finger and BTB domain containing 7B,0.34362,0.805,0.269
9989,51053,GMNN,geminin DNA replication inhibitor,0.1149,0.554,0.808
9992,51057,WDPCP,WD repeat containing planar cell polarity effector,1.0908e-10,0.576,0.769
9997,51062,ATL1,atlastin GTPase 1,0.98109,0.593,0.654
9999,51065,RPS27L,ribosomal protein S27 like,0.10011,0.839,0.154
10000,51066,SSUH2,ssu-2 homolog,3.9939e-10,0.821,0.231
10001,51067,YARS2,tyrosyl-tRNA synthetase 2,3.0025e-11,0.663,0.462
10011,51079,NDUFA13,NADH:ubiquinone oxidoreductase subunit A13,3.8049e-06,0.556,0.692
10012,51081,MRPS7,mitochondrial ribosomal protein S7,0.0012591,0.722,0.5
10013,51082,POLR1D,RNA polymerase I and III subunit D,0.36357,0.603,0.692
10016,51085,MLXIPL,MLX interacting protein like,0.047771,0.554,0.731
10017,51086,TNNI3K,TNNI3 interacting kinase,3.0654e-48,0.691,0.346
10019,51088,KLHL5,kelch like family member 5,5.2757e-06,0.89,0.154
10021,51091,SEPSECS,Sep (O-phosphoserine) tRNA:Sec (selenocysteine) tRNA synthase,1.6143e-08,0.656,0.423
10022,51092,SIDT2,SID1 transmembrane family member 2,2.2006e-10,0.821,0.269
10024,51094,ADIPOR1,adiponectin receptor 1,0.6584,0.529,0.808
10025,51095,TRNT1,tRNA nucleotidyl transferase 1,0.00015886,0.7,0.192
10027,51098,IFT52,intraflagellar transport 52,2.0125e-06,0.653,0.538
10028,51099,ABHD5,abhydrolase domain containing 5,6.4201e-07,0.641,0.538
10029,51100,SH3GLB1,"SH3 domain containing GRB2 like, endophilin B1",0.99407,0.716,0.462
10030,51102,MECR,mitochondrial trans-2-enoyl-CoA reductase,2.2332e-05,0.736,0.385
10031,51103,NDUFAF1,NADH:ubiquinone oxidoreductase complex assembly factor 1,0.0036226,0.7,0.308
10036,51109,RDH11,retinol dehydrogenase 11,1.0807e-07,0.769,0.346
10038,51111,KMT5B,lysine methyltransferase 5B,1,0.736,0.423
10039,51112,TRAPPC12,trafficking protein particle complex 12,5.3624e-16,0.751,0.385
10040,51114,ZDHHC9,zinc finger DHHC-type palmitoyltransferase 9,0.73749,0.67,0.577
10043,51117,COQ4,coenzyme Q4,3.3961e-09,0.78,0.269
10045,51119,SBDS,SBDS ribosome maturation factor,6.2076e-05,0.601,0.692
10050,51128,SAR1B,secretion associated Ras related GTPase 1B,0.002315,0.686,0.462
10051,51129,ANGPTL4,angiopoietin like 4,2.3089e-11,0.498,0.731
10052,51130,ASB3,ankyrin repeat and SOCS box containing 3,1.4399e-07,0.861,0.192
10054,51132,RLIM,"ring finger protein, LIM domain interacting",0.99301,0.686,0.5
10056,51134,CEP83,centrosomal protein 83,4.2942e-14,0.839,0.077
10059,51141,INSIG2,insulin induced gene 2,0.059986,0.653,0.5
10060,51142,CHCHD2,coiled-coil-helix-coiled-coil-helix domain containing 2,1.7328e-07,0.638,0.538
10062,51144,HSD17B12,hydroxysteroid 17-beta dehydrogenase 12,0.00040288,0.722,0.308
10065,51149,MRNIP,MRN complex interacting protein,1.3396e-05,0.931,
10067,51151,SLC45A2,solute carrier family 45 member 2,1.6634e-06,0.626,0.538
10075,51164,DCTN4,dynactin subunit 4,0.73221,0.472,0.846
10078,51168,MYO15A,myosin XVA,1.2504e-56,0.722,0.346
10079,51170,HSD17B11,hydroxysteroid 17-beta dehydrogenase 11,2.0771e-07,0.931,0.077
10084,51176,LEF1,lymphoid enhancer binding factor 1,0.99789,0.486,0.769
10086,51179,HAO2,hydroxyacid oxidase 2,5.9977e-10,0.736,0.308
10090,51185,CRBN,cereblon,0.00028911,0.551,0.654
10098,51196,PLCE1,phospholipase C epsilon 1,5.6754e-11,0.572,0.654
10102,51201,ZDHHC2,zinc finger DHHC-type palmitoyltransferase 2,0.0010008,0.729,0.462
10104,51204,TACO1,translational activator of cytochrome c oxidase I,0.0014606,0.647,0.577
10106,51206,GP6,glycoprotein VI platelet,1.6361e-11,0.597,0.615
10111,51214,IGF2-AS,IGF2 antisense RNA,,0.612,0.615
10112,51218,GLRX5,glutaredoxin 5,0.7456,0.659,0.538
10117,51227,PIGP,phosphatidylinositol glycan anchor biosynthesis class P,0.0018935,0.633,0.462
10119,51230,PHF20,PHD finger protein 20,0.99875,0.65,0.615
10131,51251,NT5C3A,"5'-nucleotidase, cytosolic IIIA",0.015053,0.593,0.692
10137,51259,TMEM216,transmembrane protein 216,0.0018855,0.544,0.615
10144,51271,UBAP1,ubiquitin associated protein 1,0.91168,0.716,0.5
10145,51272,BET1L,Bet1 golgi vesicular membrane trafficking protein like,0.0044178,0.89,0.077
10160,51291,GMIP,GEM interacting protein,1.8778e-10,0.89,0.038
10161,51292,GMPR2,guanosine monophosphate reductase 2,1.0324e-08,0.769,0.115
10166,51297,BPIFA1,BPI fold containing family A member 1,1.1971e-08,0.617,0.577
10169,51300,TIMMDC1,translocase of inner mitochondrial membrane domain containing 1,1.1142e-08,0.653,0.538
10174,51305,KCNK9,potassium two pore domain channel subfamily K member 9,0.95519,0.615,0.577
10177,51308,REEP2,receptor accessory protein 2,0.43941,0.792,0.269
10180,51311,TLR8,toll like receptor 8,0.32401,0.543,0.769
10181,51312,SLC25A37,solute carrier family 25 member 37,0.27886,0.597,0.731
10183,51314,NME8,NME/NM23 family member 8,5.5821e-28,0.644,0.692
10185,51317,PHF21A,PHD finger protein 21A,1,0.682,0.5
10187,51319,RSRC1,arginine and serine rich coiled-coil 1,7.4539e-05,0.65,0.462
10189,51322,WAC,WW domain containing adaptor with coiled-coil,1,0.686,0.615
10190,51324,SPG21,"SPG21 abhydrolase domain containing, maspardin",0.00066076,0.695,0.5
10193,51330,TNFRSF12A,TNF receptor superfamily member 12A,0.017995,0.509,0.692
10199,51338,MS4A4A,membrane spanning 4-domains A4A,8.0964e-06,0.722,0.308
10200,51339,DACT1,dishevelled binding antagonist of beta catenin 1,0.40017,0.547,0.692
10206,51350,KRT76,keratin 76,2.7442e-14,1,0.077
10210,51360,MBTPS2,"membrane bound transcription factor peptidase, site 2",0.99752,0.513,0.769
10213,51363,CHST15,carbohydrate sulfotransferase 15,3.5249e-05,0.647,0.346
10214,51364,ZMYND10,zinc finger MYND-type containing 10,2.3034e-07,0.553,0.731
10216,51366,UBR5,ubiquitin protein ligase E3 component n-recognin 5,1,0.597,0.654
10218,51371,POMP,proteasome maturation protein,0.90942,0.674,0.346
10227,51384,WNT16,Wnt family member 16,1.6523e-06,0.686,0.654
10228,51385,ZNF589,zinc finger protein 589,0.0049175,,
10236,51399,TRAPPC4,trafficking protein particle complex 4,4.1207e-06,0.805,0.308
10241,51412,ACTL6B,actin like 6B,0.00028347,0.656,0.462
10243,51422,PRKAG2,protein kinase AMP-activated non-catalytic subunit gamma 2,0.99692,0.582,0.654
10244,51426,POLK,DNA polymerase kappa,7.4692e-13,0.691,0.423
10246,51428,DDX41,DEAD-box helicase 41,5.5908e-08,0.636,0.538
10247,51429,SNX9,sorting nexin 9,0.7061,0.729,0.385
10248,51430,SUCO,SUN domain containing ossification factor,0.97455,0.722,0.423
10265,51460,SFMBT1,Scm like with four mbt domains 1,0.93588,0.736,0.385
10267,51466,EVL,Enah/Vasp-like,0.99761,0.729,0.308
10269,51473,DCDC2,doublecortin domain containing 2,5.6611e-10,0.546,0.769
10270,51474,LIMA1,LIM domain and actin binding 1,2.7465e-10,0.711,0.231
10272,51477,ISYNA1,inositol-3-phosphate synthase 1,2.4934e-05,0.51,0.769
10280,51495,HACD3,3-hydroxyacyl-CoA dehydratase 3,0.0092999,0.861,0.154
10281,51496,CTDSPL2,CTD small phosphatase like 2,0.99966,,
10284,51501,HIKESHI,heat shock protein nuclear import factor hikeshi,0.52459,0.751,0.385
10287,51506,UFC1,ubiquitin-fold modifier conjugating enzyme 1,0.0036155,0.716,0.462
10288,51510,CHMP5,charged multivesicular body protein 5,0.0066514,0.751,0.192
10290,51513,ETV7,ETS variant transcription factor 7,3.9605e-14,0.736,0.308
10293,51520,LARS1,leucyl-tRNA synthetase 1,8.2142e-09,0.678,0.577
10296,51524,TMEM138,transmembrane protein 138,0.047034,0.656,0.385
10300,51530,ZC3HC1,zinc finger C3HC-type containing 1,0.00025557,0.76,0.308
10308,51542,VPS54,VPS54 subunit of GARP complex,0.99929,0.769,0.231
10309,51547,SIRT7,sirtuin 7,0.0005562,0.582,0.577
10310,51548,SIRT6,sirtuin 6,0.039119,0.496,0.846
10317,51560,RAB6B,"RAB6B, member RAS oncogene family",0.95879,0.736,0.385
10318,51561,IL23A,interleukin 23 subunit alpha,0.35806,0.415,0.846
10320,51564,HDAC7,histone deacetylase 7,0.99969,0.597,0.654
10322,51567,TDP2,tyrosyl-DNA phosphodiesterase 2,1.134e-08,0.628,0.462
10323,51569,UFM1,ubiquitin fold modifier 1,0.15655,0.722,0.385
10324,51571,CYRIB,CYFIP related Rac1 interactor B,0.97612,0.76,0.538
10326,51574,LARP7,"La ribonucleoprotein 7, transcriptional regulator",9.3352e-08,0.674,0.615
10332,51592,TRIM33,tripartite motif containing 33,1,0.626,0.577
10333,51593,SRRT,"serrate, RNA effector molecule",0.59362,0.736,0.231
10334,51594,NBAS,NBAS subunit of NRZ tethering complex,5.0234e-43,0.566,0.692
10336,51601,LIPT1,lipoyltransferase 1,3.8254e-08,0.674,0.462
10339,51604,PIGT,phosphatidylinositol glycan anchor biosynthesis class T,7.2959e-10,0.633,0.615
10346,51621,KLF13,Kruppel like factor 13,0.40432,0.674,0.577
10348,51626,DYNC2LI1,dynein cytoplasmic 2 light intermediate chain 1,3.154e-09,0.601,0.5
10351,51633,OTUD6B,OTU deubiquitinase 6B,1.2841e-07,0.659,0.538
10353,51635,DHRS7,dehydrogenase/reductase 7,9.8631e-12,0.76,0.192
10361,51649,MRPS23,mitochondrial ribosomal protein S23,0.12774,0.839,0.115
10363,51651,PTRH2,peptidyl-tRNA hydrolase 2,0.00063822,0.641,0.577
10368,51659,GINS2,GINS complex subunit 2,1.5745e-08,0.638,0.577
10369,51660,MPC1,mitochondrial pyruvate carrier 1,0.038495,0.653,0.577
10380,51684,SUFU,SUFU negative regulator of hedgehog signaling,0.99992,0.493,0.769
10389,51702,PADI3,peptidyl arginine deiminase 3,2.3615e-10,0.78,0.192
10392,51705,EMCN,endomucin,8.6416e-05,0.716,0.423
10396,51715,RAB23,"RAB23, member RAS oncogene family",0.0056143,0.541,0.654
10401,51726,DNAJB11,DnaJ heat shock protein family (Hsp40) member B11,0.22551,0.751,0.346
10403,51728,POLR3K,RNA polymerase III subunit K,0.10849,0.89,0.115
10405,51733,UPB1,beta-ureidopropionase 1,7.3647e-12,0.722,0.346
10406,51734,MSRB1,methionine sulfoxide reductase B1,0.1304,0.78,0.231
10408,51738,GHRL,ghrelin and obestatin prepropeptide,1.3921e-11,0.517,0.769
10409,51741,WWOX,WW domain containing oxidoreductase,1.2376e-15,0.453,0.808
10411,51744,CD244,CD244 molecule,0.057288,0.653,0.5
10413,51750,RTEL1,regulator of telomere elongation helicase 1,8.8674e-10,0.459,0.808
10414,51752,ERAP1,endoplasmic reticulum aminopeptidase 1,2.0562e-26,0.556,0.692
10418,51761,ATP8A2,ATPase phospholipid transporting 8A2,1.2026e-12,0.659,0.577
10420,51763,INPP5K,inositol polyphosphate-5-phosphatase K,4.2264e-05,0.587,0.654
10424,51776,MAP3K20,mitogen-activated protein kinase kinase kinase 20,8.4166e-09,0.564,0.769
10426,51780,KDM3B,lysine demethylase 3B,1,0.686,0.5
10430,51807,TUBA8,tubulin alpha 8,3.5702e-05,0.691,0.385
10431,51808,PHAX,phosphorylated adaptor for RNA export,3.0443e-06,0.839,0.308
10433,51816,ADA2,adenosine deaminase 2,8.1396e-08,0.545,0.846
10434,53335,BCL11A,BAF chromatin remodeling complex subunit BCL11A,0.96998,0.541,0.769
10443,53347,UBASH3A,ubiquitin associated and SH3 domain containing A,1.0489e-10,0.638,0.538
10445,53353,LRP1B,LDL receptor related protein 1B,2.5267e-06,0.626,0.615
10452,53405,CLIC5,chloride intracellular channel 5,1.6209e-06,0.792,0.308
10454,53615,MBD3,methyl-CpG binding domain protein 3,0.9765,0.682,0.462
10462,53827,FXYD5,FXYD domain containing ion transport regulator 5,0.0020871,0.615,0.577
10468,53834,FGFRL1,fibroblast growth factor receptor like 1,0.011908,0.588,0.615
10475,53904,MYO3A,myosin IIIA,1.8056e-45,0.78,0.269
10485,53947,A4GALT,"alpha 1,4-galactosyltransferase (P blood group)",7.6668e-06,0.751,0.346
10490,54039,PCBP3,poly(rC) binding protein 3,0.84326,0.89,0.115
10503,54101,RIPK4,receptor interacting serine/threonine kinase 4,0.0039646,0.565,0.654
10505,54103,GSAP,gamma-secretase activating protein,2.5479e-23,0.751,0.346
10506,54106,TLR9,toll like receptor 9,9.8117e-06,0.411,0.885
10511,54112,GPR88,G protein-coupled receptor 88,0.75488,0.805,0.115
10520,54187,NANS,N-acetylneuraminate synthase,,0.545,0.692
10522,54206,ERRFI1,ERBB receptor feedback inhibitor 1,0.012152,0.612,0.538
10524,54209,TREM2,triggering receptor expressed on myeloid cells 2,3.2892e-09,0.519,0.769
10526,54212,SNTG1,syntrophin gamma 1,0.1634,0.792,0.192
10530,54332,GDAP1,ganglioside induced differentiation associated protein 1,3.2448e-08,0.612,0.538
10531,54344,DPM3,"dolichyl-phosphate mannosyltransferase subunit 3, regulatory",0.23318,0.839,0.308
10532,54345,SOX18,SRY-box transcription factor 18,0.15103,0.578,0.692
10535,54361,WNT4,Wnt family member 4,0.12766,0.552,0.731
10536,54363,HAO1,hydroxyacid oxidase 1,1.4578e-07,0.78,0.269
10539,54413,NLGN3,neuroligin 3,0.97641,0.653,0.462
10540,54414,SIAE,sialic acid acetylesterase,7.7865e-12,0.711,0.577
10545,54434,SSH1,slingshot protein phosphatase 1,0.00033003,0.769,0.192
10547,54437,SEMA5B,semaphorin 5B,2.6361e-10,0.792,0.308
10551,54441,STAG3L1,stromal antigen 3-like 1 (pseudogene),,0.931,0.077
10554,54453,RIN2,Ras and Rab interactor 2,0.00081408,0.623,0.692
10555,54454,ATAD2B,ATPase family AAA domain containing 2B,1,0.76,0.192
10562,54463,RETREG1,reticulophagy regulator 1,6.3577e-06,0.623,0.538
10566,54467,ANKIB1,ankyrin repeat and IBR domain containing 1,0.99996,0.861,0.077
10570,54474,KRT20,keratin 20,9.0776e-11,0.388,0.846
10572,54476,RNF216,ring finger protein 216,2.2561e-06,0.67,0.615
10573,54477,PLEKHA5,pleckstrin homology domain containing A5,1,0.861,0.192
10576,54487,DGCR8,DGCR8 microprocessor complex subunit,0.99973,0.579,0.731
10581,54496,PRMT7,protein arginine methyltransferase 7,5.5036e-15,0.674,0.538
10582,54497,HEATR5B,HEAT repeat containing 5B,3.066e-22,,
10584,54499,TMCO1,transmembrane and coiled-coil domains 1,9.41e-10,0.588,0.654
10587,54503,ZDHHC13,zinc finger DHHC-type palmitoyltransferase 13,1.1955e-19,0.729,0.346
10588,54504,CPVL,carboxypeptidase vitellogenic like,3.3502e-11,0.653,0.615
10590,54507,ADAMTSL4,ADAMTS like 4,2.6008e-28,0.656,0.577
10592,54509,RHOF,"ras homolog family member F, filopodia associated",0.00017569,0.638,0.5
10598,54517,PUS7,pseudouridine synthase 7,1.3457e-09,0.769,0.308
10603,54532,USP53,ubiquitin specific peptidase 53,1.6605e-13,1,0.038
10604,54535,CCHCR1,coiled-coil alpha-helical rod protein 1,1.0122e-16,0.505,0.808
10607,54538,ROBO4,roundabout guidance receptor 4,2.942e-15,0.641,0.615
10608,54539,NDUFB11,NADH:ubiquinone oxidoreductase subunit B11,0.80382,0.566,0.692
10615,54549,SDK2,sidekick cell adhesion molecule 2,0.0041393,0.839,0.154
10617,54551,MAGEL2,MAGE family member L2,0.97506,0.56,0.654
10626,54567,DLL4,delta like canonical Notch ligand 4,0.99982,0.494,0.769
10630,54574,UGT1A11P,"UDP glucuronosyltransferase family 1 member A11, pseudogene",,,
10631,54575,UGT1A10,UDP glucuronosyltransferase family 1 member A10,4.5886e-19,0.588,0.615
10632,54576,UGT1A8,UDP glucuronosyltransferase family 1 member A8,1.3092e-09,0.588,0.654
10633,54577,UGT1A7,UDP glucuronosyltransferase family 1 member A7,8.6636e-14,0.55,0.692
10634,54578,UGT1A6,UDP glucuronosyltransferase family 1 member A6,3.0491e-07,0.56,0.654
10635,54579,UGT1A5,UDP glucuronosyltransferase family 1 member A5,9.3665e-09,0.656,0.462
10638,54583,EGLN1,egl-9 family hypoxia inducible factor 1,0.97403,0.54,0.731
10640,54585,LZTFL1,leucine zipper transcription factor like 1,0.059115,0.638,0.692
10644,54600,UGT1A9,UDP glucuronosyltransferase family 1 member A9,5.3634e-08,0.59,0.577
10649,54620,FBXL19,F-box and leucine rich repeat protein 19,0.99997,0.821,0.192
10650,54622,ARL15,ADP ribosylation factor like GTPase 15,0.00093584,0.769,0.346
10656,54657,UGT1A4,UDP glucuronosyltransferase family 1 member A4,5.9807e-07,0.595,0.654
10657,54658,UGT1A1,UDP glucuronosyltransferase family 1 member A1,3.2577e-06,0.464,0.769
10658,54659,UGT1A3,UDP glucuronosyltransferase family 1 member A3,1.3092e-09,0.623,0.538
10661,54663,WDR74,WD repeat domain 74,3.4256e-09,1,0.038
10662,54664,TMEM106B,transmembrane protein 106B,0.32576,0.59,0.462
10666,54676,GTPBP2,GTP binding protein 2,0.31663,0.736,0.423
10671,54700,RRN3,"RRN3 homolog, RNA polymerase I transcription factor",1.618e-05,0.711,0.346
10672,54704,PDP1,pyruvate dehyrogenase phosphatase catalytic subunit 1,0.45106,0.691,0.462
10675,54714,CNGB3,cyclic nucleotide gated channel subunit beta 3,7.7723e-19,0.633,0.192
10676,54715,RBFOX1,RNA binding fox-1 homolog 1,0.95263,0.584,0.692
10677,54716,SLC6A20,solute carrier family 6 member 20,2.6621e-17,0.805,0.269
10686,54738,FEV,"FEV transcription factor, ETS family member",0.0081114,0.593,0.692
10687,54739,XAF1,XIAP associated factor 1,6.8151e-12,0.587,0.769
10690,54749,EPDR1,ependymin related 1,0.017864,0.769,0.308
10694,54756,IL17RD,interleukin 17 receptor D,1.053e-06,0.617,0.654
10695,54757,FAM20A,FAM20A golgi associated secretory pathway pseudokinase,2.1513e-07,0.7,0.346
10700,54764,ZRANB1,zinc finger RANBP2-type containing 1,0.99885,0.839,0.115
10701,54765,TRIM44,tripartite motif containing 44,0.053808,0.612,0.423
10703,54768,HYDIN,HYDIN axonemal central pair apparatus protein,2.2706e-24,0.641,0.538
10708,54788,DNAJB12,DnaJ heat shock protein family (Hsp40) member B12,0.44012,,
10709,54790,TET2,tet methylcytosine dioxygenase 2,4.3334e-54,0.458,0.808
10711,54795,TRPM4,transient receptor potential cation channel subfamily M member 4,5.6531e-33,0.633,0.577
10712,54796,BNC2,basonuclin 2,0.92762,0.612,0.615
10716,54800,KLHL24,kelch like family member 24,0.0016745,0.821,0.115
10717,54801,HAUS6,HAUS augmin like complex subunit 6,6.4188e-17,0.792,0.154
10718,54802,TRIT1,tRNA isopentenyltransferase 1,4.0895e-11,0.621,0.692
10719,54805,CNNM2,cyclin and CBS domain divalent metal cation transport mediator 2,0.99521,0.641,0.346
10720,54806,AHI1,Abelson helper integration site 1,1.0773e-25,0.513,0.846
10721,54808,DYM,dymeclin,3.5939e-13,0.563,0.769
10722,54809,SAMD9,sterile alpha motif domain containing 9,1.0521e-33,0.606,0.808
10723,54810,GIPC2,GIPC PDZ domain containing family member 2,3.1514e-09,0.736,0.423
10724,54811,ZNF562,zinc finger protein 562,0.056912,1,0.077
10730,54820,NDE1,nudE neurodevelopment protein 1,0.0066921,0.608,0.462
10732,54822,TRPM7,transient receptor potential cation channel subfamily M member 7,5.2086e-16,0.531,0.731
10737,54828,BCAS3,BCAS3 microtubule associated cell migration factor,0.00013819,0.716,0.538
10741,54832,VPS13C,vacuolar protein sorting 13 homolog C,7.6491e-49,0.653,0.346
10742,54834,GDAP2,ganglioside induced differentiation associated protein 2,1.4591e-09,0.839,0.154
10743,54838,WBP1L,WW domain binding protein 1 like,0.64011,0.769,0.462
10745,54840,APTX,aprataxin,3.9924e-10,0.59,0.5
10747,54842,MFSD6,major facilitator superfamily domain containing 6,3.2855e-06,0.89,0.077
10748,54843,SYTL2,synaptotagmin like 2,4.2572e-21,0.621,0.308
10751,54848,ARHGEF38,Rho guanine nucleotide exchange factor 38,1.1352e-09,0.861,0.154
10752,54849,DEF8,differentially expressed in FDCP 8 homolog,0.0025904,0.839,0.115
10754,54852,PAQR5,progestin and adipoQ receptor family member 5,0.037162,0.931,0.077
10757,54855,TENT5C,terminal nucleotidyltransferase 5C,0.94762,0.805,0.269
10763,54861,SNRK,SNF related kinase,0.99961,0.821,0.154
10764,54862,CC2D1A,coiled-coil and C2 domain containing 1A,0.0084599,0.628,0.462
10769,54870,QRICH1,glutamine rich 1,0.99576,0.716,0.423
10770,54872,PIGG,phosphatidylinositol glycan anchor biosynthesis class G,5.4258e-15,0.792,0.231
10773,54875,CNTLN,centlein,3.9521e-49,0.805,0.269
10775,54877,ZCCHC2,zinc finger CCHC-type containing 2,0.99376,0.805,0.308
10776,54878,DPP8,dipeptidyl peptidase 8,0.99791,0.722,0.385
10777,54879,ST7L,suppression of tumorigenicity 7 like,2.2024e-09,0.769,0.192
10778,54880,BCOR,BCL6 corepressor,1,0.471,0.808
10783,54885,TBC1D8B,TBC1 domain family member 8B,5.953e-09,0.805,0.231
10785,54887,UHRF1BP1,UHRF1 binding protein 1,4.4659e-13,0.769,0.269
10786,54888,NSUN2,NOP2/Sun RNA methyltransferase 2,0.00025826,0.559,0.846
10789,54892,NCAPG2,non-SMC condensin II complex subunit G2,0.97764,0.603,0.731
10791,54894,RNF43,ring finger protein 43,0.73452,0.584,0.577
10793,54897,CASZ1,castor zinc finger 1,1,0.553,0.731
10795,54899,PXK,PX domain containing serine/threonine kinase like,0.010847,0.821,0.231
10797,54901,CDKAL1,CDK5 regulatory subunit associated protein 1 like 1,0.016021,0.617,0.615
10798,54902,TTC19,tetratricopeptide repeat domain 19,1.3788e-08,0.663,0.385
10799,54903,MKS1,MKS transition zone complex subunit 1,3.3768e-16,0.505,0.769
10808,54916,TMEM260,transmembrane protein 260,4.7299e-19,0.769,0.423
10810,54919,DNAAF5,dynein axonemal assembly factor 5,8.1011e-11,0.67,0.5
10816,54928,IMPAD1,inositol monophosphatase domain containing 1,0.015288,0.7,0.385
10819,54931,TRMT10C,"tRNA methyltransferase 10C, mitochondrial RNase P subunit",9.7105e-05,0.839,0.154
10821,54933,RHBDL2,rhomboid like 2,8.9365e-08,0.861,0.115
10824,54936,ADPRS,ADP-ribosylserine hydrolase,0.00057514,0.743,0.308
10826,54938,SARS2,"seryl-tRNA synthetase 2, mitochondrial",9.77e-10,0.57,0.692
10829,54941,RNF125,ring finger protein 125,4.6358e-05,0.647,0.654
10830,54942,ABITRAM,actin binding transcription modulator,4.3558e-06,0.931,0.231
10834,54949,SDHAF2,succinate dehydrogenase complex assembly factor 2,2.8312e-06,0.604,0.692
10840,54957,TXNL4B,thioredoxin like 4B,0.0043549,0.931,0.077
10848,54965,PIGX,phosphatidylinositol glycan anchor biosynthesis class X,2.3843e-05,0.78,0.308
10850,54968,TMEM70,transmembrane protein 70,0.029285,0.636,0.654
10851,54970,TTC12,tetratricopeptide repeat domain 12,1.7871e-17,0.78,0.192
10856,54976,C20orf27,chromosome 20 open reading frame 27,0.0086621,,
10862,54982,CLN6,CLN6 transmembrane ER protein,0.00010025,0.67,0.231
10863,54984,PINX1,PIN2 (TERF1) interacting telomerase inhibitor 1,4.5977e-09,0.587,0.692
10865,54986,ULK4,unc-51 like kinase 4,4.4336e-38,0.722,0.385
10868,54995,OXSM,"3-oxoacyl-ACP synthase, mitochondrial",2.4742e-05,0.861,0.115
10872,55001,TTC22,tetratricopeptide repeat domain 22,1.7098e-06,0.78,0.077
10873,55002,TMCO3,transmembrane and coiled-coil domains 3,4.936e-16,0.931,0.077
10876,55005,RMND1,required for meiotic nuclear division 1 homolog,1.0863e-09,0.674,0.462
10878,55007,FAM118A,family with sequence similarity 118 member A,6.3156e-05,0.821,0.154
10883,55012,PPP2R3C,protein phosphatase 2 regulatory subunit B''gamma,6.818e-09,0.7,0.538
10890,55023,PHIP,pleckstrin homology domain interacting protein,1,0.595,0.769
10891,55024,BANK1,B cell scaffold protein with ankyrin repeats 1,4.7905e-12,0.653,0.538
10892,55027,HEATR3,HEAT repeat containing 3,3.5205e-07,0.7,0.231
10897,55033,FKBP14,FKBP prolyl isomerase 14,1.5229e-06,0.65,0.654
10898,55034,MOCOS,molybdenum cofactor sulfurase,1.6193e-19,0.617,0.654
10900,55036,CCDC40,coiled-coil domain containing 40,3.8155e-17,0.656,0.538
10907,55054,ATG16L1,autophagy related 16 like 1,0.96452,0.543,0.769
10913,55063,ZCWPW1,zinc finger CW-type and PWWP domain containing 1,1.1227e-13,0.89,0.115
10926,55080,TAPBPL,TAP binding protein like,2.3058e-10,0.861,0.154
10927,55081,IFT57,intraflagellar transport 57,3.3347e-10,0.716,0.308
10932,55089,SLC38A4,solute carrier family 38 member 4,0.56028,0.839,0.154
10933,55090,MED9,mediator complex subunit 9,0.4077,0.839,0.231
10944,55109,AGGF1,angiogenic factor with G-patch and FHA domains 1,2.7334e-05,0.65,0.462
10946,55112,WDR60,WD repeat domain 60,4.3207e-12,0.592,0.654
10952,55120,FANCL,FA complementation group L,5.9404e-23,0.551,0.731
10958,55129,ANO10,anoctamin 10,1.0162e-14,0.663,0.5
10959,55130,ARMC4,armadillo repeat containing 4,1.9031e-25,0.641,0.615
10960,55131,RBM28,RNA binding motif protein 28,6.2318e-12,0.682,0.423
10963,55135,WRAP53,WD repeat containing antisense to TP53,5.3544e-05,0.603,0.692
10966,55140,ELP3,elongator acetyltransferase complex subunit 3,3.0115e-14,0.751,0.231
10969,55145,THAP1,THAP domain containing 1,0.80123,0.644,0.462
10972,55148,UBR7,ubiquitin protein ligase E3 component n-recognin 7,0.49449,0.861,0.231
10973,55149,MTPAP,mitochondrial poly(A) polymerase,0.99904,0.581,0.769
10977,55154,MSTO1,misato mitochondrial distribution and morphology regulator 1,1.6182e-09,0.582,0.692
10978,55157,DARS2,"aspartyl-tRNA synthetase 2, mitochondrial",9.7876e-13,0.638,0.577
10979,55159,RFWD3,ring finger and WD repeat domain 3,3.5331e-10,0.569,0.731
10984,55165,CEP55,centrosomal protein 55,1.964e-12,0.534,0.731
10988,55170,PRMT6,protein arginine methyltransferase 6,0.0033368,0.67,0.462
10990,55172,DNAAF2,dynein axonemal assembly factor 2,6.4811e-09,0.678,0.538
10996,55180,LINS1,lines homolog 1,2.3746e-07,0.691,0.231
10999,55183,RIF1,replication timing regulatory factor 1,1,0.7,0.462
11002,55187,VPS13D,vacuolar protein sorting 13 homolog D,1.0749e-06,0.769,0.346
11007,55193,PBRM1,polybromo 1,1,0.566,0.615
11010,55198,APPL2,"adaptor protein, phosphotyrosine interacting with PH domain and leucine zipper 2",1.1641e-18,0.7,0.423
11012,55200,PLEKHG6,pleckstrin homology and RhoGEF domain containing G6,3.7173e-19,0.76,0.192
11020,55209,SETD5,SET domain containing 5,0.99997,0.56,0.731
11021,55210,ATAD3A,ATPase family AAA domain containing 3A,4.0861e-09,0.628,0.692
11023,55212,BBS7,Bardet-Biedl syndrome 7,7.0515e-09,0.682,0.462
11024,55213,RCBTB1,RCC1 and BTB domain containing protein 1,1.5605e-06,0.572,0.692
11026,55215,FANCI,FA complementation group I,8.9116e-37,0.543,0.731
11027,55217,TMLHE,"trimethyllysine hydroxylase, epsilon",7.9575e-05,0.821,0.231
11029,55219,MACO1,macoilin 1,0.99757,1,0.038
11043,55240,STEAP3,STEAP3 metalloreductase,5.3195e-09,0.666,0.385
11046,55245,UQCC1,ubiquinol-cytochrome c reductase complex assembly factor 1,3.1978e-08,0.821,0.154
11049,55248,PACC1,proton activated chloride channel 1,5.4081e-10,0.565,0.731
11050,55249,YY1AP1,YY1 associated protein 1,1.9461e-18,0.711,0.462
11053,55252,ASXL2,ASXL transcriptional regulator 2,1,0.617,0.692
11061,55262,MAP11,microtubule associated protein 11,0.18133,0.736,0.423
11070,55275,VPS53,VPS53 subunit of GARP complex,1.3999e-07,0.659,0.654
11075,55280,CWF19L1,CWF19 like cell cycle control factor 1,1.4404e-15,0.691,0.346
11080,55286,C4orf19,chromosome 4 open reading frame 19,0.09431,0.861,0.115
11083,55289,ACOXL,acyl-CoA oxidase like,5.2479e-15,0.674,0.577
11087,55294,FBXW7,F-box and WD repeat domain containing 7,0.99949,0.465,0.808
11088,55295,KLHL26,kelch like family member 26,2.193e-06,1,0.038
11100,55315,SLC29A3,solute carrier family 29 member 3,1.2925e-07,0.578,0.769
11107,55325,UFSP2,UFM1 specific peptidase 2,3.0583e-06,0.736,0.192
11109,55327,LIN7C,"lin-7 homolog C, crumbs cell polarity complex component",0.051327,0.861,0.269
11113,55331,ACER3,alkaline ceramidase 3,0.87464,0.743,0.423
11115,55333,SYNJ2BP,synaptojanin 2 binding protein,0.51218,0.805,0.154
11129,55350,VNN3,vanin 3,0.0043252,0.821,0.269
11136,55359,STYK1,serine/threonine/tyrosine kinase 1,9.1009e-11,0.67,0.346
11142,55366,LGR4,leucine rich repeat containing G protein-coupled receptor 4,0.48705,0.617,0.808
11143,55367,PIDD1,p53-induced death domain protein 1,6.435e-17,0.76,0.231
11159,55466,DNAJA4,DnaJ heat shock protein family (Hsp40) member A4,0.0020027,0.89,0.077
11161,55486,PARL,presenilin associated rhomboid like,0.00019181,0.729,0.308
11165,55503,TRPV6,transient receptor potential cation channel subfamily V member 6,6.1719e-07,0.603,0.615
11167,55505,NOP10,NOP10 ribonucleoprotein,0.76943,0.631,0.654
11171,55509,BATF3,basic leucine zipper ATF-like transcription factor 3,0.03171,0.659,0.385
11178,55526,DHTKD1,dehydrogenase E1 and transketolase domain containing 1,2.7884e-30,0.711,0.385
11182,55532,SLC30A10,solute carrier family 30 member 10,0.97952,0.578,0.654
11183,55534,MAML3,mastermind like transcriptional coactivator 3,0.99984,0.653,0.577
11184,55536,CDCA7L,cell division cycle associated 7 like,0.00017861,0.686,0.615
11190,55553,SOX6,SRY-box transcription factor 6,0.99984,0.578,0.615
11193,55558,PLXNA3,plexin A3,0.054893,0.67,0.769
11198,55568,GALNT10,polypeptide N-acetylgalactosaminyltransferase 10,1.987e-05,0.839,0.231
11199,55572,FOXRED1,FAD dependent oxidoreductase domain containing 1,1.9872e-16,0.633,0.462
11202,55577,NAGK,N-acetylglucosamine kinase,4.5517e-09,0.931,0.154
11209,55589,BMP2K,BMP2 inducible kinase,0.21901,0.792,0.346
11210,55591,VEZT,"vezatin, adherens junctions transmembrane protein",0.11018,0.839,0.308
11212,55596,ZCCHC8,zinc finger CCHC-type containing 8,0.96584,0.78,0.269
11213,55599,RNPC3,"RNA binding region (RNP1, RRM) containing 3",0.00019596,0.608,0.731
11214,55600,ITLN1,intelectin 1,3.4119e-06,0.656,0.577
11215,55601,DDX60,DExD/H-box helicase 60,5.2091e-16,0.839,0.192
11217,55603,TENT5A,terminal nucleotidyltransferase 5A,0.92482,0.695,0.577
11219,55605,KIF21A,kinesin family member 21A,2.865e-08,0.653,0.423
11225,55612,FERMT1,fermitin family member 1,2.9163e-11,0.599,0.577
11231,55619,DOCK10,dedicator of cytokinesis 10,2.5524e-06,0.861,0.192
11233,55621,TRMT1,tRNA methyltransferase 1,1.8899e-12,0.821,0.269
11236,55624,POMGNT1,"protein O-linked mannose N-acetylglucosaminyltransferase 1 (beta 1,2-)",1.9454e-20,0.537,0.538
11242,55630,SLC39A4,solute carrier family 39 member 4,0.00031401,0.628,0.692
11247,55636,CHD7,chromodomain helicase DNA binding protein 7,1,0.441,0.846
11249,55640,FLVCR2,FLVCR heme transporter 2,3.4299e-06,0.736,0.346
11251,55644,OSGEP,O-sialoglycoprotein endopeptidase,7.0838e-08,0.626,0.615
11254,55650,PIGV,phosphatidylinositol glycan anchor biosynthesis class V,1.5131e-08,0.636,0.615
11255,55651,NHP2,NHP2 ribonucleoprotein,0.05011,0.623,0.654
11258,55654,TMEM127,transmembrane protein 127,0.012865,0.638,0.615
11265,55662,HIF1AN,hypoxia inducible factor 1 subunit alpha inhibitor,0.073885,0.656,0.462
11266,55663,ZNF446,zinc finger protein 446,5.6695e-08,,
11268,55665,URGCP,upregulator of cell proliferation,0.57799,0.674,0.385
11269,55666,NPLOC4,"NPL4 homolog, ubiquitin recognition factor",0.99998,0.743,0.385
11270,55668,GPATCH2L,G-patch domain containing 2 like,0.0028216,1,0.115
11272,55670,PEX26,peroxisomal biogenesis factor 26,0.93189,0.584,0.615
11273,55671,PPP4R3A,protein phosphatase 4 regulatory subunit 3A,0.99992,0.931,0.077
11277,55679,LIMS2,LIM zinc finger domain containing 2,5.0526e-05,0.751,0.308
11282,55686,MREG,melanoregulin,1.7187e-07,0.839,0.308
11283,55687,TRMU,tRNA 5-methylaminomethyl-2-thiouridylate methyltransferase,1.5307e-16,0.716,0.385
11285,55690,PACS1,phosphofurin acidic cluster sorting protein 1,0.99999,0.603,0.615
11286,55691,FRMD4A,FERM domain containing 4A,1,0.65,0.538
11287,55692,LUC7L,LUC7 like,0.46952,0.861,0.115
11290,55697,VAC14,VAC14 component of PIKFYVE complex,0.18554,0.588,0.731
11292,55699,IARS2,"isoleucyl-tRNA synthetase 2, mitochondrial",0.081336,0.59,0.654
11295,55703,POLR3B,RNA polymerase III subunit B,1.6812e-23,0.628,0.654
11296,55704,CCDC88A,coiled-coil domain containing 88A,1,0.61,0.615
11301,55711,FAR2,fatty acyl-CoA reductase 2,0.55963,0.805,0.308
11303,55714,TENM3,teneurin transmembrane protein 3,0.99955,0.599,0.692
11305,55717,WDR11,WD repeat domain 11,1.3704e-08,0.524,0.808
11315,55729,ATF7IP,activating transcription factor 7 interacting protein,0.99993,0.543,0.769
11316,55731,FAM222B,family with sequence similarity 222 member B,0.29182,,
11318,55733,HHAT,hedgehog acyltransferase,3.246e-08,0.608,0.577
11320,55735,DNAJC11,DnaJ heat shock protein family (Hsp40) member C11,0.99893,0.89,0.077
11321,55737,VPS35,VPS35 retromer complex component,0.96921,0.656,0.5
11322,55738,ARFGAP1,ADP ribosylation factor GTPase activating protein 1,0.0015429,0.839,0.154
11323,55739,NAXD,NAD(P)HX dehydratase,0.0069972,0.839,0.231
11326,55742,PARVA,parvin alpha,0.40854,0.769,0.154
11330,55746,NUP133,nucleoporin 133,9.2587e-05,0.678,0.577
11333,55750,AGK,acylglycerol kinase,5.9973e-09,0.65,0.654
11335,55752,SEPTIN11,septin 11,0.95924,0.7,0.346
11338,55755,CDK5RAP2,CDK5 regulatory subunit associated protein 2,4.6171e-23,0.682,0.577
11342,55759,WDR12,WD repeat domain 12,0.00032559,0.769,0.192
11345,55763,EXOC1,exocyst complex component 1,0.00069012,0.792,0.154
11346,55764,IFT122,intraflagellar transport 122,2.3816e-24,0.56,0.846
11347,55765,INAVA,innate immunity activator,0.00022109,0.743,0.346
11349,55768,NGLY1,N-glycanase 1,1.5117e-13,0.601,0.654
11352,55773,TBC1D23,TBC1 domain family member 23,1.782e-05,0.729,0.308
11353,55775,TDP1,tyrosyl-DNA phosphodiesterase 1,1.2652e-17,0.612,0.538
11354,55777,MBD5,methyl-CpG binding domain protein 5,1,0.581,0.808
11357,55780,ERMARD,ER membrane associated RNA degradation,5.7789e-16,0.647,0.538
11359,55783,CMTR2,cap methyltransferase 2,5.3475e-10,0.722,0.462
11360,55784,MCTP2,multiple C2 and transmembrane domain containing 2,6.03e-52,0.623,0.577
11364,55788,LMBRD1,LMBR1 domain containing 1,9.0253e-11,0.716,0.385
11370,55795,PCID2,PCI domain containing 2,5.2663e-13,0.931,0.077
11373,55799,CACNA2D3,calcium voltage-gated channel auxiliary subunit alpha2delta 3,0.57778,0.711,0.577
11374,55800,SCN3B,sodium voltage-gated channel beta subunit 3,0.05103,0.686,0.269
11377,55803,ADAP2,ArfGAP with dual PH domains 2,4.2394e-10,0.839,0.308
11379,55806,HR,HR lysine demethylase and nuclear receptor corepressor,7.438e-10,0.722,0.192
11380,55808,ST6GALNAC1,"ST6 N-acetylgalactosaminide alpha-2,6-sialyltransferase 1",1.3809e-11,0.682,0.346
11384,55812,SPATA7,spermatogenesis associated 7,5.1769e-13,0.656,0.385
11386,55814,BDP1,"B double prime 1, subunit of RNA polymerase III transcription initiation factor IIIB",1.3294e-21,0.89,0.154
11390,55819,RNF130,ring finger protein 130,0.00030327,0.839,0.192
11392,55823,VPS11,VPS11 core subunit of CORVET and HOPS complexes,1.8905e-05,0.633,0.654
11394,55825,PECR,peroxisomal trans-2-enoyl-CoA reductase,4.0029e-08,0.89,0.192
11397,55830,GLT8D1,glycosyltransferase 8 domain containing 1,1.1343e-08,0.711,0.462
11401,55835,CENPJ,centromere protein J,2.0603e-27,0.546,0.846
11403,55839,CENPN,centromere protein N,0.0044226,1,0.077
11404,55840,EAF2,ELL associated factor 2,2.2166e-07,0.695,0.538
11406,55843,ARHGAP15,Rho GTPase activating protein 15,1.372e-08,0.682,0.462
11407,55844,PPP2R2D,protein phosphatase 2 regulatory subunit Bdelta,0.91708,0.89,0.115
11417,55858,TMEM165,transmembrane protein 165,0.28339,0.711,0.385
11422,55863,TMEM126B,transmembrane protein 126B,0.00018551,0.716,0.385
11423,55867,SLC22A11,solute carrier family 22 member 11,1.2995e-07,0.839,0.154
11424,55869,HDAC8,histone deacetylase 8,0.97707,0.511,0.885
11425,55870,ASH1L,ASH1 like histone lysine methyltransferase,1,0.623,0.577
11428,55876,GSDMB,gasdermin B,3.3446e-07,0.67,0.5
11435,55892,MYNN,myoneurin,0.57129,0.722,0.423
11437,55894,DEFB103B,defensin beta 103B,,0.572,0.731
11443,55904,KMT2E,lysine methyltransferase 2E,1,0.682,0.423
11444,55905,RNF114,ring finger protein 114,0.052109,0.839,0.077
11445,55906,ZC4H2,zinc finger C4H2-type containing,0.90752,0.561,0.731
11447,55908,ANGPTL8,angiopoietin like 8,6.8776e-12,0.65,0.577
11458,55937,APOM,apolipoprotein M,0.00095567,0.59,0.769
11461,55958,KLHL9,kelch like family member 9,0.82017,0.839,0.154
11462,55959,SULF2,sulfatase 2,0.010585,0.603,0.615
11465,55967,NDUFA12,NADH:ubiquinone oxidoreductase subunit A12,7.427e-05,0.659,0.462
11473,55975,KLHL7,kelch like family member 7,4.559e-05,0.581,0.731
11474,55997,CFC1,"cripto, FRL-1, cryptic family 1",0.10509,0.588,0.577
11476,55999,NXF4,nuclear RNA export factor 4 pseudogene,,,
11482,56034,PDGFC,platelet derived growth factor C,0.99374,0.621,0.692
11483,56052,ALG1,ALG1 chitobiosyldiphosphodolichol beta-mannosyltransferase,3.622e-19,0.61,0.808
11501,56128,PCDHB8,protocadherin beta 8,1.3226e-06,1,0.038
11506,56136,PCDHA13,protocadherin alpha 13,2.4469e-14,0.931,0.077
11510,56140,PCDHA8,protocadherin alpha 8,1.2881e-18,0.931,0.077
11511,56141,PCDHA7,protocadherin alpha 7,4.98e-09,1,0.077
11515,56145,PCDHA3,protocadherin alpha 3,8.3984e-16,0.861,0.192
11516,56146,PCDHA2,protocadherin alpha 2,1.0354e-23,0.931,0.115
11517,56147,PCDHA1,protocadherin alpha 1,6.0001e-08,0.805,0.192
11519,56155,TEX14,"testis expressed 14, intercellular bridge forming factor",9.139e-36,0.78,0.231
11524,56164,STK31,serine/threonine kinase 31,0.006616,0.751,0.231
11527,56171,DNAH7,dynein axonemal heavy chain 7,1.3505e-71,0.769,0.346
11528,56172,ANKH,ANKH inorganic pyrophosphate transport regulator,0.27856,0.606,0.692
11531,56203,LMOD3,leiomodin 3,1.5519e-07,0.7,0.423
11535,56244,BTNL2,butyrophilin like 2,8.5607e-11,0.546,0.808
11537,56246,MRAP,melanocortin 2 receptor accessory protein,0.002081,0.674,0.5
11539,56253,CRTAM,cytotoxic and regulatory T cell molecule,8.0626e-09,0.89,0.231
11544,56262,LRRC8A,leucine rich repeat containing 8 VRAC subunit A,0.94398,0.644,0.692
11548,56270,WDR45B,WD repeat domain 45B,0.15624,0.76,0.269
11552,56288,PARD3,par-3 family cell polarity regulator,0.95577,0.608,0.615
11569,56547,MMP26,matrix metallopeptidase 26,5.3574e-11,0.65,0.615
11571,56603,CYP26B1,cytochrome P450 family 26 subfamily B member 1,0.97987,0.666,0.5
11574,56606,SLC2A9,solute carrier family 2 member 9,6.9451e-10,0.619,0.731
11576,56623,INPP5E,inositol polyphosphate-5-phosphatase E,0.0031048,0.561,0.615
11577,56624,ASAH2,N-acylsphingosine amidohydrolase 2,0.0042718,0.716,0.538
11583,56652,TWNK,twinkle mtDNA helicase,0.0032311,0.516,0.692
11600,56729,RETN,resistin,0.036545,0.454,0.808
11603,56776,FMN2,formin 2,0.99772,0.61,0.538
11607,56834,GPR137,G protein-coupled receptor 137,0.66798,0.686,0.231
11613,56882,CDC42SE1,CDC42 small effector 1,0.0035427,0.89,0.231
11614,56884,FSTL5,follistatin like 5,1.4042e-06,0.716,0.192
11618,56890,MDM1,Mdm1 nuclear protein,4.7231e-12,1,0.038
11627,56899,ANKS1B,ankyrin repeat and sterile alpha motif domain containing 1B,0.99998,0.686,0.423
11639,56916,SMARCAD1,"SWI/SNF-related, matrix-associated actin-dependent regulator of chromatin, subfamily a, containing DEAD/H box 1",1,0.656,0.423
11640,56918,C2orf83,chromosome 2 open reading frame 83,6.7173e-06,0.89,0.115
11643,56922,MCCC1,methylcrotonoyl-CoA carboxylase 1,4.0152e-12,0.7,0.308
11651,56934,CA10,carbonic anhydrase 10,0.56746,0.705,0.5
11652,56935,SMCO4,single-pass membrane protein with coiled-coil domains 4,0.00019629,,
11653,56937,PMEPA1,"prostate transmembrane protein, androgen induced 1",0.93577,0.633,0.462
11660,56945,MRPS22,mitochondrial ribosomal protein S22,1.4768e-05,0.638,0.5
11661,56946,EMSY,"EMSY transcriptional repressor, BRCA2 interacting",1,0.628,0.423
11662,56947,MFF,mitochondrial fission factor,0.065397,0.705,0.462
11664,56950,SMYD2,SET and MYND domain containing 2,2.4631e-06,0.628,0.538
11665,56952,PRTFDC1,phosphoribosyl transferase domain containing 1,2.3671e-13,0.805,0.385
11676,56975,FAM20C,FAM20C golgi associated secretory pathway kinase,0.31465,0.578,0.731
11677,56977,STOX2,storkhead box 2,0.48409,,
11678,56978,PRDM8,PR/SET domain 8,0.77626,0.678,0.462
11681,56981,PRDM11,PR/SET domain 11,0.97355,0.839,0.231
11682,56983,POGLUT1,protein O-glucosyltransferase 1,1.5575e-08,0.691,0.385
11688,56992,KIF15,kinesin family member 15,9.5235e-25,0.617,0.654
11689,56994,CHPT1,choline phosphotransferase 1,0.00024252,0.474,0.846
11692,56997,COQ8A,coenzyme Q8A,9.2856e-11,0.674,0.385
11697,57003,CCDC47,coiled-coil domain containing 47,6.1333e-08,0.678,0.462
11698,57007,ACKR3,atypical chemokine receptor 3,0.39134,0.428,0.885
11700,57010,CABP4,calcium binding protein 4,1.6786e-10,0.711,0.154
11701,57016,AKR1B10,aldo-keto reductase family 1 member B10,7.5723e-09,0.546,0.769
11707,57030,SLC17A7,solute carrier family 17 member 7,0.99988,0.636,0.308
11708,57035,RSRP1,arginine and serine rich protein 1,4.3086e-14,0.89,0.231
11717,57054,DAZ3,deleted in azoospermia 3,,0.821,0.154
11719,57057,TBX20,T-box transcription factor 20,0.97302,0.663,0.346
11721,57061,HYMAI,hydatidiform mole associated and imprinted,,0.67,0.538
11723,57082,KNL1,kinetochore scaffold 1,0.78348,0.644,0.615
11726,57088,PLSCR4,phospholipid scramblase 4,1.8979e-06,0.722,0.462
11729,57094,CPA6,carboxypeptidase A6,4.3984e-17,0.716,0.346
11731,57096,RPGRIP1,RPGR interacting protein 1,1.2632e-23,0.553,0.654
11735,57102,C12orf4,chromosome 12 open reading frame 4,1.0655e-05,0.691,0.308
11737,57104,PNPLA2,patatin like phospholipase domain containing 2,0.0041069,0.511,0.846
11738,57105,CYSLTR2,cysteinyl leukotriene receptor 2,9.9817e-05,0.633,0.538
11740,57107,PDSS2,decaprenyl diphosphate synthase subunit 2,4.3743e-08,0.626,0.577
11753,57122,NUP107,nucleoporin 107,2.5555e-09,0.595,0.5
11758,57128,LYRM4,LYR motif containing 4,0.19951,0.736,0.385
11763,57135,DAZ4,deleted in azoospermia 4,,0.861,0.154
11764,57136,APMAP,adipocyte plasma membrane associated protein,9.3261e-11,0.805,0.231
11765,57139,RGL3,ral guanine nucleotide dissociation stimulator like 3,9.9866e-32,,
11767,57142,RTN4,reticulon 4,0.45318,0.621,0.692
11769,57144,PAK5,p21 (RAC1) activated kinase 5,0.99977,0.631,0.462
11772,57148,RALGAPB,Ral GTPase activating protein non-catalytic subunit beta,1,0.659,0.577
11775,57152,SLURP1,secreted LY6/PLAUR domain containing 1,0.25934,0.56,0.654
11776,57153,SLC44A2,solute carrier family 44 member 2,0.00011917,0.743,0.462
11779,57157,PHTF2,putative homeodomain transcription factor 2,0.00017719,1,0.077
11780,57158,JPH2,junctophilin 2,4.5187e-05,0.736,0.154
11784,57165,GJC2,gap junction protein gamma 2,0.010438,0.593,0.692
11785,57167,SALL4,spalt like transcription factor 4,0.99997,0.489,0.769
11786,57169,ZNFX1,zinc finger NFX1-type containing 1,0.99983,0.78,0.192
11788,57172,CAMK1G,calcium/calmodulin dependent protein kinase IG,0.00039801,0.839,0.154
11789,57175,CORO1B,coronin 1B,4.5885e-05,0.89,0.115
11790,57176,VARS2,"valyl-tRNA synthetase 2, mitochondrial",5.8321e-17,0.666,0.577
11791,57178,ZMIZ1,zinc finger MIZ-type containing 1,0.99937,0.588,0.615
11798,57187,THOC2,THO complex 2,1,0.65,0.538
11799,57188,ADAMTSL3,ADAMTS like 3,1.3662e-19,0.729,0.346
11801,57190,SELENON,selenoprotein N,9.7863e-10,0.575,0.692
11803,57192,MCOLN1,mucolipin 1,0.00058027,0.601,0.654
11808,57210,SLC45A4,solute carrier family 45 member 4,0.00010424,,
11809,57211,ADGRG6,adhesion G protein-coupled receptor G6,6.6088e-05,0.666,0.385
11810,57212,TP73-AS1,TP73 antisense RNA 1,,0.599,0.577
11812,57214,CEMIP,cell migration inducing hyaluronidase 1,4.4023e-17,0.617,0.615
11817,57222,ERGIC1,endoplasmic reticulum-golgi intermediate compartment 1,0.64747,0.7,0.423
11820,57226,LYRM2,LYR motif containing 2,0.00025796,0.931,0.077
11822,57231,SNX14,sorting nexin 14,6.0711e-17,0.659,0.423
11828,57309,SPG14,spastic paraplegia 14 (autosomal recessive),,0.89,0.192
11833,57333,RCN3,reticulocalbin 3,3.8085e-11,0.839,0.077
11836,57338,JPH3,junctophilin 3,0.99855,0.608,0.538
11839,57369,GJD2,gap junction protein delta 2,0.19681,0.705,0.5
11840,57379,AICDA,activation induced cytidine deaminase,9.2098e-06,0.463,0.885
11842,57381,RHOJ,ras homolog family member J,0.0064012,0.686,0.308
11847,57405,SPC25,SPC25 component of NDC80 kinetochore complex,0.025506,0.729,0.346
11853,57412,AS3MT,arsenite methyltransferase,7.9768e-11,0.638,0.538
11859,57447,NDRG2,NDRG family member 2,2.2044e-05,0.518,0.692
11860,57448,BIRC6,baculoviral IAP repeat containing 6,1,0.604,0.577
11861,57449,PLEKHG5,pleckstrin homology and RhoGEF domain containing G5,3.3605e-06,0.674,0.385
11864,57453,DSCAML1,DS cell adhesion molecule like 1,1,0.839,0.346
11867,57459,GATAD2B,GATA zinc finger domain containing 2B,0.99998,0.593,0.654
11868,57460,PPM1H,"protein phosphatase, Mg2+/Mn2+ dependent 1H",0.79216,0.805,0.154
11869,57462,MYORG,myogenesis regulating glycosidase (putative),1.0871e-11,0.805,0.269
11872,57465,TBC1D24,TBC1 domain family member 24,1.2788e-08,0.53,0.808
11874,57468,SLC12A5,solute carrier family 12 member 5,1,0.57,0.654
11881,57476,GRAMD1B,GRAM domain containing 1B,0.99929,0.736,0.385
11882,57477,SHROOM4,shroom family member 4,0.99965,0.7,0.5
11883,57479,PRR12,proline rich 12,1,0.716,0.385
11884,57480,PLEKHG1,pleckstrin homology and RhoGEF domain containing G1,0.012728,0.89,0.115
11891,57491,AHRR,aryl-hydrocarbon receptor repressor,0.00018111,0.666,0.577
11892,57492,ARID1B,AT-rich interaction domain 1B,1,0.503,0.846
11898,57498,KIDINS220,kinase D interacting substrate 220,0.073562,0.534,0.769
11900,57502,NLGN4X,neuroligin 4 X-linked,0.99267,0.682,0.462
11902,57505,AARS2,"alanyl-tRNA synthetase 2, mitochondrial",4.9777e-17,0.644,0.5
11908,57511,COG6,component of oligomeric golgi complex 6,6.3567e-16,0.644,0.577
11911,57514,ARHGAP31,Rho GTPase activating protein 31,0.99999,0.581,0.615
11913,57519,STARD9,StAR related lipid transfer domain containing 9,1.0336e-38,0.839,0.115
11914,57520,HECW2,"HECT, C2 and WW domain containing E3 ubiquitin protein ligase 2",0.9997,0.705,0.423
11915,57521,RPTOR,regulatory associated protein of MTOR complex 1,1,0.628,0.692
11919,57526,PCDH19,protocadherin 19,0.99975,0.599,0.462
11922,57531,HACE1,HECT domain and ankyrin repeat containing E3 ubiquitin protein ligase 1,6.0798e-06,0.601,0.692
11925,57534,MIB1,mindbomb E3 ubiquitin protein ligase 1,3.3574e-88,0.438,0.769
11929,57538,ALPK3,alpha kinase 3,8.4158e-25,0.792,0.462
11930,57539,WDR35,WD repeat domain 35,1.0462e-22,0.525,0.692
11934,57544,TXNDC16,thioredoxin domain containing 16,9.949e-06,0.861,0.154
11935,57545,CC2D2A,coiled-coil and C2 domain containing 2A,1.6721e-27,0.532,0.692
11939,57551,TAOK1,TAO kinase 1,0.99787,0.792,0.269
11941,57553,MICAL3,"microtubule associated monooxygenase, calponin and LIM domain containing 3",0.99499,0.792,0.269
11943,57555,NLGN2,neuroligin 2,0.99974,0.722,0.269
11946,57559,STAMBPL1,STAM binding protein like 1,1.1971e-14,0.729,0.462
11947,57560,IFT80,intraflagellar transport 80,1.4059e-19,0.575,0.692
11955,57570,TRMT5,tRNA methyltransferase 5,0.049774,0.769,0.231
11957,57572,DOCK6,dedicator of cytokinesis 6,1.2563e-26,0.61,0.577
11959,57574,MARCHF4,membrane associated ring-CH-type finger 4,0.13283,1,0.038
11963,57580,PREX1,"phosphatidylinositol-3,4,5-trisphosphate dependent Rac exchange factor 1",1,0.644,0.615
11964,57582,KCNT1,potassium sodium-activated channel subfamily T member 1,2.7613e-05,0.61,0.308
11968,57586,SYT13,synaptotagmin 13,0.68807,0.805,0.192
11972,57591,MRTFA,myocardin related transcription factor A,0.99768,0.572,0.615
11975,57595,PDZD4,PDZ domain containing 4,0.84853,0.89,0.154
11976,57596,BEGAIN,brain enriched guanylate kinase associated,0.97002,0.821,0.115
11978,57599,WDR48,WD repeat domain 48,0.99985,0.628,0.615
11986,57610,RANBP10,RAN binding protein 10,0.96855,0.931,0.077
11994,57619,SHROOM3,shroom family member 3,0.31709,0.736,0.462
12000,57628,DPP10,dipeptidyl peptidase like 10,0.99999,0.695,0.577
12002,57633,LRRN1,leucine rich repeat neuronal 1,0.96996,0.805,0.231
12003,57634,EP400,E1A binding protein p400,1,0.751,0.385
12004,57636,ARHGAP23,Rho GTPase activating protein 23,0.99988,0.931,0.115
12008,57644,MYH7B,myosin heavy chain 7B,4.3419e-46,0.792,0.308
12015,57654,UVSSA,UV stimulated scaffold protein A,5.4127e-25,0.805,0.269
12019,57659,ZBTB4,zinc finger and BTB domain containing 4,0.99991,0.78,0.269
12020,57661,PHRF1,PHD and ring finger domains 1,0.056521,0.743,0.346
12026,57670,KIAA1549,KIAA1549,0.98607,0.615,0.346
12029,57678,GPAM,"glycerol-3-phosphate acyltransferase, mitochondrial",1.2373e-09,0.792,0.192
12030,57679,ALS2,alsin Rho guanine nucleotide exchange factor ALS2,8.7204e-12,0.647,0.423
12031,57680,CHD8,chromodomain helicase DNA binding protein 8,1,0.656,0.577
12032,57683,ZDBF2,zinc finger DBF-type containing 2,0.010294,0.89,0.154
12035,57688,ZSWIM6,zinc finger SWIM-type containing 6,1,0.626,0.577
12036,57689,LRRC4C,leucine rich repeat containing 4C,0.97233,0.792,0.192
12037,57690,TNRC6C,trinucleotide repeat containing adaptor 6C,1,0.821,0.231
12041,57697,FANCM,FA complementation group M,2.3536e-15,0.543,0.731
12042,57698,SHTN1,shootin 1,0.0386,0.839,0.192
12044,57700,FAM160B1,family with sequence similarity 160 member B1,0.99898,0.861,0.192
12046,57704,GBA2,glucosylceramidase beta 2,1.9892e-20,0.636,0.654
12047,57705,WDFY4,WDFY family member 4,0.34009,0.792,0.192
12049,57707,MEAK7,"MTOR associated protein, eak-7 homolog",9.7663e-18,0.931,0.154
12051,57709,SLC7A14,solute carrier family 7 member 14,0.022116,0.695,0.308
12055,57716,PRX,periaxin,2.1337e-14,0.65,0.577
12062,57724,EPG5,ectopic P-granules autophagy protein 5 homolog,1.3508e-13,0.623,0.769
12064,57728,WDR19,WD repeat domain 19,4.632e-11,0.554,0.769
12071,57761,TRIB3,tribbles pseudokinase 3,1.1597e-13,0.573,0.692
12075,57787,MARK4,microtubule affinity regulating kinase 4,0.99777,0.641,0.615
12076,57794,SUGP1,SURP and G-patch domain containing 1,0.99568,0.623,0.615
12082,57817,HAMP,hepcidin antimicrobial peptide,0.0081797,0.433,0.846
12083,57818,G6PC2,glucose-6-phosphatase catalytic subunit 2,2.9565e-16,0.751,0.231
12087,57822,GRHL3,grainyhead like transcription factor 3,0.99292,0.572,0.692
12107,58191,CXCL16,C-X-C motif chemokine ligand 16,3.4546e-05,0.502,0.769
12112,58477,SRPRB,SRP receptor subunit beta,0.0058306,0.839,0.115
12115,58484,NLRC4,NLR family CARD domain containing 4,9.8714e-12,0.556,0.769
12119,58489,ABHD17C,abhydrolase domain containing 17C,0.95762,1,0.077
12125,58495,OVOL2,ovo like zinc finger 2,0.70889,0.633,0.462
12127,58497,PRUNE1,prune exopolyphosphatase 1,0.0091474,0.678,0.308
12133,58505,OSTC,oligosaccharyltransferase complex non-catalytic subunit,0.018353,1,0.077
12135,58508,KMT2C,lysine methyltransferase 2C,1,0.558,0.692
12140,58513,EPS15L1,epidermal growth factor receptor pathway substrate 15 like 1,0.99964,0.743,0.385
12144,58524,DMRT3,doublesex and mab-3 related transcription factor 3,6.1531e-06,0.653,0.5
12148,58529,MYOZ1,myozenin 1,1.7902e-05,0.861,0.115
12152,58538,MPP4,membrane palmitoylated protein 4,3.418e-18,0.792,0.308
12155,59067,IL21,interleukin 21,0.6254,0.441,0.769
12158,59269,HIVEP3,HIVEP zinc finger 3,0.90584,0.722,0.462
12160,59272,ACE2,angiotensin I converting enzyme 2,0.99769,0.477,0.769
12171,59335,PRDM12,PR/SET domain 12,0.93018,0.839,0.231
12173,59338,PLEKHA1,pleckstrin homology domain containing A1,0.0002347,0.769,0.269
12175,59340,HRH4,histamine receptor H4,5.2213e-08,0.659,0.462
12176,59341,TRPV4,transient receptor potential cation channel subfamily V member 4,2.237e-16,0.457,0.808
12178,59343,SENP2,SUMO specific peptidase 2,0.98262,0.663,0.577
12179,59344,ALOXE3,arachidonate lipoxygenase 3,5.1284e-20,0.644,0.538
12185,59352,LGR6,leucine rich repeat containing G protein-coupled receptor 6,2.9439e-06,0.502,0.923
12186,60312,AFAP1,actin filament associated protein 1,2.3828e-07,0.653,0.538
12192,60386,SLC25A19,solute carrier family 25 member 19,0.64923,0.653,0.577
12193,60401,EDA2R,ectodysplasin A2 receptor,0.00054689,0.736,0.423
12194,60412,EXOC4,exocyst complex component 4,3.4137e-13,0.743,0.5
12198,60468,BACH2,BTB domain and CNC homolog 2,0.99803,0.539,0.731
12199,60481,ELOVL5,ELOVL fatty acid elongase 5,0.93341,0.638,0.462
12200,60482,SLC5A7,solute carrier family 5 member 7,0.015272,0.597,0.654
12203,60487,TRMT11,tRNA methyltransferase 11 homolog,3.9134e-12,0.729,0.269
12206,60490,PPCDC,phosphopantothenoylcysteine decarboxylase,0.00047853,0.861,0.192
12210,60495,HPSE2,heparanase 2 (inactive),0.00015083,0.588,0.692
12215,60506,NYX,nyctalopin,0.12961,0.678,0.192
12216,60509,AGBL5,ATP/GTP binding protein like 5,2.3696e-08,0.711,0.269
12218,60528,ELAC2,elaC ribonuclease Z 2,1.7245e-20,0.67,0.346
12219,60529,ALX4,ALX homeobox 4,0.35736,0.56,0.692
12230,60675,PROK2,prokineticin 2,0.013828,0.555,0.769
12235,60681,FKBP10,FKBP prolyl isomerase 10,2.3826e-06,0.606,0.538
12237,60684,TRAPPC11,trafficking protein particle complex 11,4.5628e-10,0.65,0.5
12241,63035,BCORL1,BCL6 corepressor like 1,0.99999,0.682,0.5
12242,63036,CELA2A,chymotrypsin like elastase 2A,1.9736e-16,0.839,0.192
12243,63826,SRR,serine racemase,0.0057964,0.617,0.692
12248,63876,PKNOX2,PBX/knotted 1 homeobox 2,0.99174,0.743,0.5
12249,63891,RNF123,ring finger protein 123,8.4689e-05,0.736,0.269
12250,63892,THADA,THADA armadillo repeat containing,4.6208e-41,0.686,0.5
12252,63894,VIPAS39,"VPS33B interacting protein, apical-basolateral polarity regulator, spe-39 homolog",7.2613e-10,0.705,0.5
12253,63895,PIEZO2,piezo type mechanosensitive ion channel component 2,8.0992e-07,0.529,0.769
12257,63901,FAM111A,family with sequence similarity 111 member A,0.002225,0.663,0.462
12261,63910,SLC17A9,solute carrier family 17 member 9,6.0979e-17,0.78,0.346
12263,63916,ELMO2,engulfment and cell motility 2,1.0384e-05,0.729,0.538
12266,63922,CHTF18,chromosome transmission fidelity factor 18,3.0747e-28,0.89,0.154
12268,63924,CIDEC,cell death inducing DFFA like effector c,0.0089662,0.666,0.462
12269,63925,ZNF335,zinc finger protein 335,6.8885e-07,0.711,0.462
12272,63929,XPNPEP3,X-prolyl aminopeptidase 3,1.8555e-08,0.769,0.269
12275,63932,CXorf56,chromosome X open reading frame 56,0.95204,0.705,0.385
12293,63976,PRDM16,PR/SET domain 16,0.99999,0.522,0.808
12296,63979,FIGNL1,fidgetin like 1,0.00012046,0.805,0.385
12297,63982,ANO3,anoctamin 3,1.2489e-17,0.716,0.385
12304,64065,PERP,p53 apoptosis effector related to PMP22,0.079462,0.663,0.577
12306,64067,NPAS3,neuronal PAS domain protein 3,0.99974,0.729,0.269
12308,64072,CDH23,cadherin related 23,3.1819e-06,0.539,0.769
12316,64087,MCCC2,methylcrotonoyl-CoA carboxylase 2,4.5134e-11,0.674,0.423
12321,64093,SMOC1,SPARC related modular calcium binding 1,0.0094673,0.565,0.846
12322,64094,SMOC2,SPARC related modular calcium binding 2,0.0025279,0.67,0.462
12336,64114,TMBIM1,transmembrane BAX inhibitor motif containing 1,1.3647e-08,0.711,0.154
12338,64116,SLC39A8,solute carrier family 39 member 8,0.66924,0.584,0.769
12342,64123,ADGRL4,adhesion G protein-coupled receptor L4,2.78e-11,0.76,0.192
12343,64127,NOD2,nucleotide binding oligomerization domain containing 2,1.9834e-30,0.423,0.923
12344,64129,TINAGL1,tubulointerstitial nephritis antigen like 1,0.00032933,0.659,0.538
12346,64131,XYLT1,xylosyltransferase 1,0.92418,0.581,0.731
12347,64132,XYLT2,xylosyltransferase 2,0.92576,0.566,0.808
12348,64135,IFIH1,interferon induced with helicase C domain 1,6.9819e-44,0.471,0.808
12352,64147,KIF9,kinesin family member 9,5.4841e-22,0.805,0.192
12355,64167,ERAP2,endoplasmic reticulum aminopeptidase 2,1.0028e-28,0.615,0.577
12357,64170,CARD9,caspase recruitment domain family member 9,8.1491e-13,0.566,0.654
12359,64175,P3H1,prolyl 3-hydroxylase 1,2.2869e-20,0.736,0.231
12362,64207,IRF2BPL,interferon regulatory factor 2 binding protein like,0.83623,0.631,0.462
12366,64215,DNAJC1,DnaJ heat shock protein family (Hsp40) member C1,1.3254e-08,0.821,0.154
12368,64218,SEMA4A,semaphorin 4A,1.8394e-05,0.569,0.692
12370,64220,STRA6,signaling receptor and transporter of retinol STRA6,1.5068e-10,0.597,0.731
12371,64221,ROBO3,roundabout guidance receptor 3,1.9977e-15,0.52,0.808
12376,64231,MS4A6A,membrane spanning 4-domains A6A,8.3775e-13,0.821,0.231
12379,64240,ABCG5,ATP binding cassette subfamily G member 5,3.081e-21,0.592,0.577
12380,64241,ABCG8,ATP binding cassette subfamily G member 8,2.3838e-20,0.573,0.538
12385,64288,ZSCAN31,zinc finger and SCAN domain containing 31,3.647e-08,0.76,0.346
12389,64321,SOX17,SRY-box transcription factor 17,0.88495,0.555,0.615
12390,64324,NSD1,nuclear receptor binding SET domain protein 1,1,0.505,0.769
12392,64327,LMBR1,limb development membrane protein 1,1.2575e-08,0.619,0.308
12394,64332,NFKBIZ,NFKB inhibitor zeta,0.99981,0.674,0.577
12399,64359,NXN,nucleoredoxin,0.99725,0.584,0.577
12400,64374,SIL1,SIL1 nucleotide exchange factor,0.012265,0.584,0.731
12401,64375,IKZF4,IKAROS family zinc finger 4,0.89759,0.861,0.192
12405,64388,GREM2,"gremlin 2, DAN family BMP antagonist",0.031824,0.722,0.5
12406,64393,ZMAT3,zinc finger matrin-type 3,0.00019034,0.751,0.269
12411,64399,HHIP,hedgehog interacting protein,0.95436,0.55,0.654
12417,64410,KLHL25,kelch like family member 25,1.5932e-15,0.89,0.077
12419,64412,GZF1,GDNF inducible zinc finger protein 1,0.0017798,0.76,0.231
12422,64419,MTMR14,myotubularin related protein 14,1.3607e-07,0.674,0.615
12423,64420,SUSD1,sushi domain containing 1,2.169e-13,1,0.077
12424,64421,DCLRE1C,DNA cross-link repair 1C,2.4874e-07,0.544,0.808
12426,64423,INF2,"inverted formin, FH2 and WH2 domain containing",0.97346,0.644,0.423
12434,64446,DNAI2,dynein axonemal intermediate chain 2,9.5317e-13,0.666,0.5
12435,64478,CSMD1,CUB and Sushi multiple domains 1,1,0.61,0.5
12441,64581,CLEC7A,C-type lectin domain containing 7A,5.5087e-12,0.553,0.769
12452,64651,CSRNP1,cysteine and serine rich nuclear protein 1,0.34269,0.805,0.269
12458,64699,TMPRSS3,transmembrane serine protease 3,6.0739e-11,0.65,0.538
12469,64747,MFSD1,major facilitator superfamily domain containing 1,3.3314e-17,0.89,0.077
12473,64754,SMYD3,SET and MYND domain containing 3,1.4438e-07,0.633,0.462
12476,64757,MTARC1,mitochondrial amidoxime reducing component 1,4.5163e-08,0.821,0.192
12477,64759,TNS3,tensin 3,1,0.653,0.615
12478,64761,PARP12,poly(ADP-ribose) polymerase family member 12,9.2524e-08,0.821,0.269
12485,64770,CCDC14,coiled-coil domain containing 14,7.7963e-15,1,0.077
12486,64771,ILRUN,inflammation and lipid regulator with UBA-like and NBR1-like domains,0.85127,0.705,0.385
12491,64780,MICAL1,"microtubule associated monooxygenase, calponin and LIM domain containing 1",3.3837e-22,0.736,0.308
12494,64783,RBM15,RNA binding motif protein 15,0.99474,0.736,0.154
12495,64784,CRTC3,CREB regulated transcription coactivator 3,0.86585,0.705,0.269
12498,64788,LMF1,lipase maturation factor 1,5.1419e-16,0.769,0.231
12506,64802,NMNAT1,nicotinamide nucleotide adenylyltransferase 1,0.035353,0.656,0.269
12507,64805,P2RY12,purinergic receptor P2Y12,0.0016859,0.533,0.731
12509,64816,CYP3A43,cytochrome P450 family 3 subfamily A member 43,1.7165e-11,0.821,0.154
12511,64837,KLC2,kinesin light chain 2,0.97506,0.736,0.346
12512,64838,FNDC4,fibronectin type III domain containing 4,0.88104,0.821,0.192
12514,64840,PORCN,porcupine O-acyltransferase,0.99953,0.545,0.692
12521,64850,ETNPPL,ethanolamine-phosphate phospho-lyase,7.5088e-05,0.78,0.192
12528,64857,PLEKHG2,pleckstrin homology and RhoGEF domain containing G2,1.3557e-09,0.705,0.423
12530,64859,NABP1,nucleic acid binding protein 1,3.2763e-05,0.711,0.423
12533,64866,CDCP1,CUB domain containing protein 1,0.0001002,0.604,0.654
12540,64919,BCL11B,BAF chromatin remodeling complex subunit BCL11B,0.98881,0.568,0.731
12557,65005,MRPL9,mitochondrial ribosomal protein L9,0.00015633,0.861,0.077
12561,65018,PINK1,PTEN induced kinase 1,1.8749e-10,0.516,0.769
12562,65055,REEP1,receptor accessory protein 1,0.98632,0.653,0.423
12563,65057,ACD,ACD shelterin complex subunit and telomerase recruitment factor,1.1148e-12,0.603,0.731
12564,65059,RAPH1,Ras association (RalGDS/AF-6) and pleckstrin homology domains 1,0.99985,0.593,0.654
12566,65062,TMEM237,transmembrane protein 237,1.8704e-12,0.612,0.538
12567,65065,NBEAL1,neurobeachin like 1,5.1093e-33,0.638,0.692
12569,65078,RTN4R,reticulon 4 receptor,0.95882,0.595,0.692
12570,65080,MRPL44,mitochondrial ribosomal protein L44,2.0628e-09,0.805,0.308
12571,65082,VPS33A,VPS33A core subunit of CORVET and HOPS complexes,0.18206,0.695,0.538
12573,65084,TMEM135,transmembrane protein 135,0.7786,0.751,0.346
12577,65109,UPF3B,UPF3B regulator of nonsense mediated mRNA decay,0.98497,0.619,0.615
12581,65125,WNK1,WNK lysine deficient protein kinase 1,1,0.416,0.846
12583,65217,PCDH15,protocadherin related 15,8.0283e-25,0.601,0.577
12589,65250,CPLANE1,ciliogenesis and planar polarity effector 1,5.8778e-36,0.575,0.692
12591,65258,MPPE1,metallophosphoesterase 1,1.2197e-09,0.736,0.346
12593,65263,PYCR3,pyrroline-5-carboxylate reductase 3,2.338e-05,,
12594,65264,UBE2Z,ubiquitin conjugating enzyme E2 Z,0.93838,0.601,0.654
12596,65266,WNK4,WNK lysine deficient protein kinase 4,6.8806e-25,0.644,0.538
12597,65267,WNK3,WNK lysine deficient protein kinase 3,0.99999,0.751,0.346
12599,65975,STK33,serine/threonine kinase 33,2.1656e-06,0.666,0.346
12602,65980,BRD9,bromodomain containing 9,0.015373,0.729,0.308
12610,65991,FUNDC2,FUN14 domain containing 2,0.059823,0.76,0.385
12611,65992,DDRGK1,DDRGK domain containing 1,3.0689e-07,0.736,0.269
12612,65993,MRPS34,mitochondrial ribosomal protein S34,0.0026375,0.722,0.346
12615,65998,C11orf95,chromosome 11 open reading frame 95,,0.78,0.115
12628,78989,COLEC11,collectin subfamily member 11,0.017539,0.641,0.654
12629,78990,OTUB2,"OTU deubiquitinase, ubiquitin aldehyde binding 2",4.5366e-11,0.861,0.192
12639,79001,VKORC1,vitamin K epoxide reductase complex subunit 1,0.16163,0.603,0.731
12644,79007,DBNDD1,dysbindin domain containing 1,6.35e-05,1,0.038
12647,79012,CAMKV,CaM kinase like vesicle associated,0.99696,0.931,0.077
12651,79018,GID4,GID complex subunit 4 homolog,0.92062,1,0.038
12654,79026,AHNAK,AHNAK nucleoprotein,0.89827,0.623,0.615
12664,79042,TSEN34,tRNA splicing endonuclease subunit 34,0.3613,0.722,0.346
12666,79048,SECISBP2,SECIS binding protein 2,2.1874e-18,0.792,0.269
12668,79053,ALG8,"ALG8 alpha-1,3-glucosyltransferase",1.1804e-08,0.659,0.577
12669,79054,TRPM8,transient receptor potential cation channel subfamily M member 8,4.5964e-29,0.553,0.808
12674,79068,FTO,FTO alpha-ketoglutarate dependent dioxygenase,8.364e-08,0.486,0.885
12685,79083,MLPH,melanophilin,4.383e-10,0.743,0.423
12688,79087,ALG12,"ALG12 alpha-1,6-mannosyltransferase",1.1758e-07,0.705,0.5
12693,79096,C11orf49,chromosome 11 open reading frame 49,2.2431e-11,0.931,0.077
12697,79101,TAF1D,"TATA-box binding protein associated factor, RNA polymerase I subunit D",8.4009e-06,0.821,0.115
12699,79104,MEG8,"maternally expressed 8, small nucleolar RNA host gene",,0.76,0.192
12700,79109,MAPKAP1,MAPK associated protein 1,0.99991,0.61,0.731
12702,79133,NDUFAF5,NADH:ubiquinone oxidoreductase complex assembly factor 5,3.1138e-10,0.674,0.462
12706,79139,DERL1,derlin 1,0.00021136,0.576,0.654
12707,79140,CCDC28B,coiled-coil domain containing 28B,3.2253e-09,0.659,0.538
12709,79143,MBOAT7,membrane bound O-acyltransferase domain containing 7,0.113,0.612,0.5
12712,79147,FKRP,fukutin related protein,9.8362e-06,0.513,0.731
12716,79152,FA2H,fatty acid 2-hydroxylase,0.14678,0.573,0.654
12717,79153,GDPD3,glycerophosphodiester phosphodiesterase domain containing 3,1.6968e-15,1,0.077
12722,79158,GNPTAB,N-acetylglucosamine-1-phosphate transferase subunits alpha and beta,7.6824e-19,0.592,0.731
12727,79172,CENPO,centromere protein O,1.8941e-09,0.805,0.269
12733,79184,BRCC3,BRCA1/BRCA2-containing complex subunit 3,0.0063932,0.686,0.5
12735,79188,TMEM43,transmembrane protein 43,1.1608e-12,0.653,0.462
12739,79228,THOC6,THO complex 6,0.00047835,0.705,0.577
12740,79258,MMEL1,membrane metalloendopeptidase like 1,1.2441e-22,0.606,0.692
12748,79365,BHLHE41,basic helix-loop-helix family member e41,0.99212,0.623,0.577
12749,79366,HMGN5,high mobility group nucleosome binding domain 5,0.30957,0.65,0.423
12752,79370,BCL2L14,BCL2 like 14,3.3304e-05,0.78,0.192
12756,79415,CYBC1,cytochrome b-245 chaperone 1,0.0006032,0.736,0.462
12770,79571,GCC1,GRIP and coiled-coil domain containing 1,1.4478e-06,0.769,0.192
12773,79574,EPS8L3,EPS8 like 3,9.2378e-14,0.78,0.231
12775,79576,NKAP,NFKB activating protein,0.99735,0.76,0.269
12776,79577,CDC73,cell division cycle 73,0.99995,0.543,0.615
12777,79581,SLC52A2,solute carrier family 52 member 2,0.0024777,0.483,0.808
12779,79583,TMEM231,transmembrane protein 231,3.1399e-07,0.554,0.692
12782,79587,CARS2,"cysteinyl-tRNA synthetase 2, mitochondrial",9.5929e-08,0.7,0.423
12783,79589,RNF128,ring finger protein 128,0.22826,0.769,0.385
12785,79591,ARMH3,armadillo like helical domain containing 3,6.2765e-06,0.931,0.077
12790,79600,TCTN1,tectonic family member 1,1.0708e-15,0.597,0.615
12791,79602,ADIPOR2,adiponectin receptor 2,0.36218,0.564,0.731
12797,79613,TANGO6,transport and golgi organization 6 homolog,6.3244e-14,0.89,0.077
12799,79621,RNASEH2B,ribonuclease H2 subunit B,3.2569e-09,0.595,0.615
12806,79628,SH3TC2,SH3 domain and tetratricopeptide repeats 2,8.3409e-16,0.666,0.385
12808,79631,EFL1,elongation factor like GTPase 1,5.1247e-08,0.638,0.577
12810,79633,FAT4,FAT atypical cadherin 4,1,0.539,0.808
12813,79641,ROGDI,rogdi atypical leucine zipper,2.5516e-09,0.663,0.462
12816,79644,SRD5A3,steroid 5 alpha-reductase 3,0.00024941,0.604,0.692
12818,79648,MCPH1,microcephalin 1,7.76e-30,0.54,0.846
12820,79650,USB1,U6 snRNA biogenesis phosphodiesterase 1,0.000687,0.636,0.577
12821,79651,RHBDF2,rhomboid 5 homolog 2,0.0011919,0.595,0.538
12825,79658,ARHGAP10,Rho GTPase activating protein 10,1.3092e-17,0.76,0.269
12826,79659,DYNC2H1,dynein cytoplasmic 2 heavy chain 1,1.1366e-44,0.555,0.731
12830,79664,ICE2,interactor of little elongation complex ELL subunit 2,1.3236e-13,0.89,0.077
12841,79677,SMC6,structural maintenance of chromosomes 6,2.659e-06,0.931,0.077
12849,79690,GAL3ST4,galactose-3-O-sulfotransferase 4,2.2251e-12,0.89,0.154
12852,79694,MANEA,mannosidase endo-alpha,0.00052273,0.729,0.385
12856,79698,ZMAT4,zinc finger matrin-type 4,0.075538,0.78,0.192
12860,79705,LRRK1,leucine rich repeat kinase 1,4.5228e-10,0.78,0.115
12862,79709,COLGALT1,collagen beta(1-O)galactosyltransferase 1,5.9074e-08,0.76,0.346
12869,79717,PPCS,phosphopantothenoylcysteine synthetase,0.0080389,0.792,0.308
12870,79718,TBL1XR1,TBL1X receptor 1,0.99995,0.534,0.808
12871,79719,AAGAB,alpha and gamma adaptin binding protein,3.8664e-07,0.695,0.538
12873,79722,ANKRD55,ankyrin repeat domain 55,6.7577e-08,0.65,0.462
12877,79727,LIN28A,lin-28 homolog A,0.019369,0.523,0.731
12878,79728,PALB2,partner and localizer of BRCA2,3.0379e-19,0.485,0.769
12881,79731,NARS2,"asparaginyl-tRNA synthetase 2, mitochondrial",7.1092e-08,0.65,0.577
12883,79734,KCTD17,potassium channel tetramerization domain containing 17,0.017683,0.743,0.308
12885,79738,BBS10,Bardet-Biedl syndrome 10,1.7467e-12,0.644,0.538
12896,79751,SLC25A22,solute carrier family 25 member 22,0.0066081,0.595,0.577
12898,79753,SNIP1,Smad nuclear interacting protein 1,0.42167,0.682,0.462
12904,79763,ISOC2,isochorismatase domain containing 2,1.297e-05,0.931,0.038
12905,79767,ELMO3,engulfment and cell motility 3,6.6894e-16,0.743,0.192
12906,79770,TXNDC15,thioredoxin domain containing 15,0.0096478,0.736,0.615
12910,79777,ACBD4,acyl-CoA binding domain containing 4,1.0857e-06,1,0.077
12914,79783,SUGCT,succinyl-CoA:glutarate-CoA transferase,2.8168e-09,0.686,0.385
12917,79789,CLMN,calmin,1.5344e-08,0.839,0.154
12921,79796,ALG9,"ALG9 alpha-1,2-mannosyltransferase",0.00064044,0.644,0.654
12922,79797,ZNF408,zinc finger protein 408,1.1792e-06,0.678,0.269
12923,79798,ARMC5,armadillo repeat containing 5,0.1075,0.67,0.5
12931,79807,GSTCD,glutathione S-transferase C-terminal domain containing,1.4216e-07,0.839,0.231
12932,79809,TTC21B,tetratricopeptide repeat domain 21B,2.704e-26,0.619,0.654
12934,79811,SLTM,SAFB like transcription modulator,0.99785,0.78,0.231
12936,79813,EHMT1,euchromatic histone lysine methyltransferase 1,1,0.46,0.808
12944,79823,CAMKMT,calmodulin-lysine N-methyltransferase,1.3806e-15,0.51,0.808
12958,79840,NHEJ1,non-homologous end joining factor 1,0.0041944,0.705,0.385
12964,79846,CFAP69,cilia and flagella associated protein 69,7.3323e-08,0.931,0.038
12966,79848,CSPP1,centrosome and spindle pole associated protein 1,3.26e-29,0.544,0.769
12969,79852,EPHX3,epoxide hydrolase 3,1.6489e-15,0.839,0.115
12970,79853,TM4SF20,transmembrane 4 L six family member 20,0.0001862,0.931,0.038
12979,79867,TCTN2,tectonic family member 2,1.8379e-14,0.578,0.654
12980,79868,ALG13,ALG13 UDP-N-acetylglucosaminyltransferase subunit,0.99998,0.631,0.577
12986,79874,RABEP2,"rabaptin, RAB GTPase binding effector protein 2",0.0011388,0.682,0.654
12987,79875,THSD4,thrombospondin type 1 domain containing 4,4.8082e-07,0.78,0.269
12988,79876,UBA5,ubiquitin like modifier activating enzyme 5,0.00025218,0.582,0.731
12990,79882,ZC3H14,zinc finger CCCH-type containing 14,0.88291,0.691,0.308
13000,79893,GGNBP2,gametogenetin binding protein 2,1,0.7,0.423
13004,79899,PRR5L,proline rich 5 like,0.065457,0.736,0.346
13011,79912,PYROXD1,pyridine nucleotide-disulphide oxidoreductase domain 1,6.2976e-09,0.769,0.269
13013,79915,ATAD5,ATPase family AAA domain containing 5,1,0.711,0.385
13019,79924,ADM2,adrenomedullin 2,0.020009,0.711,0.462
13024,79932,KIAA0319L,KIAA0319 like,0.0012186,0.711,0.423
13025,79933,SYNPO2L,synaptopodin 2 like,2.7515e-10,0.89,0.115
13026,79934,COQ8B,coenzyme Q8B,2.8159e-13,0.722,0.423
13031,79944,L2HGDH,L-2-hydroxyglutarate dehydrogenase,4.2231e-05,0.653,0.462
13032,79947,DHDDS,dehydrodolichyl diphosphate synthase subunit,0.24533,0.468,0.885
13034,79949,PLEKHS1,pleckstrin homology domain containing S1,2.1435e-22,,
13037,79955,PDZD7,PDZ domain containing 7,7.6433e-10,0.659,0.385
13042,79961,DENND2D,DENN domain containing 2D,0.00081369,0.736,0.154
13049,79974,CPED1,cadherin like and PC-esterase domain containing 1,1.8689e-24,0.769,0.5
13058,79991,STN1,STN1 subunit of CST complex,2.295e-10,0.604,0.769
13060,80000,GREB1L,GREB1 like retinoic acid receptor coactivator,1,0.686,0.423
13063,80005,DOCK5,dedicator of cytokinesis 5,2.8994e-09,0.792,0.231
13071,80018,NAA25,"N-alpha-acetyltransferase 25, NatB auxiliary subunit",1,0.603,0.692
13075,80025,PANK2,pantothenate kinase 2,7.4034e-07,0.559,0.808
13077,80031,SEMA6D,semaphorin 6D,0.93948,0.7,0.385
13078,80034,CSRNP3,cysteine and serine rich nuclear protein 3,0.50018,0.805,0.192
13079,80036,TRPM3,transient receptor potential cation channel subfamily M member 3,5.6853e-07,0.663,0.769
13082,80055,PGAP1,post-GPI attachment to proteins inositol deacylase 1,3.1628e-08,0.65,0.423
13085,80067,DCAF17,DDB1 and CUL4 associated factor 17,3.74e-07,0.653,0.577
13091,80095,ZNF606,zinc finger protein 606,0.41765,0.792,0.192
13093,80114,BICC1,BicC family RNA binding protein 1,0.83685,0.636,0.577
13097,80122,MAP3K19,mitogen-activated protein kinase kinase kinase 19,1.7574e-22,0.78,0.269
13099,80125,CCDC33,coiled-coil domain containing 33,4.9566e-20,0.839,0.269
13100,80127,BBOF1,basal body orientation factor 1,1.0672e-16,0.89,0.192
13102,80129,CCDC170,coiled-coil domain containing 170,8.6099e-24,0.751,0.308
13108,80144,FRAS1,Fraser extracellular matrix complex subunit 1,3.0802e-45,0.56,0.577
13109,80145,THOC7,THO complex 7,0.0060818,1,0.038
13115,80153,EDC3,enhancer of mRNA decapping 3,0.026011,0.682,0.308
13116,80155,NAA15,"N-alpha-acetyltransferase 15, NatA auxiliary subunit",0.99578,0.7,0.423
13120,80169,CTC1,CST telomere replication complex component 1,1.6015e-11,0.601,0.538
13123,80176,SPSB1,splA/ryanodine receptor domain and SOCS box containing 1,0.51982,0.722,0.577
13128,80184,CEP290,centrosomal protein 290,1.0549e-60,0.517,0.769
13129,80185,TTI2,TELO2 interacting protein 2,3.6074e-07,0.736,0.346
13134,80199,FUZ,fuzzy planar cell polarity protein,1.2613e-05,0.597,0.731
13136,80204,FBXO11,F-box protein 11,1,0.604,0.692
13139,80207,OPA3,outer mitochondrial membrane lipid metabolism regulator OPA3,0.5657,0.653,0.385
13140,80208,SPG11,"SPG11 vesicle trafficking associated, spatacsin",1.6013e-39,0.576,0.538
13143,80212,CCDC92,coiled-coil domain containing 92,0.29985,0.839,0.154
13153,80224,NUBPL,nucleotide binding protein like,1.0705e-05,0.67,0.423
13157,80232,WDR26,WD repeat domain 26,1,0.606,0.769
13162,80254,CEP63,centrosomal protein 63,6.2444e-25,0.666,0.5
13166,80262,C16orf70,chromosome 16 open reading frame 70,0.98056,0.931,0.038
13171,80271,ITPKC,inositol-trisphosphate 3-kinase C,0.15241,0.78,0.346
13177,80304,WDCP,WD repeat and coiled coil containing,0.0010242,0.89,0.115
13181,80308,FLAD1,flavin adenine dinucleotide synthetase 1,0.0093637,0.638,0.692
13182,80309,SPHKAP,"SPHK1 interactor, AKAP domain containing",0.93594,0.695,0.462
13183,80310,PDGFD,platelet derived growth factor D,0.0017145,0.579,0.538
13184,80311,KLHL15,kelch like family member 15,0.99422,0.805,0.192
13189,80317,ZKSCAN3,zinc finger with KRAB and SCAN domains 3,1.9697e-11,0.736,0.462
13195,80324,PUS1,pseudouridine synthase 1,0.0016656,0.695,0.462
13197,80326,WNT10A,Wnt family member 10A,4.1667e-09,0.547,0.731
13200,80331,DNAJC5,DnaJ heat shock protein family (Hsp40) member C5,0.81216,0.653,0.5
13205,80339,PNPLA3,patatin like phospholipase domain containing 3,5.7409e-08,0.556,0.692
13211,80347,COASY,Coenzyme A synthase,8.0903e-10,0.551,0.654
13218,80700,UBXN6,UBX domain protein 6,5.4834e-06,0.931,0.154
13219,80704,SLC19A3,solute carrier family 19 member 3,0.1039,0.61,0.692
13220,80705,TSGA10,testis specific 10,0.10999,0.674,0.385
13223,80714,PBX4,PBX homeobox 4,5.2605e-05,0.839,0.231
13230,80731,THSD7B,thrombospondin type 1 domain containing 7B,2.6474e-19,0.89,0.154
13232,80737,VWA7,von Willebrand factor A domain containing 7,2.3119e-11,0.839,0.308
13241,80762,NDFIP1,Nedd4 family interacting protein 1,0.97747,0.716,0.462
13246,80774,LIMD2,LIM domain containing 2,0.16402,0.705,0.308
13248,80776,B9D2,B9 domain containing 2,5.2557e-05,0.606,0.577
13251,80781,COL18A1,collagen type XVIII alpha 1 chain,1.7414e-10,0.449,0.808
13253,80790,CMIP,c-Maf inducing protein,0.99999,0.682,0.577
13254,80816,ASXL3,ASXL transcriptional regulator 3,1,0.59,0.577
13257,80821,DDHD1,DDHD domain containing 1,0.902,0.716,0.423
13270,80856,LNPK,"lunapark, ER junction formation factor",0.00062151,0.716,0.346
13271,80862,ZNRD1ASP,"zinc ribbon domain containing 1 antisense, pseudogene",,0.691,0.538
13275,80895,ILKAP,ILK associated serine/threonine phosphatase,0.98116,0.821,0.115
13279,81027,TUBB1,tubulin beta 1 class VI,1.0217e-07,0.78,0.385
13282,81031,SLC2A10,solute carrier family 2 member 10,1.5672e-08,0.55,0.615
13286,81037,CLPTM1L,CLPTM1 like,4.3885e-05,0.551,0.654
13303,81494,CFHR5,complement factor H related 5,2.1117e-32,0.659,0.385
13304,81501,DCSTAMP,dendrocyte expressed seven transmembrane protein,1.8609e-06,0.722,0.346
13309,81539,SLC38A1,solute carrier family 38 member 1,0.93067,0.615,0.769
13313,81545,FBXO38,F-box protein 38,0.99879,0.792,0.115
13322,81558,FAM117A,family with sequence similarity 117 member A,5.9668e-05,,
13324,81562,LMAN2L,"lectin, mannose binding 2 like",1.9629e-11,0.641,0.385
13325,81563,C1orf21,chromosome 1 open reading frame 21,0.89204,0.89,0.154
13326,81565,NDEL1,nudE neurodevelopment protein 1 like 1,0.98351,0.666,0.462
13329,81570,CLPB,caseinolytic mitochondrial matrix peptidase chaperone subunit B,0.00049945,0.631,0.654
13330,81572,PDRG1,p53 and DNA damage regulated 1,0.00025916,0.76,0.231
13334,81578,COL21A1,collagen type XXI alpha 1 chain,5.2336e-24,0.861,0.154
13337,81603,TRIM8,tripartite motif containing 8,0.99438,0.588,0.731
13340,81607,NECTIN4,nectin cell adhesion molecule 4,0.8353,0.599,0.538
13341,81608,FIP1L1,factor interacting with PAPOLA and CPSF1,0.7889,0.575,0.577
13348,81617,CAB39L,calcium binding protein 39 like,6.3887e-05,0.769,0.192
13351,81620,CDT1,chromatin licensing and DNA replication factor 1,2.5825e-10,0.597,0.731
13355,81624,DIAPH3,diaphanous related formin 3,1.9877e-15,0.656,0.462
13360,81671,VMP1,vacuole membrane protein 1,0.96271,0.674,0.462
13361,81689,ISCA1,iron-sulfur cluster assembly 1,0.17085,0.792,0.231
13362,81693,AMN,amnion associated transmembrane protein,0.00026529,0.678,0.577
13364,81696,OR5V1,olfactory receptor family 5 subfamily V member 1,0.013153,0.769,0.385
13366,81704,DOCK8,dedicator of cytokinesis 8,1.487e-11,0.578,0.731
13367,81706,PPP1R14C,protein phosphatase 1 regulatory inhibitor subunit 14C,0.002032,0.861,0.115
13370,81790,RNF170,ring finger protein 170,0.51091,0.861,0.231
13372,81793,TLR10,toll like receptor 10,3.4787e-09,0.592,0.654
13373,81794,ADAMTS10,ADAM metallopeptidase with thrombospondin type 1 motif 10,0.84288,0.641,0.5
13375,81797,OR12D3,olfactory receptor family 12 subfamily D member 3,0.0078534,0.743,0.385
13376,81831,NETO2,neuropilin and tolloid like 2,0.062704,0.78,0.192
13379,81839,VANGL1,VANGL planar cell polarity protein 1,0.020285,0.57,0.538
13381,81846,SBF2,SET binding factor 2,6.3771e-10,0.619,0.577
13383,81848,SPRY4,sprouty RTK signaling antagonist 4,0.0004821,0.553,0.769
13384,81849,ST6GALNAC5,"ST6 N-acetylgalactosaminide alpha-2,6-sialyltransferase 5",0.16967,0.729,0.346
13390,81857,MED25,mediator complex subunit 25,8.4174e-07,0.582,0.654
13396,81887,LAS1L,LAS1 like ribosome biogenesis factor,0.99955,0.682,0.654
13407,83394,PITPNM3,PITPNM family member 3,0.99992,0.705,0.385
13409,83416,FCRL5,Fc receptor like 5,4.6105e-17,0.722,0.462
13410,83417,FCRL4,Fc receptor like 4,7.9109e-10,0.67,0.5
13417,83450,DRC3,dynein regulatory complex subunit 3,2.5027e-09,1,0.038
13419,83452,RAB33B,"RAB33B, member RAS oncogene family",0.67523,0.821,0.192
13423,83464,APH1B,"aph-1 homolog B, gamma-secretase subunit",2.8377e-11,0.821,0.231
13425,83473,KATNAL2,katanin catalytic subunit A1 like 2,1.1784e-06,0.89,0.038
13428,83479,DDX59,DEAD-box helicase 59,5.8502e-07,0.65,0.423
13429,83480,PUS3,pseudouridine synthase 3,1.4003e-08,0.78,0.346
13432,83483,PLVAP,plasmalemma vesicle associated protein,2.3021e-06,0.695,0.538
13433,83538,TTC25,tetratricopeptide repeat domain 25,,0.674,0.538
13434,83539,CHST9,carbohydrate sulfotransferase 9,6.9512e-09,0.729,0.308
13438,83544,DNAL1,dynein axonemal light chain 1,0.0088801,0.682,0.5
13439,83546,RTBDN,retbindin,3.0152e-10,0.839,0.038
13443,83550,GPR101,G protein-coupled receptor 101,0.70375,0.631,0.538
13444,83552,MFRP,membrane frizzled-related protein,1.3093e-15,0.621,0.538
13450,83597,RTP3,receptor transporter protein 3,0.20085,0.861,0.115
13453,83605,CCM2,CCM2 scaffold protein,0.0092809,0.636,0.385
13456,83636,C19orf12,chromosome 19 open reading frame 12,0.34416,0.641,0.615
13471,83660,TLN2,talin 2,0.99231,0.76,0.231
13480,83696,TRAPPC9,trafficking protein particle complex 9,2.2898e-14,0.603,0.577
13484,83700,JAM3,junctional adhesion molecule 3,0.0006158,0.619,0.654
13485,83706,FERMT3,fermitin family member 3,0.00026014,0.638,0.538
13487,83715,ESPN,espin,2.8667e-09,0.7,0.385
13488,83716,CRISPLD2,cysteine rich secretory protein LCCL domain containing 2,7.8157e-09,0.585,0.769
13495,83737,ITCH,itchy E3 ubiquitin protein ligase,0.99997,0.556,0.769
13496,83741,TFAP2D,transcription factor AP-2 delta,0.99199,0.89,0.115
13502,83756,TAS1R3,taste 1 receptor member 3,6.7868e-25,0.792,0.346
13509,83851,SYT16,synaptotagmin 16,2.0162e-06,,
13512,83854,ANGPTL6,angiopoietin like 6,2.3705e-08,0.656,0.462
13515,83857,TMTC1,transmembrane O-mannosyltransferase targeting cadherins 1,1.329e-09,0.743,0.269
13518,83861,RSPH3,radial spoke head 3,9.8725e-08,0.682,0.5
13529,83878,USHBP1,USH1 protein network component harmonin binding protein 1,2.9968e-17,0.705,0.269
13530,83879,CDCA7,cell division cycle associated 7,0.010816,0.626,0.654
13537,83890,SPATA9,spermatogenesis associated 9,3.4805e-05,0.931,0.115
13541,83894,TTC29,tetratricopeptide repeat domain 29,1.3375e-08,,
13544,83932,SPRTN,SprT-like N-terminal domain,0.97354,0.691,0.5
13547,83938,LRMDA,leucine rich melanocyte differentiation associated,0.0002589,0.659,0.577
13549,83940,TATDN1,TatD DNase domain containing 1,6.4923e-16,0.839,0.192
13556,83959,SLC4A11,solute carrier family 4 member 11,4.6435e-15,0.674,0.385
13559,83986,FAM234A,family with sequence similarity 234 member A,1.459e-12,1,0.077
13560,83987,CCDC8,coiled-coil domain containing 8,0.25395,0.599,0.692
13563,83990,BRIP1,BRCA1 interacting protein C-terminal helicase 1,6.206e-17,0.507,0.731
13565,83998,REG4,regenerating family member 4,0.00075276,0.615,0.385
13574,84059,ADGRV1,adhesion G protein-coupled receptor V1,3.1737e-39,0.572,0.731
13577,84062,DTNBP1,dystrobrevin binding protein 1,6.8375e-06,0.588,0.615
13582,84068,SLC10A7,solute carrier family 10 member 7,1.9761e-05,0.711,0.269
13585,84071,ARMC2,armadillo repeat containing 2,2.4785e-09,0.805,0.115
13593,84079,ANKRD27,ankyrin repeat domain 27,3.8647e-31,0.861,0.269
13598,84085,FBXO30,F-box protein 30,0.35835,1,0.077
13599,84100,ARL6,ADP ribosylation factor like GTPase 6,0.01013,0.636,0.462
13609,84126,ATRIP,ATR interacting protein,1.9918e-05,0.666,0.692
13612,84131,CEP78,centrosomal protein 78,6.1656e-12,0.686,0.346
13614,84133,ZNRF3,zinc and ring finger 3,0.98884,0.691,0.385
13618,84140,FAM161A,FAM161 centrosomal protein A,5.1034e-13,0.691,0.308
13620,84142,ABRAXAS1,"abraxas 1, BRCA1 A complex subunit",5.0739e-07,0.76,0.269
13623,84152,PPP1R1B,protein phosphatase 1 regulatory inhibitor subunit 1B,0.24098,0.617,0.5
13624,84153,RNASEH2C,ribonuclease H2 subunit C,0.0054985,0.59,0.731
13626,84159,ARID5B,AT-rich interaction domain 5B,1,0.638,0.5
13627,84162,KIAA1109,KIAA1109,3.2559e-21,0.603,0.654
13631,84168,ANTXR1,ANTXR cell adhesion molecule 1,0.98631,0.584,0.731
13632,84171,LOXL4,lysyl oxidase like 4,9.1912e-20,0.65,0.423
13637,84181,CHD6,chromodomain helicase DNA binding protein 6,1,0.78,0.346
13641,84188,FAR1,fatty acyl-CoA reductase 1,0.98504,0.751,0.423
13642,84189,SLITRK6,SLIT and NTRK like family member 6,5.6989e-14,0.76,0.269
13646,84196,USP48,ubiquitin specific peptidase 48,1,0.743,0.308
13647,84197,POMK,protein O-mannose kinase,1.9487e-08,0.59,0.5
13651,84216,TMEM117,transmembrane protein 117,2.9608e-06,0.821,0.077
13652,84221,SPATC1L,spermatogenesis and centriole associated 1 like,1.7055e-08,0.792,0.154
13655,84225,ZMYND15,zinc finger MYND-type containing 15,5.2919e-12,0.861,0.038
13658,84231,TRAF7,TNF receptor associated factor 7,0.021819,0.623,0.423
13664,84243,ZDHHC18,zinc finger DHHC-type palmitoyltransferase 18,0.0024011,0.861,0.154
13670,84251,SGIP1,SH3GL interacting endocytic adaptor 1,0.99997,0.89,0.154
13673,84255,SLC37A3,solute carrier family 37 member 3,1.124e-13,1,0.077
13679,84263,HSDL2,hydroxysteroid dehydrogenase like 2,5.1377e-05,0.711,0.346
13701,84286,TMEM175,transmembrane protein 175,3.0549e-09,0.861,0.154
13703,84288,EFCAB2,EF-hand calcium binding domain 2,5.9198e-07,0.792,0.115
13704,84289,ING5,inhibitor of growth family member 5,0.61851,0.617,0.462
13707,84293,PRXL2A,peroxiredoxin like 2A,1.9627e-10,0.861,0.154
13708,84294,UTP23,UTP23 small subunit processome component,0.086364,0.711,0.385
13709,84295,PHF6,PHD finger protein 6,0.99784,0.581,0.692
13718,84310,C7orf50,chromosome 7 open reading frame 50,3.4242e-06,1,0.077
13721,84314,TMEM107,transmembrane protein 107,3.0521e-08,0.592,0.692
13724,84317,CCDC115,coiled-coil domain containing 115,1.2061e-07,0.743,0.308
13726,84319,CMSS1,cms1 ribosomal small subunit homolog,0.0011173,0.839,0.269
13727,84320,ACBD6,acyl-CoA binding domain containing 6,2.2569e-06,0.89,0.269
13735,84334,COA8,cytochrome c oxidase assembly factor 8,0.00020615,0.682,0.538
13739,84342,COG8,component of oligomeric golgi complex 8,2.9725e-09,0.653,0.5
13741,84364,ARFGAP2,ADP ribosylation factor GTPase activating protein 2,0.0048866,0.89,0.115
13744,84376,HOOK3,hook microtubule tethering protein 3,1,0.78,0.308
13745,84417,ECRG4,ECRG4 augurin precursor,0.00040522,0.7,0.346
13749,84433,CARD11,caspase recruitment domain family member 11,0.99995,0.582,0.615
13753,84441,MAML2,mastermind like transcriptional coactivator 2,0.99987,0.592,0.577
13756,84446,BRSK1,BR serine/threonine kinase 1,0.99982,0.722,0.462
13763,84456,L3MBTL3,L3MBTL histone methyl-lysine binding protein 3,0.99744,0.7,0.423
13768,84464,SLX4,SLX4 structure-specific endonuclease subunit,1.5676e-22,0.565,0.731
13770,84466,MEGF10,multiple EGF like domains 10,0.3904,0.682,0.462
13775,84504,NKX6-2,NK6 homeobox 2,0.028854,0.695,0.5
13777,84515,MCM8,minichromosome maintenance 8 homologous recombination repair factor,1.0536e-16,0.678,0.385
13781,84519,ACRBP,acrosin binding protein,2.6954e-10,0.705,0.308
13783,84522,JAGN1,jagunal homolog 1,0.0074462,0.839,0.115
13788,84529,C15orf41,chromosome 15 open reading frame 41,3.2889e-07,0.805,0.115
13789,84530,SRRM4,serine/arginine repetitive matrix 4,0.46456,0.736,0.231
13796,84547,PGBD1,piggyBac transposable element derived 1,4.7252e-10,0.821,0.269
13805,84570,COL25A1,collagen type XXV alpha 1 chain,1.6393e-18,0.599,0.538
13806,84572,GNPTG,N-acetylglucosamine-1-phosphate transferase subunit gamma,4.6332e-09,0.705,0.423
13808,84617,TUBB6,tubulin beta 6 class V,0.00016645,0.686,0.462
13810,84619,ZGPAT,zinc finger CCCH-type and G-patch domain containing,0.00038328,0.653,0.654
13812,84623,KIRREL3,kirre like nephrin family adhesion molecule 3,0.96992,0.821,0.269
13815,84627,ZNF469,zinc finger protein 469,0.71866,0.584,0.769
13817,84629,TNRC18,trinucleotide repeat containing 18,0.99093,,
13820,84632,AFAP1L2,actin filament associated protein 1 like 2,0.0021581,0.682,0.231
13821,84634,KISS1R,KISS1 receptor,0.43649,0.515,0.769
13831,84651,SPINK7,serine peptidase inhibitor Kazal type 7,0.078398,0.722,0.308
13832,84654,SPZ1,spermatogenic leucine zipper 1,,0.507,0.769
13838,84661,DPY30,dpy-30 histone methyltransferase complex regulatory subunit,0.17695,0.7,0.462
13839,84662,GLIS2,GLIS family zinc finger 2,0.85834,0.608,0.462
13840,84665,MYPN,myopalladin,2.611e-06,0.612,0.615
13842,84667,HES7,hes family bHLH transcription factor 7,0.827,0.647,0.538
13843,84668,FAM126A,family with sequence similarity 126 member A,0.12103,0.682,0.423
13847,84676,TRIM63,tripartite motif containing 63,4.3041e-13,0.617,0.538
13849,84678,KDM2B,lysine demethylase 2B,1,0.592,0.692
13850,84679,SLC9A7,solute carrier family 9 member A7,0.99352,0.695,0.577
13857,84690,SPATA22,spermatogenesis associated 22,0.00042457,0.839,0.231
13863,84696,ABHD1,abhydrolase domain containing 1,3.3799e-25,1,0.077
13865,84699,CREB3L3,cAMP responsive element binding protein 3 like 3,8.0596e-14,0.792,0.192
13866,84700,MYO18B,myosin XVIIIB,1.0329e-31,0.628,0.615
13867,84701,COX4I2,cytochrome c oxidase subunit 4I2,0.00013995,0.716,0.5
13869,84706,GPT2,glutamic--pyruvic transaminase 2,0.00034046,0.65,0.577
13873,84717,HDGFL2,HDGF like 2,0.77498,0.722,0.269
13874,84720,PIGO,phosphatidylinositol glycan anchor biosynthesis class O,6.1434e-11,0.636,0.615
13875,84722,PSRC1,proline and serine rich coiled-coil 1,8.556e-09,0.76,0.269
13877,84727,SPSB2,splA/ryanodine receptor domain and SOCS box containing 2,0.02137,0.76,0.192
13878,84733,CBX2,chromobox 2,0.99503,0.674,0.269
13880,84735,CNDP1,carnosine dipeptidase 1,1.1834e-09,0.656,0.538
13885,84752,B3GNT9,"UDP-GlcNAc:betaGal beta-1,3-N-acetylglucosaminyltransferase 9",1.7363e-05,1,0.115
13887,84765,ZNF577,zinc finger protein 577,4.2594e-05,0.861,0.192
13888,84766,CRACR2A,calcium release activated channel regulator 2A,7.4288e-12,0.792,0.231
13889,84769,MPV17L2,MPV17 mitochondrial inner membrane protein like 2,6.4336e-07,1,0.077
13892,84787,KMT5C,lysine methyltransferase 5C,0.54685,0.792,0.269
13893,84790,TUBA1C,tubulin alpha 1c,0.0074331,0.663,0.577
13904,84816,RTN4IP1,reticulon 4 interacting protein 1,3.1428e-06,0.792,0.154
13906,84818,IL17RC,interleukin 17 receptor C,2.3004e-14,0.633,0.615
13908,84823,LMNB2,lamin B2,0.99996,0.636,0.615
13929,84868,HAVCR2,hepatitis A virus cellular receptor 2,0.03866,0.45,0.808
13931,84870,RSPO3,R-spondin 3,0.089252,0.653,0.423
13932,84871,AGBL4,ATP/GTP binding protein like 4,2.4767e-06,0.76,0.231
13934,84873,ADGRG7,adhesion G protein-coupled receptor G7,8.0386e-18,0.821,0.346
13936,84876,ORAI1,ORAI calcium release-activated calcium modulator 1,1.9068e-05,0.52,0.808
13944,84890,ADO,2-aminoethanethiol dioxygenase,0.48027,0.67,0.538
13946,84892,POMGNT2,"protein O-linked mannose N-acetylglucosaminyltransferase 2 (beta 1,4-)",5.5559e-06,0.628,0.5
13948,84894,LINGO1,leucine rich repeat and Ig domain containing 1,0.99413,0.682,0.385
13950,84896,ATAD1,ATPase family AAA domain containing 1,0.0013367,0.545,0.692
13960,84909,AOPEP,aminopeptidase O (putative),4.9823e-15,0.729,0.423
13964,84913,ATOH8,atonal bHLH transcription factor 8,0.91391,0.711,0.346
13968,84919,PPP1R15B,protein phosphatase 1 regulatory subunit 15B,0.15053,0.722,0.462
13987,84942,WDR73,WD repeat domain 73,2.8229e-09,0.61,0.5
13989,84947,SERAC1,serine active site containing 1,3.9339e-06,0.686,0.385
13998,84961,FBXL20,F-box and leucine rich repeat protein 20,0.99691,0.839,0.192
14002,84969,TOX2,TOX high mobility group box family member 2,0.031987,0.736,0.154
14007,84978,FRMD5,FERM domain containing 5,0.99724,0.805,0.192
14008,84981,MIR22HG,MIR22 host gene,,0.659,0.423
14010,84984,CEP19,centrosomal protein 19,0.015687,0.729,0.346
14013,84987,COX14,cytochrome c oxidase assembly factor COX14,0.3573,0.705,0.577
14016,84992,PIGY,phosphatidylinositol glycan anchor biosynthesis class Y,0.09724,0.628,0.577
14019,85004,RERG,RAS like estrogen regulated growth inhibitor,1.2001e-05,0.821,0.308
14020,85007,PHYKPL,5-phosphohydroxy-L-lysine phospho-lyase,4.7744e-14,0.89,0.192
14022,85015,USP45,ubiquitin specific peptidase 45,1.363e-17,0.792,0.154
14023,85016,CFAP300,cilia and flagella associated protein 300,2.0691e-06,0.682,0.5
14024,85019,TMEM241,transmembrane protein 241,8.471e-07,0.861,0.192
14025,85021,REPS1,RALBP1 associated Eps domain containing 1,0.98506,0.769,0.269
14026,85025,TMEM60,transmembrane protein 60,0.75498,0.821,0.115
14033,85301,COL27A1,collagen type XXVII alpha 1 chain,0.5864,0.78,0.269
14044,85349,KRT87P,keratin 87 pseudogene,,,
14046,85358,SHANK3,SH3 and multiple ankyrin repeat domains 3,1,0.55,0.731
14049,85363,TRIM5,tripartite motif containing 5,5.9675e-05,0.7,0.385
14051,85365,ALG2,"ALG2 alpha-1,3/1,6-mannosyltransferase",8.0497e-05,0.67,0.423
14052,85366,MYLK2,myosin light chain kinase 2,0.23336,0.705,0.269
14054,85377,MICALL1,MICAL like 1,1.1968e-07,1,0.077
14055,85378,TUBGCP6,tubulin gamma complex associated protein 6,2.5559e-31,0.695,0.308
14063,85407,NKD1,NKD inhibitor of WNT signaling pathway 1,0.99344,0.621,0.385
14064,85409,NKD2,NKD inhibitor of WNT signaling pathway 2,1.5159e-12,0.729,0.192
14065,85413,SLC22A16,solute carrier family 22 member 16,6.3118e-27,0.626,0.5
14067,85415,RHPN2,rhophilin Rho GTPase binding protein 2,1.0678e-07,0.711,0.192
14069,85417,CCNB3,cyclin B3,0.8585,0.705,0.154
14073,85440,DOCK7,dedicator of cytokinesis 7,6.358e-06,0.682,0.423
14076,85444,LRRCC1,leucine rich repeat and coiled-coil centrosomal protein 1,7.2293e-21,0.722,0.577
14077,85445,CNTNAP4,contactin associated protein family member 4,7.7552e-07,0.839,0.192
14086,85458,DIXDC1,DIX domain containing 1,7.3213e-11,0.647,0.385
14087,85460,ZNF518B,zinc finger protein 518B,0.0022867,0.861,0.192
14088,85461,TANC1,"tetratricopeptide repeat, ankyrin repeat and coiled-coil containing 1",2.1625e-05,0.736,0.115
14092,85465,SELENOI,selenoprotein I,0.64206,0.769,0.385
14094,85476,GFM1,G elongation factor mitochondrial 1,9.278e-13,0.623,0.692
14095,85477,SCIN,scinderin,1.718e-36,0.67,0.346
14096,85478,CCDC65,coiled-coil domain containing 65,5.7685e-11,0.674,0.5
14098,85480,TSLP,thymic stromal lymphopoietin,0.0040357,0.486,0.808
14109,87178,PNPT1,polyribonucleotide nucleotidyltransferase 1,0.00040072,0.653,0.462
14113,89765,RSPH1,radial spoke head component 1,2.054e-06,0.666,0.5
14117,89780,WNT3A,Wnt family member 3A,0.96491,0.532,0.769
14118,89781,HPS4,HPS4 biogenesis of lysosomal organelles complex 3 subunit 2,0.00013778,0.743,0.385
14121,89792,GAL3ST3,galactose-3-O-sulfotransferase 3,1.9296e-08,,
14122,89795,NAV3,neuron navigator 3,1,0.653,0.615
14123,89796,NAV1,neuron navigator 1,1,0.821,0.154
14124,89797,NAV2,neuron navigator 2,0.99995,0.722,0.385
14127,89832,CHRFAM7A,CHRNA7 (exons 5-10) and FAM7A (exons A-E) fusion,0.00023228,0.659,0.385
14129,89845,ABCC10,ATP binding cassette subfamily C member 10,1.2887e-26,0.682,0.385
14142,89884,LHX4,LIM homeobox 4,0.017521,0.621,0.462
14146,89891,WDR34,WD repeat domain 34,1.7342e-07,0.597,0.692
14148,89910,UBE3B,ubiquitin protein ligase E3B,4.1871e-08,0.59,0.692
14153,89953,KLC4,kinesin light chain 4,0.0011939,0.743,0.308
14155,89970,RSPRY1,ring finger and SPRY domain containing 1,0.99981,0.705,0.385
14161,90025,UBE3D,ubiquitin protein ligase E3D,5.9771e-07,0.839,0.115
14164,90102,PHLDB2,pleckstrin homology like domain family B member 2,1.6748e-08,0.769,0.385
14166,90121,TSR2,TSR2 ribosome maturation factor,0.80082,0.743,0.5
14167,90134,KCNH7,potassium voltage-gated channel subfamily H member 7,0.28183,0.729,0.346
14170,90161,HS6ST2,heparan sulfate 6-O-sulfotransferase 2,0.0010077,0.729,0.423
14171,90167,FRMD7,FERM domain containing 7,0.72983,0.682,0.462
14174,90226,UCN2,urocortin 2,0.037947,0.633,0.577
14185,90332,EXOC3L2,exocyst complex component 3 like 2,0.76039,0.722,0.5
14189,90355,MACIR,macrophage immunometabolism regulator,0.42746,0.691,0.462
14193,90381,TICRR,TOPBP1 interacting checkpoint and replication regulator,7.2142e-14,0.769,0.423
14199,90423,ATP6V1E2,ATPase H+ transporting V1 subunit E2,0.0029486,0.89,0.038
14202,90459,ERI1,exoribonuclease 1,1.1866e-05,0.89,0.192
14214,90624,LYRM7,LYR motif containing 7,0.022082,0.716,0.346
14216,90627,STARD13,StAR related lipid transfer domain containing 13,2.3524e-08,0.641,0.538
14223,90678,LRSAM1,leucine rich repeat and sterile alpha motif containing 1,3.1008e-13,0.638,0.5
14239,90865,IL33,interleukin 33,8.2925e-10,0.409,0.885
14246,90993,CREB3L1,cAMP responsive element binding protein 3 like 1,0.98488,0.601,0.615
14249,91039,DPP9,dipeptidyl peptidase 9,0.98708,0.659,0.577
14257,91137,SLC25A46,solute carrier family 25 member 46,1.3077e-05,0.695,0.308
14258,91147,TMEM67,transmembrane protein 67,2.0654e-24,0.512,0.769
14261,91179,SCARF2,scavenger receptor class F member 2,0.9998,0.691,0.423
14262,91181,NUP210L,nucleoporin 210 like,0.0003199,,
14263,91252,SLC39A13,solute carrier family 39 member 13,0.0025092,0.666,0.538
14269,91316,GUSBP11,GUSB pseudogene 11,,0.821,0.115
14277,91404,SESTD1,SEC14 and spectrin domain containing 1,0.99802,0.821,0.231
14286,91523,PCED1B,PC-esterase domain containing 1B,,0.931,0.077
14288,91543,RSAD2,radical S-adenosyl methionine domain containing 2,9.4432e-15,0.641,0.577
14290,91574,C12orf65,chromosome 12 open reading frame 65,0.20896,0.678,0.346
14292,91584,PLXNA4,plexin A4,0.99999,0.792,0.231
14298,91624,NEXN,nexilin F-actin binding protein,3.9115e-11,0.695,0.269
14300,91647,ATPAF2,ATP synthase mitochondrial F1 complex assembly factor 2,2.2116e-09,0.729,0.423
14301,91653,BOC,"BOC cell adhesion associated, oncogene regulated",1.7426e-07,0.666,0.423
14302,91661,ZNF765,zinc finger protein 765,8.6566e-06,0.821,0.115
14314,91749,MFSD4B,major facilitator superfamily domain containing 4B,8.298e-06,0.805,0.269
14316,91752,ZNF804A,zinc finger protein 804A,0.0055255,0.647,0.654
14317,91754,NEK9,NIMA related kinase 9,8.2095e-18,0.623,0.5
14318,91768,CABLES1,Cdk5 and Abl enzyme substrate 1,0.0054966,0.7,0.385
14319,91801,ALKBH8,"alkB homolog 8, tRNA methyltransferase",0.00020414,0.716,0.423
14321,91828,EXOC3L4,exocyst complex component 3 like 4,5.2374e-09,0.931,0.154
14323,91851,CHRDL1,chordin like 1,0.2164,0.659,0.538
14325,91869,RFT1,RFT1 homolog,3.7445e-13,0.7,0.5
14328,91942,NDUFAF2,NADH:ubiquinone oxidoreductase complex assembly factor 2,2.078e-06,0.641,0.577
14331,91949,COG7,component of oligomeric golgi complex 7,2.5926e-07,0.686,0.5
14335,92002,CCNQ,cyclin Q,0.90384,0.663,0.462
14337,92017,SNX29,sorting nexin 29,2.6167e-10,0.805,0.115
14339,92086,GGTLC1,gamma-glutamyltransferase light chain 1,3.3367e-05,0.559,0.731
14344,92140,MTDH,metadherin,0.32924,0.491,0.769
14345,92154,MTSS2,MTSS I-BAR domain containing 2,0.97998,0.839,0.231
14349,92211,CDHR1,cadherin related family member 1,2.8422e-21,0.67,0.308
14363,92335,STRADA,STE20 related adaptor alpha,4.4847e-06,0.711,0.462
14365,92344,GORAB,"golgin, RAB6 interacting",6.6537e-06,0.647,0.538
14372,92421,CHMP4C,charged multivesicular body protein 4C,2.9916e-07,0.769,0.192
14373,92482,BBIP1,BBSome interacting protein 1,0.004174,0.695,0.423
14376,92521,SPECC1,sperm antigen with calponin homology and coiled-coil domains 1,0.00086772,0.659,0.577
14379,92579,G6PC3,glucose-6-phosphatase catalytic subunit 3,4.7177e-06,0.606,0.731
14382,92597,MOB1B,MOB kinase activator 1B,0.035037,0.931,0.038
14383,92609,TIMM50,translocase of inner mitochondrial membrane 50,0.0017835,0.678,0.5
14386,92667,MGME1,mitochondrial genome maintenance exonuclease 1,0.001847,0.695,0.423
14396,92749,DRC1,dynein regulatory complex subunit 1,8.3157e-20,0.641,0.654
14397,92797,HELB,DNA helicase B,9.5899e-26,0.861,0.192
14401,92822,ZNF276,zinc finger protein 276,7.8951e-06,0.861,0.192
14402,92840,REEP6,receptor accessory protein 6,1.6861e-05,0.67,0.385
14405,92912,UBE2Q2,ubiquitin conjugating enzyme E2 Q2,8.744e-08,0.729,0.5
14407,92935,MARS2,"methionyl-tRNA synthetase 2, mitochondrial",5.4482e-05,0.682,0.538
14408,92949,ADAMTSL1,ADAMTS like 1,3.1241e-12,0.682,0.654
14415,93082,NEURL3,neuralized E3 ubiquitin protein ligase 3,,0.861,0.192
14422,93145,OLFM2,olfactomedin 2,0.080225,0.78,0.231
14425,93183,PIGM,phosphatidylinositol glycan anchor biosynthesis class M,5.3861e-05,0.695,0.346
14427,93210,PGAP3,post-GPI attachment to proteins phospholipase 3,0.00194,0.628,0.731
14428,93233,CCDC114,coiled-coil domain containing 114,6.6333e-09,0.674,0.5
14436,93436,ARMC6,armadillo repeat containing 6,1.8352e-10,,
14443,93589,CACNA2D4,calcium voltage-gated channel auxiliary subunit alpha2delta 4,1.4894e-34,0.716,0.269
14448,93627,TBCK,TBC1 domain containing kinase,2.0935e-15,0.65,0.654
14450,93649,MYOCD,myocardin,0.33364,0.619,0.615
14451,93650,ACP4,acid phosphatase 4,8.621e-15,0.805,0.269
14455,93659,CGB5,chorionic gonadotropin subunit beta 5,0.025362,0.579,0.654
14457,93664,CADPS2,calcium dependent secretion activator 2,0.36785,0.716,0.231
14461,93974,ATP5IF1,ATP synthase inhibitory factor subunit 1,0.00010367,0.769,0.346
14466,93986,FOXP2,forkhead box P2,0.99994,0.544,0.808
14468,94005,PIGS,phosphatidylinositol glycan anchor biosynthesis class S,1.8127e-05,0.705,0.346
14473,94025,MUC16,"mucin 16, cell surface associated",8.2703e-112,0.479,0.808
14474,94026,POM121L2,POM121 transmembrane nucleoporin like 2,0.32747,0.861,0.192
14479,94039,ZNF101,zinc finger protein 101,0.77153,1,0.077
14484,94103,ORMDL3,ORMDL sphingolipid biosynthesis regulator 3,0.78329,0.666,0.423
14492,94137,RP1L1,RP1 like 1,1.8205e-10,0.78,0.154
14496,94233,OPN4,opsin 4,9.0073e-13,0.579,0.769
14501,94241,TP53INP1,tumor protein p53 inducible nuclear protein 1,0.00046552,0.595,0.654
14504,95681,CEP41,centrosomal protein 41,3.5915e-06,0.636,0.5
14511,112398,EGLN2,egl-9 family hypoxia inducible factor 2,0.72166,0.604,0.731
14512,112399,EGLN3,egl-9 family hypoxia inducible factor 3,0.0094753,0.575,0.654
14515,112476,PRRT2,proline rich transmembrane protein 2,0.57919,0.448,0.808
14517,112483,SAT2,spermidine/spermine N1-acetyltransferase family member 2,2.7832e-06,0.686,0.462
14522,112714,TUBA3E,tubulin alpha 3e,2.0308e-08,0.861,0.115
14523,112724,RDH13,retinol dehydrogenase 13,6.0402e-14,0.821,0.115
14524,112744,IL17F,interleukin 17F,0.039165,0.48,0.808
14525,112752,IFT43,intraflagellar transport 43,1.8153e-11,0.617,0.577
14526,112755,STX1B,syntaxin 1B,0.98766,0.65,0.308
14528,112812,FDX2,ferredoxin 2,0.001652,0.78,0.346
14529,112817,HOGA1,4-hydroxy-2-oxoglutarate aldolase 1,1.5812e-14,0.792,0.192
14531,112858,TP53RK,TP53 regulating kinase,0.00077469,0.659,0.615
14532,112869,SGF29,SAGA complex associated factor 29,0.002139,0.792,0.269
14536,112939,NACC1,nucleus accumbens associated 1,0.99763,0.61,0.577
14549,113189,CHST14,carbohydrate sulfotransferase 14,0.44727,0.638,0.654
14552,113235,SLC46A1,solute carrier family 46 member 1,0.021858,0.606,0.731
14553,113246,C12orf57,chromosome 12 open reading frame 57,5.2408e-05,0.641,0.5
14554,113251,LARP4,La ribonucleoprotein 4,0.86884,0.78,0.192
14557,113278,SLC52A3,solute carrier family 52 member 3,0.019348,0.61,0.654
14562,113510,HELQ,"helicase, POLQ like",6.4877e-12,0.729,0.308
14564,113612,CYP2U1,cytochrome P450 family 2 subfamily U member 1,0.0014201,0.722,0.462
14574,113835,ZNF257,zinc finger protein 257,0.018857,0.931,0.154
14575,113878,DTX2,deltex E3 ubiquitin ligase 2,0.028903,0.792,0.077
14576,114034,TOE1,"target of EGR1, exonuclease",6.0443e-16,0.682,0.462
14588,114134,SLC2A13,solute carrier family 2 member 13,0.83307,0.78,0.269
14590,114294,LACTB,lactamase beta,1.975e-06,0.839,0.192
14591,114327,EFHC1,EF-hand domain containing 1,1.8959e-17,0.659,0.231
14595,114548,NLRP3,NLR family pyrin domain containing 3,0.00081103,0.361,0.962
14599,114609,TIRAP,TIR domain containing adaptor protein,0.00076118,0.604,0.769
14604,114769,CARD16,caspase recruitment domain family member 16,0.38275,0.695,0.615
14607,114780,PKD1L2,polycystin 1 like 2 (gene/pseudogene),2.0902e-05,0.861,0.154
14608,114781,BTBD9,BTB domain containing 9,7.0655e-09,0.691,0.423
14610,114784,CSMD2,CUB and Sushi multiple domains 2,,0.695,0.269
14614,114788,CSMD3,CUB and Sushi multiple domains 3,0.057105,0.695,0.5
14618,114792,KLHL32,kelch like family member 32,0.0093469,0.931,0.115
14619,114793,FMNL2,formin like 2,0.9932,0.729,0.231
14621,114795,TMEM132B,transmembrane protein 132B,0.99876,0.861,0.154
14623,114798,SLITRK1,SLIT and NTRK like family member 1,0.95737,0.736,0.308
14625,114800,CCDC85A,coiled-coil domain containing 85A,1.5427e-05,0.931,0.077
14631,114815,SORCS1,sortilin related VPS10 domain containing receptor 1,0.55937,0.751,0.346
14632,114818,KLHL29,kelch like family member 29,0.98532,0.89,0.115
14651,114900,C1QTNF4,C1q and TNF related 4,0.17229,0.861,0.154
14652,114902,C1QTNF5,C1q and TNF related 5,0.83565,0.663,0.346
14653,114904,C1QTNF6,C1q and TNF related 6,9.0082e-06,0.682,0.577
14655,114907,FBXO32,F-box protein 32,0.99692,0.636,0.615
14662,114990,VASN,vasorin,0.67248,0.722,0.269
14663,114991,ZNF618,zinc finger protein 618,0.99842,0.839,0.308
14669,115111,SLC26A7,solute carrier family 26 member 7,1.9125e-09,0.751,0.423
14676,115286,SLC25A26,solute carrier family 25 member 26,2.5832e-07,0.716,0.308
14680,115350,FCRL1,Fc receptor like 1,3.9509e-06,0.751,0.308
14685,115399,LRRC56,leucine rich repeat containing 56,7.6752e-10,0.67,0.5
14694,115650,TNFRSF13C,TNF receptor superfamily member 13C,0.26993,0.54,0.731
14696,115677,NOSTRIN,nitric oxide synthase trafficking,3.2029e-16,0.805,0.346
14711,115948,CCDC151,coiled-coil domain containing 151,3.4684e-15,0.659,0.577
14714,116028,RMI2,RecQ mediated genome instability 2,0.018953,0.666,0.5
14718,116071,BATF2,basic leucine zipper ATF-like transcription factor 2,0.58536,0.638,0.385
14719,116085,SLC22A12,solute carrier family 22 member 12,1.6891e-13,0.647,0.538
14722,116113,FOXP4,forkhead box P4,0.98242,0.7,0.346
14725,116143,WDR92,WD repeat domain 92,0.008485,0.931,0.077
14726,116150,NUS1,NUS1 dehydrodolichyl diphosphate synthase subunit,0.98117,0.619,0.615
14735,116228,COX20,cytochrome c oxidase assembly factor COX20,0.020118,0.705,0.538
14740,116328,C8orf34,chromosome 8 open reading frame 34,1.4855e-12,0.931,0.154
14749,116442,RAB39B,"RAB39B, member RAS oncogene family",0.82529,0.619,0.615
14755,116461,TSEN15,tRNA splicing endonuclease subunit 15,0.27906,0.769,0.115
14759,116519,APOA5,apolipoprotein A5,5.5765e-10,0.587,0.615
14779,116984,ARAP2,"ArfGAP with RhoGAP domain, ankyrin repeat and PH domain 2",8.7668e-14,0.839,0.269
14780,116985,ARAP1,"ArfGAP with RhoGAP domain, ankyrin repeat and PH domain 1",0.12294,0.769,0.308
14781,116986,AGAP2,"ArfGAP with GTPase domain, ankyrin repeat and PH domain 2",0.99816,0.729,0.385
14786,117144,CATSPER1,cation channel sperm associated 1,1.008e-11,0.861,0.192
14787,117145,THEM4,thioesterase superfamily member 4,3.8919e-07,0.674,0.462
14790,117156,SCGB3A2,secretoglobin family 3A member 2,0.0061075,0.686,0.462
14792,117159,DCD,dermcidin,0.00015781,0.619,0.654
14801,117247,SLC16A10,solute carrier family 16 member 10,0.30853,0.711,0.5
14806,117531,TMC1,transmembrane channel like 1,9.1808e-19,0.769,0.346
14809,117581,TWIST2,twist family bHLH transcription factor 2,0.56004,0.518,0.731
14810,117583,PARD3B,par-3 family cell polarity regulator beta,7.2829e-13,0.78,0.269
14818,118429,ANTXR2,ANTXR cell adhesion molecule 2,0.086921,0.568,0.808
14831,118813,ZFYVE27,zinc finger FYVE-type containing 27,1.0613e-09,0.805,0.308
14832,118856,MMP21,matrix metallopeptidase 21,1.3213e-09,0.621,0.385
14835,118980,SFXN2,sideroflexin 2,0.0010626,,
14838,119032,BORCS7,BLOC-1 related complex subunit 7,2.2921e-07,0.89,0.115
14840,119391,GSTO2,glutathione S-transferase omega 2,2.6125e-09,0.631,0.692
14861,120227,CYP2R1,cytochrome P450 family 2 subfamily R member 1,3.793e-10,0.563,0.731
14863,120376,COLCA2,colorectal cancer associated 2,0.75066,0.769,0.154
14870,120534,ARL14EP,ADP ribosylation factor like GTPase 14 effector protein,0.37864,0.861,0.192
14872,120863,DEPDC4,DEP domain containing 4,1.0075e-09,0.931,0.038
14873,120892,LRRK2,leucine rich repeat kinase 2,2.5757e-30,0.51,0.808
14874,120935,CCDC38,coiled-coil domain containing 38,1.8346e-13,,
14878,121214,SDR9C7,short chain dehydrogenase/reductase family 9C member 7,0.012329,0.695,0.538
14881,121260,SLC15A4,solute carrier family 15 member 4,1.9296e-06,0.805,0.269
14886,121278,TPH2,tryptophan hydroxylase 2,2.5364e-07,0.545,0.654
14888,121340,SP7,Sp7 transcription factor,0.58269,0.711,0.462
14890,121391,KRT74,keratin 74,2.1183e-14,0.736,0.192
14894,121512,FGD4,"FYVE, RhoGEF and PH domain containing 4",0.0098247,0.678,0.462
14895,121536,AEBP2,AE binding protein 2,0.99921,0.821,0.192
14896,121551,BTBD11,BTB domain containing 11,0.99993,0.839,0.192
14898,121601,ANO4,anoctamin 4,0.00032204,0.78,0.192
14904,121838,NRAD1,non-coding RNA in the aldehyde dehydrogenase 1A pathway,,0.792,0.192
14906,122042,RXFP2,relaxin family peptide receptor 2,9.8971e-16,0.729,0.308
14911,122335,PPIAP24,peptidylprolyl isomerase A pseudogene 24,,0.931,0.038
14913,122416,ANKRD9,ankyrin repeat domain 9,0.29363,0.805,0.192
14916,122553,TRAPPC6B,trafficking protein particle complex 6B,0.00015283,0.751,0.308
14918,122622,ADSS1,adenylosuccinate synthase 1,2.8155e-07,0.722,0.385
14926,122945,NOXRED1,NADP dependent oxidoreductase domain containing 1,0.024779,,
14927,122953,JDP2,Jun dimerization protein 2,0.35921,0.711,0.346
14930,123016,TTC8,tetratricopeptide repeat domain 8,1.1846e-06,0.631,0.5
14933,123096,SLC25A29,solute carrier family 25 member 29,0.0010861,0.821,0.231
14938,123263,MTFMT,mitochondrial methionyl-tRNA formyltransferase,1.4994e-07,0.595,0.808
14944,123606,NIPA1,NIPA magnesium transporter 1,0.0058703,0.682,0.462
14951,123803,NTAN1,N-terminal asparagine amidase,2.7337e-06,0.931,0.154
14952,123811,FOPNL,FGFR1OP N-terminal like,1.8256e-06,0.76,0.462
14953,123872,DNAAF1,dynein axonemal assembly factor 1,8.4672e-12,0.633,0.654
14961,124093,CCDC78,coiled-coil domain containing 78,2.969e-31,0.76,0.115
14962,124152,IQCK,IQ motif containing K,2.0032e-06,0.792,0.154
14972,124454,EARS2,"glutamyl-tRNA synthetase 2, mitochondrial",1.1238e-08,0.666,0.538
14973,124460,SNX20,sorting nexin 20,1.2791e-05,0.89,0.077
14975,124512,METTL23,methyltransferase like 23,1.3147e-07,0.682,0.231
14977,124540,MSI2,musashi RNA binding protein 2,0.99478,0.592,0.577
14979,124583,CANT1,calcium activated nucleotidase 1,2.5437e-06,0.619,0.731
14980,124590,USH1G,USH1 protein network component sans,3.7481e-05,0.659,0.346
14989,124817,CNTD1,cyclin N-terminal domain containing 1,0.0045358,1,0.077
14993,124872,B4GALNT2,"beta-1,4-N-acetyl-galactosaminyltransferase 2",1.7413e-17,0.751,0.385
14998,124936,CYB5D2,cytochrome b5 domain containing 2,4.4253e-06,0.76,0.269
15003,124989,EFCAB13,EF-hand calcium binding domain 13,6.4531e-32,0.89,0.115
15004,124997,WDR81,WD repeat domain 81,6.7458e-08,0.67,0.462
15021,125931,CEACAM20,CEA cell adhesion molecule 20,,0.931,0.115
15026,125988,MICOS13,mitochondrial contact site and cristae organizing system subunit 13,0.00083352,0.736,0.346
15033,126129,CPT1C,carnitine palmitoyltransferase 1C,2.1926e-09,0.691,0.5
15048,126326,GIPC3,GIPC PDZ domain containing family member 3,0.0093379,0.78,0.231
15049,126328,NDUFA11,NADH:ubiquinone oxidoreductase subunit A11,0.017814,0.705,0.308
15055,126410,CYP4F22,cytochrome P450 family 4 subfamily F member 22,5.2921e-06,0.705,0.462
15069,126792,B3GALT6,"beta-1,3-galactosyltransferase 6",0.022667,0.631,0.615
15071,126859,AXDND1,axonemal dynein light chain domain containing 1,4.3137e-26,0.931,0.077
15086,127343,DMBX1,diencephalon/mesencephalon homeobox 1,0.92957,0.78,0.115
15091,127534,GJB4,gap junction protein beta 4,0.00055114,0.691,0.462
15103,127833,SYT2,synaptotagmin 2,0.98133,0.647,0.538
15106,127933,UHMK1,U2AF homology motif kinase 1,0.83404,0.67,0.462
15112,128178,EDARADD,EDAR associated death domain,0.0003182,0.638,0.462
15116,128239,IQGAP3,IQ motif containing GTPase activating protein 3,2.3959e-33,0.729,0.308
15117,128240,NAXE,NAD(P)HX epimerase,2.4443e-06,0.743,0.346
15120,128338,DRAM2,DNA damage regulated autophagy modulator 2,0.0001357,0.729,0.462
15135,128611,ZNF831,zinc finger protein 831,7.8727e-10,0.792,0.192
15136,128637,TBC1D20,TBC1 domain family member 20,0.93074,0.621,0.5
15138,128674,PROKR2,prokineticin receptor 2,2.4388e-06,0.538,0.731
15147,128869,PIGU,phosphatidylinositol glycan anchor biosynthesis class U,1.9003e-05,0.67,0.462
15148,128876,FAM83C,family with sequence similarity 83 member C,8.2423e-08,,
15150,128989,TANGO2,transport and golgi organization 2 homolog,0.00014769,0.666,0.615
15154,129099,CPSF1P1,cleavage and polyadenylation specific factor 1 pseudogene 1,,0.931,0.038
15156,129285,PPP1R21,protein phosphatase 1 regulatory subunit 21,1.3024e-10,0.769,0.231
15164,129563,DIS3L2,DIS3 like 3'-5' exoribonuclease 2,0.944,0.647,0.5
15167,129684,CNTNAP5,contactin associated protein family member 5,0.99167,0.821,0.154
15169,129787,TMEM18,transmembrane protein 18,0.0022182,0.729,0.308
15175,129880,BBS5,Bardet-Biedl syndrome 5,4.8446e-06,0.659,0.577
15181,130132,RFTN2,raftlin family member 2,7.921e-06,,
15183,130271,PLEKHH2,"pleckstrin homology, MyTH4 and FERM domain containing H2",4.8228e-34,0.89,0.115
15184,130340,AP1S3,adaptor related protein complex 1 subunit sigma 3,0.016298,0.711,0.385
15191,130540,FLACC1,flagellum associated containing coiled-coil domains 1,1.3086e-22,0.729,0.269
15198,130749,CPO,carboxypeptidase O,7.271e-21,0.729,0.577
15203,130916,MTERF4,mitochondrial transcription termination factor 4,3.4049e-05,0.839,0.077
15209,131118,DNAJC19,DnaJ heat shock protein family (Hsp40) member C19,0.00061275,0.663,0.577
15214,131377,KLHL40,kelch like family member 40,3.5382e-06,0.722,0.385
15225,131669,UROC1,urocanate hydratase 1,2.0787e-15,0.78,0.385
15230,131920,TMEM207,transmembrane protein 207,4.2258e-11,0.792,0.231
15243,132320,SCLT1,sodium channel and clathrin linker 1,4.3816e-16,0.663,0.577
15250,132671,SPATA18,spermatogenesis associated 18,1.0088e-13,0.805,0.115
15254,132884,EVC2,EvC ciliary complex subunit 2,1.0207e-34,0.585,0.692
15263,133308,SLC9B2,solute carrier family 9 member B2,7.5781e-06,0.89,0.269
15269,133522,PPARGC1B,PPARG coactivator 1 beta,0.50321,0.569,0.731
15272,133686,NADK2,"NAD kinase 2, mitochondrial",0.065215,0.691,0.346
15280,134218,DNAJC21,DnaJ heat shock protein family (Hsp40) member C21,2.1006e-07,0.606,0.731
15283,134285,TMEM171,transmembrane protein 171,7.7679e-09,0.931,0.154
15284,134359,POC5,POC5 centriolar protein,1.2092e-07,0.78,0.308
15289,134526,ACOT12,acyl-CoA thioesterase 12,2.7282e-14,0.805,0.192
15292,134701,RIPPLY2,ripply transcriptional repressor 2,0.0093945,0.65,0.462
15293,134728,IRAK1BP1,interleukin 1 receptor associated kinase 1 binding protein 1,1.449e-06,0.78,0.346
15309,135656,MUCL3,mucin like 3,1.2265e-05,0.691,0.731
15313,136051,ZNF786,zinc finger protein 786,2.3543e-12,,
15321,136647,MPLKIP,M-phase specific PLK1 interacting protein,0.00016384,0.604,0.654
15326,137196,CCDC26,CCDC26 long non-coding RNA,,0.647,0.615
15328,137392,FAM92A,family with sequence similarity 92 member A,5.788e-08,0.729,0.308
15329,137492,VPS37A,VPS37A subunit of ESCRT-I,0.00067936,0.656,0.577
15331,137682,NDUFAF6,NADH:ubiquinone oxidoreductase complex assembly factor 6,9.0736e-08,0.659,0.615
15333,137814,NKX2-6,NK2 homeobox 6,0.018885,0.695,0.385
15341,137994,LETM2,leucine zipper and EF-hand containing transmembrane protein 2,1.1029e-18,0.931,0.115
15344,138050,HGSNAT,heparan-alpha-glucosaminide N-acetyltransferase,6.3392e-08,0.628,0.577
15354,138649,ANKRD19P,"ankyrin repeat domain 19, pseudogene",,0.931,0.038
15358,138948,DBH-AS1,DBH antisense RNA 1,,0.78,0.192
15361,139105,BEND2,BEN domain containing 2,0.088486,0.839,0.115
15364,139212,PIH1D3,PIH1 domain containing 3,0.85529,0.674,0.538
15366,139285,AMER1,APC membrane recruitment protein 1,0.8538,0.57,0.654
15369,139411,PTCHD1,patched domain containing 1,0.98224,0.678,0.385
15393,140469,MYO3B,myosin IIIB,2.0329e-36,0.861,0.192
15403,140628,GATA5,GATA binding protein 5,0.28478,0.578,0.615
15407,140683,BPIFA2,BPI fold containing family A member 2,8.0124e-07,0.608,0.808
15420,140732,SUN5,Sad1 and UNC84 domain containing 5,7.7476e-14,0.805,0.154
15421,140733,MACROD2,mono-ADP ribosylhydrolase 2,0.43472,0.686,0.423
15432,140803,TRPM6,transient receptor potential cation channel subfamily M member 6,2.719e-10,0.656,0.538
15437,140823,ROMO1,reactive oxygen species modulator 1,0.234,0.666,0.615
15439,140828,LINC00261,long intergenic non-protein coding RNA 261,,0.705,0.308
15449,140873,C20orf173,chromosome 20 open reading frame 173,1.0938e-06,,
15451,140876,RIPOR3,RIPOR family member 3,7.0058e-20,0.792,0.077
15461,140907,SPG19,spastic paraplegia 19 (autosomal dominant),,0.931,0.077
15465,142680,SLC34A3,solute carrier family 34 member 3,5.8863e-14,0.695,0.308
15467,142685,ASB15,ankyrin repeat and SOCS box containing 15,1.84e-15,0.792,0.231
15476,143187,VTI1A,vesicle transport through interaction with t-SNAREs 1A,0.00054173,0.674,0.154
15481,143379,C10orf82,chromosome 10 open reading frame 82,0.011358,0.821,0.192
15497,143872,ARHGAP42,Rho GTPase activating protein 42,1,0.792,0.385
15499,143888,POGLUT3,protein O-glucosyltransferase 3,1.1421e-10,0.89,0.154
15503,144100,PLEKHA7,pleckstrin homology domain containing A7,6.22e-09,0.729,0.423
15504,144108,SPTY2D1,SPT2 chromatin protein domain containing 1,0.94476,1,0.077
15507,144165,PRICKLE1,prickle planar cell polarity protein 1,0.99999,0.647,0.615
15514,144348,ZNF664,zinc finger protein 664,0.0013267,0.821,0.231
15516,144402,CPNE8,copine 8,0.0080248,0.89,0.115
15518,144406,WDR66,WD repeat domain 66,2.9422e-13,0.792,0.115
15526,144568,A2ML1,alpha-2-macroglobulin like 1,1.6109e-34,0.59,0.692
15531,144717,PHETA1,PH domain containing endocytic trafficking adaptor 1,0.010042,0.805,0.385
15533,144811,LACC1,laccase domain containing 1,1.1655e-05,0.7,0.423
15536,145173,B3GLCT,beta 3-glucosyltransferase,7.1449e-17,0.554,0.731
15539,145226,RDH12,retinol dehydrogenase 12,2.2626e-09,0.65,0.308
15540,145258,GSC,goosecoid homeobox,0.013852,0.631,0.615
15551,145508,CEP128,centrosomal protein 128,4.7157e-23,0.78,0.423
15555,145624,PWAR1,Prader Willi/Angelman region RNA 1,,0.49,0.769
15557,145748,LYSMD4,LysM domain containing 4,0.00056203,1,0.038
15563,145837,DRAIC,"downregulated RNA in cancer, inhibitor of cell invasion and migration",,0.736,0.423
15566,145873,MESP2,mesoderm posterior bHLH transcription factor 2,3.1138e-06,0.653,0.462
15568,145957,NRG4,neuregulin 4,0.027981,0.623,0.654
15570,146057,TTBK2,tau tubulin kinase 2,0.99875,0.682,0.423
15571,146059,CDAN1,codanin 1,1.1134e-12,0.61,0.731
15576,146206,CARMIL2,capping protein regulator and myosin 1 linker 2,2.9337e-11,0.695,0.462
15579,146225,CMTM2,CKLF like MARVEL transmembrane domain containing 2,2.9425e-05,0.78,0.231
15580,146227,BEAN1,brain expressed associated with NEDD4 1,6.7615e-06,0.705,0.385
15581,146279,TEKT5,tektin 5,3.081e-20,0.821,0.192
15602,146722,CD300LF,CD300 molecule like family member f,1.0563e-08,0.716,0.385
15603,146754,DNAH2,dynein axonemal heavy chain 2,1.2998e-44,0.931,0.115
15619,147007,TMEM199,transmembrane protein 199,1.9938e-05,0.792,0.231
15623,147081,LINC02210,long intergenic non-protein coding RNA 2210,,0.861,0.154
15626,147138,TMC8,transmembrane channel like 8,1.1401e-14,0.705,0.231
15629,147183,KRT25,keratin 25,4.6459e-09,0.736,0.269
15633,147339,C18orf25,chromosome 18 open reading frame 25,0.89046,0.931,0.231
15634,147372,CCBE1,collagen and calcium binding EGF domains 1,1.5315e-07,0.585,0.769
15635,147381,CBLN2,cerebellin 2 precursor,0.12162,0.751,0.308
15637,147409,DSG4,desmoglein 4,5.9129e-13,0.686,0.423
15638,147429,AQP4-AS1,AQP4 antisense RNA 1,,0.751,0.577
15664,147906,DACT3,dishevelled binding antagonist of beta catenin 3,0.50555,0.805,0.231
15665,147912,SIX5,SIX homeobox 5,0.006924,0.666,0.5
15673,147968,CAPN12,calpain 12,1.226e-33,0.89,0.077
15677,148022,TICAM1,toll like receptor adaptor molecule 1,,0.593,0.846
15689,148266,ZNF569,zinc finger protein 569,6.5987e-08,0.666,0.538
15693,148345,C1orf127,chromosome 1 open reading frame 127,1.4917e-11,0.729,0.308
15697,148479,PHF13,PHD finger protein 13,0.98042,0.821,0.192
15704,148738,HJV,hemojuvelin BMP co-receptor,0.0042363,0.621,0.654
15707,148789,B3GALNT2,"beta-1,3-N-acetylgalactosaminyltransferase 2",2.8116e-07,0.578,0.577
15722,149111,CNIH3,cornichon family AMPA receptor auxiliary protein 3,0.84533,0.821,0.154
15724,149233,IL23R,interleukin 23 receptor,0.00055961,0.466,0.769
15730,149461,CLDN19,claudin 19,0.0049681,0.659,0.423
15738,149628,PYHIN1,pyrin and HIN domain family member 1,7.7771e-10,0.839,0.231
15743,149773,APCDD1L-DT,APCDD1L divergent transcript,,1,0.077
15755,150094,SIK1,salt inducible kinase 1,0.93716,0.544,0.731
15760,150223,YDJC,YdjC chitooligosaccharide deacetylase homolog,0.062374,0.805,0.231
15764,150280,HORMAD2,HORMA domain containing 2,7.1353e-05,0.716,0.385
15768,150368,PHETA2,PH domain containing endocytic trafficking adaptor 2,3.3928e-06,0.931,0.231
15773,150468,CKAP2L,cytoskeleton associated protein 2 like,0.00015885,0.666,0.577
15781,150684,COMMD1,copper metabolism domain containing 1,0.2201,0.633,0.692
15789,150946,GAREM2,GRB2 associated regulator of MAPK1 subtype 2,0.43898,0.89,0.077
15790,150962,PUS10,pseudouridine synthase 10,7.8796e-14,0.736,0.346
15794,151056,PLB1,phospholipase B1,1.7315e-72,0.488,0.846
15800,151188,ARL6IP6,ADP ribosylation factor like GTPase 6 interacting protein 6,0.018099,0.686,0.615
15803,151230,KLHL23,kelch like family member 23,0.0041626,0.89,0.038
15809,151306,GPBAR1,G protein-coupled bile acid receptor 1,1.3633e-09,0.548,0.731
15821,151647,TAFA4,TAFA chemokine like family member 4,0.00065997,0.743,0.192
15822,151648,SGO1,shugoshin 1,2.5902e-12,0.674,0.346
15828,151827,LRRC34,leucine rich repeat containing 34,5.5187e-07,0.821,0.269
15830,151887,CCDC80,coiled-coil domain containing 80,6.0008e-06,0.659,0.462
15835,152002,XXYLT1,xyloside xylosyltransferase 1,0.0013246,0.78,0.231
15839,152024,LINC00691,long intergenic non-protein coding RNA 691,,1,0.077
15844,152110,NEK10,NIMA related kinase 10,7.6572e-10,0.705,0.269
15851,152225,LINC02085,long intergenic non-protein coding RNA 2085,,0.89,0.115
15852,152273,FGD5,"FYVE, RhoGEF and PH domain containing 5",1,0.78,0.346
15854,152330,CNTN4,contactin 4,3.3013e-06,0.653,0.577
15858,152519,NIPAL1,NIPA like domain containing 1,2.4544e-10,0.76,0.346
15863,152586,MGAT4D,MGAT4 family member D,4.0771e-06,,
15867,152816,ODAPH,odontogenesis associated phosphoprotein,0.049615,0.839,0.077
15870,152926,PPM1K,"protein phosphatase, Mg2+/Mn2+ dependent 1K",0.00014736,0.656,0.5
15875,153129,SLC38A9,solute carrier family 38 member 9,0.28628,1,0.077
15877,153201,SLC36A2,solute carrier family 36 member 2,6.1509e-10,0.861,0.154
15880,153241,CEP120,centrosomal protein 120,4.0887e-15,0.564,0.731
15897,153830,RNF145,ring finger protein 145,0.98031,1,0.038
15905,154091,SLC2A12,solute carrier family 2 member 12,5.551e-05,0.729,0.5
15926,154881,KCTD7,potassium channel tetramerization domain containing 7,0.00063083,0.65,0.423
15931,155185,AMZ1,archaelysin family metallopeptidase 1,3.7114e-23,0.821,0.154
15945,157506,RDH10,retinol dehydrogenase 10,0.98594,0.805,0.269
15948,157570,ESCO2,establishment of sister chromatid cohesion N-acetyltransferase 2,3.1642e-07,0.581,0.615
15952,157657,C8orf37,chromosome 8 open reading frame 37,2.3711e-05,0.628,0.538
15953,157680,VPS13B,vacuolar protein sorting 13 homolog B,2.5029e-45,0.579,0.769
15962,157869,SBSPON,somatomedin B and thrombospondin type 1 domain containing,6.7083e-06,0.931,0.077
15963,157922,CAMSAP1,calmodulin regulated spectrin associated protein 1,0.99985,0.821,0.231
15965,158038,LINGO2,leucine rich repeat and Ig domain containing 2,0.85665,0.674,0.615
15969,158135,TTLL11,tubulin tyrosine ligase like 11,6.2403e-09,0.931,0.077
15979,158326,FREM1,FRAS1 related extracellular matrix 1,1.5685e-52,0.633,0.423
15982,158399,ZNF483,zinc finger protein 483,0.96736,,
16007,159296,NKX2-3,NK2 homeobox 3,0.95047,0.716,0.231
16012,160140,C11orf65,chromosome 11 open reading frame 65,2.0163e-14,0.67,0.462
16016,160364,CLEC12A,C-type lectin domain family 12 member A,2.6022e-07,0.686,0.346
16017,160365,CLECL1,C-type lectin like 1,0.25929,1,0.077
16020,160428,ALDH1L2,aldehyde dehydrogenase 1 family member L2,1.7337e-17,0.821,0.115
16028,160851,DGKH,diacylglycerol kinase eta,0.026429,0.678,0.346
16035,161176,SYNE3,spectrin repeat containing nuclear envelope family member 3,1.7571e-25,0.931,0.115
16040,161357,MDGA2,MAM domain containing glycosylphosphatidylinositol anchor 2,0.66457,0.76,0.308
16043,161436,EML5,EMAP like 5,5.7122e-07,0.821,0.231
16044,161497,STRC,stereocilin,1.7748e-15,0.7,0.192
16047,161582,DNAAF4,dynein axonemal assembly factor 4,9.7181e-10,0.623,0.731
16049,161742,SPRED1,sprouty related EVH1 domain containing 1,0.97246,0.644,0.577
16052,161829,EXD1,exonuclease 3'-5' domain containing 1,6.4033e-14,1,0.077
16053,161835,FSIP1,fibrous sheath interacting protein 1,7.6972e-14,0.663,0.615
16054,161882,ZFPM1,"zinc finger protein, FOG family member 1",0.2429,0.736,0.385
16061,162417,NAGS,N-acetylglutamate synthase,4.0325e-08,0.716,0.423
16063,162461,TMEM92,transmembrane protein 92,0.0063256,0.89,0.038
16066,162514,TRPV3,transient receptor potential cation channel subfamily V member 3,4.6013e-20,0.61,0.577
16069,162540,SPPL2C,signal peptide peptidase like 2C,0.00018192,0.76,0.192
16074,162966,ZNF600,zinc finger protein 600,,,
16079,163087,ZNF383,zinc finger protein 383,3.6577e-11,0.931,0.077
16081,163175,LGI4,leucine rich repeat LGI family member 4,0.0071501,0.678,0.308
16097,163786,SASS6,SAS-6 centriolar assembly protein,1.7379e-07,0.691,0.423
16102,164118,TTC24,tetratricopeptide repeat domain 24,2.3067e-08,,
16108,164656,TMPRSS6,transmembrane serine protease 6,4.1369e-10,0.584,0.654
16113,164832,LONRF2,LON peptidase N-terminal domain and ring finger 2,0.0011706,1,0.077
16116,165186,TOGARAM2,TOG array regulator of axonemal microtubules 2,1.31e-16,1,0.077
16123,165679,SPTSSB,serine palmitoyltransferase small subunit B,0.00086955,1,0.038
16126,165918,RNF168,ring finger protein 168,2.0514e-13,0.653,0.731
16128,166336,PRICKLE2,prickle planar cell polarity protein 2,0.99544,0.711,0.423
16129,166378,SPATA5,spermatogenesis associated 5,9.0776e-20,0.67,0.654
16130,166379,BBS12,Bardet-Biedl syndrome 12,2.3352e-07,0.674,0.462
16135,166785,MMAA,metabolism of cobalamin associated A,9.3982e-13,0.743,0.346
16148,167691,LCA5,lebercilin LCA5,4.0606e-05,0.674,0.269
16158,168507,PKD1L1,"polycystin 1 like 1, transient receptor potential channel interacting",1.0852e-40,0.729,0.231
16161,168667,BMPER,BMP binding endothelial regulator,6.5881e-07,0.641,0.577
16163,169026,SLC30A8,solute carrier family 30 member 8,7.4306e-12,0.623,0.731
16169,169436,STKLD1,serine/threonine kinase like domain containing 1,1.5666e-23,0.931,0.115
16170,169522,KCNV2,potassium voltage-gated channel modifier subfamily V member 2,1.1944e-26,0.736,0.115
16173,169714,QSOX2,quiescin sulfhydryl oxidase 2,9.8463e-08,0.89,0.077
16174,169792,GLIS3,GLIS family zinc finger 3,5.5977e-08,0.59,0.654
16181,170302,ARX,aristaless related homeobox,0.90814,0.516,0.654
16183,170392,OIT3,oncoprotein induced transcript 3,3.392e-11,0.821,0.154
16194,170572,HTR3C,5-hydroxytryptamine receptor 3C,2.5562e-10,0.769,0.192
16201,170679,PSORS1C1,psoriasis susceptibility 1 candidate 1,0.00026534,0.656,0.731
16202,170680,PSORS1C2,psoriasis susceptibility 1 candidate 2,0.0024913,0.769,0.308
16205,170689,ADAMTS15,ADAM metallopeptidase with thrombospondin type 1 motif 15,1.6672e-06,0.769,0.231
16207,170691,ADAMTS17,ADAM metallopeptidase with thrombospondin type 1 motif 17,2.802e-15,0.678,0.385
16208,170692,ADAMTS18,ADAM metallopeptidase with thrombospondin type 1 motif 18,1.0716e-29,0.636,0.654
16220,171023,ASXL1,ASXL transcriptional regulator 1,1.2511e-14,0.482,0.808
16241,171568,POLR3H,RNA polymerase III subunit H,0.0059858,0.769,0.346
16242,171586,ABHD3,abhydrolase domain containing 3,1.6717e-09,,
16248,192286,HIGD2A,HIG1 hypoxia inducible domain family member 2A,0.19087,0.931,0.077
16257,192683,SCAMP5,secretory carrier membrane protein 5,0.65099,0.839,0.192
16260,195828,ZNF367,zinc finger protein 367,0.90568,0.821,0.154
16264,196074,METTL15,methyltransferase like 15,2.7801e-10,,
16265,196264,MPZL3,myelin protein zero like 3,2.2417e-14,0.821,0.154
16268,196385,DNAH10,dynein axonemal heavy chain 10,1.3846e-57,0.89,0.154
16270,196403,DTX3,deltex E3 ubiquitin ligase 3,0.88755,0.839,0.115
16280,196527,ANO6,anoctamin 6,7.3158e-32,0.736,0.423
16281,196528,ARID2,AT-rich interaction domain 2,1,0.543,0.808
16282,196541,METTL21C,methyltransferase like 21C,1.0629e-06,0.89,0.154
16284,196740,VSTM4,V-set and transmembrane domain containing 4,0.033816,0.931,0.115
16288,196883,ADCY4,adenylate cyclase 4,1.0791e-18,0.839,0.154
16290,196951,FAM227B,family with sequence similarity 227 member B,4.3472e-23,0.792,0.154
16294,197131,UBR1,ubiquitin protein ligase E3 component n-recognin 1,0.0054862,0.612,0.731
16297,197196,LINC00311,long intergenic non-protein coding RNA 311,,0.89,0.154
16299,197258,FCSK,fucose kinase,1.0421e-29,0.769,0.192
16306,197358,NLRC3,NLR family CARD domain containing 3,2.2317e-25,0.769,0.269
16309,199221,DZIP1L,DAZ interacting zinc finger protein 1 like,2.3897e-25,0.769,0.308
16315,199713,NLRP7,NLR family pyrin domain containing 7,1.8058e-16,0.7,0.269
16320,199786,NIBAN3,niban apoptosis regulator 3,2.2418e-16,,
16323,199857,ALG14,ALG14 UDP-N-acetylglucosaminyltransferase subunit,0.00093727,0.722,0.308
16325,199920,FYB2,FYN binding protein 2,1.3041e-41,0.931,0.038
16335,200162,SPAG17,sperm associated antigen 17,1.1892e-24,0.769,0.308
16340,200205,IBA57,iron-sulfur cluster assembly factor IBA57,0.0083921,0.666,0.423
16342,200315,APOBEC3A,apolipoprotein B mRNA editing enzyme catalytic subunit 3A,0.0010454,0.612,0.692
16346,200403,VWA3B,von Willebrand factor A domain containing 3B,9.7397e-28,0.729,0.154
16347,200420,ALMS1P1,ALMS1 pseudogene 1,,1,0.077
16350,200539,ANKRD23,ankyrin repeat domain 23,3.5366e-19,0.861,0.154
16353,200576,PIKFYVE,"phosphoinositide kinase, FYVE-type zinc finger containing",1.1074e-06,0.722,0.577
16356,200734,SPRED2,sprouty related EVH1 domain containing 2,2.8684e-07,0.711,0.577
16362,200894,ARL13B,ADP ribosylation factor like GTPase 13B,2.6559e-09,0.631,0.538
16366,200931,SLC51A,solute carrier family 51 subunit alpha,0.069643,0.792,0.231
16368,200942,KLHDC8B,kelch domain containing 8B,0.001791,0.691,0.346
16374,201163,FLCN,folliculin,0.78892,0.537,0.885
16385,201294,UNC13D,unc-13 homolog D,1.091e-18,0.659,0.5
16397,201627,DENND6A,DENN domain containing 6A,0.0017721,1,0.038
16406,201973,PRIMPOL,primase and DNA directed polymerase,1.3322e-18,0.839,0.269
16407,202018,TAPT1,transmembrane anterior posterior transformation 1,0.032078,0.674,0.538
16409,202052,DNAJC18,DnaJ heat shock protein family (Hsp40) member C18,4.8219e-08,1,
16411,202243,CCDC125,coiled-coil domain containing 125,8.5885e-10,0.89,0.154
16414,202333,CMYA5,cardiomyopathy associated 5,1.3454e-54,0.711,0.423
16422,203062,TSNARE1,t-SNARE domain containing 1,9.6275e-07,0.861,0.077
16423,203068,TUBB,tubulin beta class I,0.97889,0.603,0.692
16428,203102,ADAM32,ADAM metallopeptidase domain 32,2.1571e-15,,
16430,203228,C9orf72,C9orf72-SMCR8 complex subunit,1.0647e-06,0.496,0.769
16435,203286,ANKS6,ankyrin repeat and sterile alpha motif domain containing 6,6.9447e-06,0.682,0.346
16442,203547,VMA21,vacuolar ATPase assembly factor VMA21,0.57236,0.821,0.231
16445,203859,ANO5,anoctamin 5,2.8542e-22,0.619,0.538
16447,204219,CERS3,ceramide synthase 3,0.0056921,0.705,0.308
16448,204474,PDILT,"protein disulfide isomerase like, testis expressed",1.2202e-05,0.839,0.231
16450,204851,HIPK1,homeodomain interacting protein kinase 1,1,0.716,0.269
16451,204962,SLC44A5,solute carrier family 44 member 5,7.6779e-05,1,0.038
16456,205564,SENP5,SUMO specific peptidase 5,0.99978,0.931,0.077
16459,206338,LVRN,laeverin,5.3008e-17,0.89,0.192
16462,219285,SAMD9L,sterile alpha motif domain containing 9 like,5.5651e-15,0.7,0.5
16474,219621,CABCOCO1,ciliary associated calcium binding coiled-coil 1,0.00036502,1,0.038
16481,219736,STOX1,storkhead box 1,1.4404e-16,0.729,0.462
16486,219771,CCNY,cyclin Y,0.80672,0.711,0.269
16490,219844,HYLS1,HYLS1 centriolar and ciliogenesis associated,2.3152e-09,0.572,0.692
16491,219854,TMEM218,transmembrane protein 218,0.0016754,0.769,0.192
16507,220074,LRTOMT,leucine rich transmembrane and O-methyltransferase domain containing,6.9976e-05,0.792,0.192
16510,220107,DLEU7,deleted in lymphocytic leukemia 7,0.18452,0.705,0.346
16513,220136,CFAP53,cilia and flagella associated protein 53,9.6973e-19,0.78,0.115
16515,220202,ATOH7,atonal bHLH transcription factor 7,0.050896,0.674,0.192
16517,220296,HEPACAM,hepatic and glial cell adhesion molecule,0.86791,0.621,0.5
16518,220323,OAF,out at first homolog,0.0034624,0.931,0.077
16525,220929,ZNF438,zinc finger protein 438,2.6656e-06,0.861,0.115
16527,220963,SLC16A9,solute carrier family 16 member 9,0.007078,0.861,0.192
16529,220972,MARCHF8,membrane associated ring-CH-type finger 8,5.8689e-07,0.59,0.692
16534,221035,REEP3,receptor accessory protein 3,0.015097,0.792,0.308
16535,221037,JMJD1C,jumonji domain containing 1C,1,0.517,0.769
16538,221074,SLC39A12,solute carrier family 39 member 12,8.3413e-07,0.89,0.154
16543,221120,ALKBH3,"alkB homolog 3, alpha-ketoglutaratedependent dioxygenase",2.7442e-12,0.67,0.462
16544,221143,EEF1AKMT1,EEF1A lysine methyltransferase 1,2.4358e-06,,
16552,221264,AK9,adenylate kinase 9,3.687e-26,0.751,0.346
16559,221391,OPN5,opsin 5,0.8602,0.711,0.385
16565,221421,RSPH9,radial spoke head component 9,2.3881e-09,0.659,0.615
16568,221458,KIF6,kinesin family member 6,3.0905e-27,0.729,0.385
16571,221476,PI16,peptidase inhibitor 16,7.1384e-09,0.861,0.192
16574,221491,SMIM29,small integral membrane protein 29,0.62416,,
16583,221687,RNF182,ring finger protein 182,0.0046762,0.839,0.115
16584,221692,PHACTR1,phosphatase and actin regulator 1,0.63537,0.663,0.423
16585,221711,SYCP2L,synaptonemal complex protein 2 like,3.0127e-23,0.839,0.154
16595,221895,JAZF1,JAZF zinc finger 1,0.89582,0.582,0.654
16597,221927,BRAT1,BRCA1 associated ATM activator 1,7.4316e-13,0.695,0.231
16598,221935,SDK1,sidekick cell adhesion molecule 1,4.1564e-06,0.76,0.346
16600,221955,DAGLB,diacylglycerol lipase beta,2.6256e-12,0.931,0.154
16608,222194,RSBN1L,round spermatid basic protein 1 like,0.79546,1,0.038
16609,222223,KIAA1324L,KIAA1324 like,2.036e-05,0.861,0.077
16611,222234,FAM185A,family with sequence similarity 185 member A,0.040688,,
16621,222546,RFX6,regulatory factor X6,0.00040925,0.686,0.385
16623,222584,FAM83B,family with sequence similarity 83 member B,6.3264e-08,0.722,0.346
16625,222643,UNC5CL,unc-5 family C-terminal like,2.0365e-13,0.89,0.115
16628,222662,LHFPL5,LHFPL tetraspan subfamily member 5,0.00040199,0.861,0.192
16650,245932,DEFB119,defensin beta 119,0.096676,,
16653,245972,ATP6V0D2,ATPase H+ transporting V0 subunit d2,2.4683e-11,0.751,0.385
16664,246243,RNASEH1,ribonuclease H1,0.011173,0.711,0.462
16670,246329,STAC3,SH3 and cysteine rich domain 3,0.00017244,0.633,0.654
16676,246778,IL27,interleukin 27,0.78232,0.457,0.808
16680,252969,NEIL2,nei like DNA glycosylase 2,2.8655e-11,0.7,0.538
16681,252983,STXBP4,syntaxin binding protein 4,2.5154e-14,0.76,0.231
16682,252995,FNDC5,fibronectin type III domain containing 5,0.5458,0.631,0.538
16684,253017,TECRL,"trans-2,3-enoyl-CoA reductase like",3.1983e-12,0.805,0.192
16685,253018,HCG27,HLA complex group 27,0.023063,0.805,0.346
16686,253039,CUTALP,"cutA divalent cation tolerance homolog-like, pseudogene",,0.89,
16695,253461,ZBTB38,zinc finger and BTB domain containing 38,0.99949,0.663,0.615
16698,253559,CADM2,cell adhesion molecule 2,0.89097,0.67,0.538
16700,253639,ZNF620,zinc finger protein 620,0.00041957,1,0.115
16704,253738,EBF3,EBF transcription factor 3,0.99993,0.595,0.731
16706,253782,CERS6,ceramide synthase 6,0.038583,0.65,0.615
16707,253827,MSRB3,methionine sulfoxide reductase B3,0.003766,0.729,0.308
16715,253980,KCTD13,potassium channel tetramerization domain containing 13,0.00091544,0.821,0.154
16731,254251,LCORL,ligand dependent nuclear receptor corepressor like,0.92374,0.89,0.192
16733,254268,AKNAD1,AKNA domain containing 1,3.6153e-23,0.89,0.269
16735,254359,ZDHHC24,zinc finger DHHC-type containing 24,0.0004208,0.722,0.462
16736,254394,MCM9,minichromosome maintenance 9 homologous recombination repair factor,6.6222e-14,0.716,0.346
16738,254428,SLC41A1,solute carrier family 41 member 1,0.65493,0.769,0.385
16739,254528,MEIOB,meiosis specific with OB-fold,2.9857e-14,0.769,0.192
16746,254863,TMEM256,transmembrane protein 256,0.00061452,0.861,0.154
16758,255101,CFAP65,cilia and flagella associated protein 65,4.7186e-27,0.931,0.115
16759,255104,TMCO4,transmembrane and coiled-coil domains 4,1.6674e-20,0.931,0.115
16768,255239,ANKK1,ankyrin repeat and kinase domain containing 1,7.4008e-12,0.604,0.462
16782,255738,PCSK9,proprotein convertase subtilisin/kexin type 9,2.7059e-17,0.482,0.808
16783,255743,NPNT,nephronectin,2.7295e-10,0.659,0.654
16784,255758,TCTEX1D2,Tctex1 domain containing 2,0.00032126,0.751,0.346
16795,256126,SYCE2,synaptonemal complex central element protein 2,0.28077,1,0.115
16799,256227,STEAP1B,STEAP family member 1B,1.2368e-05,1,0.077
16801,256297,PTF1A,pancreas associated transcription factor 1a,0.16565,0.601,0.692
16807,256380,SCML4,Scm polycomb group protein like 4,7.5932e-06,0.89,0.077
16809,256435,ST6GALNAC3,"ST6 N-acetylgalactosaminide alpha-2,6-sialyltransferase 3",0.00026424,0.839,0.192
16810,256471,MFSD8,major facilitator superfamily domain containing 8,2.5375e-12,0.682,0.231
16817,256764,WDR72,WD repeat domain 72,2.733e-27,0.716,0.385
16820,256892,OR51F1,olfactory receptor family 51 subfamily F member 1 (gene/pseudogene),0.030324,1,0.038
16829,257068,PLCXD2,phosphatidylinositol specific phospholipase C X domain containing 2,4.6567e-08,0.931,0.154
16831,257106,ARHGAP30,Rho GTPase activating protein 30,0.9999,0.792,0.231
16836,257202,GPX6,glutathione peroxidase 6,2.582e-06,0.769,0.385
16841,257313,UTS2B,urotensin 2B,0.00022271,0.839,0.346
16849,259197,NCR3,natural cytotoxicity triggering receptor 3,0.00036824,0.638,0.769
16851,259217,HSPA12A,heat shock protein family A (Hsp70) member 12A,0.98436,0.67,0.346
16853,259232,NALCN,"sodium leak channel, non-selective",8.5243e-14,0.587,0.615
16857,259266,ASPM,abnormal spindle microtubule assembly,3.3502e-49,0.526,0.769
16874,260429,PRSS33,serine protease 33,2.455e-07,,
16880,261734,NPHP4,nephrocystin 4,1.743e-29,0.674,0.423
16881,266553,OFCC1,orofacial cleft 1 candidate 1,1.8876e-06,0.78,0.154
16891,266722,HS6ST3,heparan sulfate 6-O-sulfotransferase 3,0.99001,0.792,0.423
16893,266727,MDGA1,MAM domain containing glycosylphosphatidylinositol anchor 1,0.97574,0.821,0.154
16902,267010,RNU12,"RNA, U12 small nuclear",,0.792,0.346
16903,267012,DAOA,D-amino acid oxidase activator,0.00014043,0.678,0.346
16904,267013,HLA-DPA3,"major histocompatibility complex, class II, DP alpha 3 (pseudogene)",,0.805,0.308
16910,282617,IFNL3,interferon lambda 3,2.4233e-08,0.506,0.808
16913,282706,DAOA-AS1,DAOA antisense RNA 1,,0.729,0.154
16917,282809,POC1B,POC1 centriolar protein B,3.0483e-08,0.705,0.385
16922,282974,STK32C,serine/threonine kinase 32C,0.20408,0.76,0.346
16923,282991,BLOC1S2,biogenesis of lysosomal organelles complex 1 subunit 2,0.011948,0.76,0.346
16924,282996,RBM20,RNA binding motif protein 20,0.98954,0.716,0.269
16930,283050,ZMIZ1-AS1,ZMIZ1 antisense RNA 1,,0.78,0.115
16932,283092,OR4C13,olfactory receptor family 4 subfamily C member 13,2.5329e-10,0.821,0.115
16938,283120,H19,H19 imprinted maternally expressed transcript,,0.494,0.923
16941,283131,NEAT1,nuclear paraspeckle assembly transcript 1,,0.502,0.769
16954,283234,CCDC88B,coiled-coil domain containing 88B,1.399e-09,0.743,0.192
16964,283316,CD163L1,CD163 molecule like 1,5.791e-26,0.861,0.154
16967,283349,RASSF3,Ras association domain family member 3,1.7804e-05,0.76,0.308
16971,283377,SPRYD4,SPRY domain containing 4,0.0079114,1,0.077
16979,283417,DPY19L2,dpy-19 like 2,1.0936e-13,0.89,0.077
16984,283446,MYO1H,myosin IH,2.0646e-25,0.751,0.385
16985,283450,HECTD4,HECT domain E3 ubiquitin protein ligase 4,1,0.7,0.462
16988,283460,HNF1A-AS1,HNF1A antisense RNA 1,,0.621,0.538
16990,283464,GXYLT1,glucoside xylosyltransferase 1,0.12503,,
16995,283489,CHAMP1,chromosome alignment maintaining phosphoprotein 1,0.99197,0.691,0.5
17003,283575,LINC02288,long intergenic non-protein coding RNA 2288,,,
17011,283635,FAM177A1,family with sequence similarity 177 member A1,0.0011791,0.769,0.231
17028,283742,FAM98B,family with sequence similarity 98 member B,0.010312,1,0.077
17051,283982,LINC00469,long intergenic non-protein coding RNA 469,,,
17054,283989,TSEN54,tRNA splicing endonuclease subunit 54,1.7512e-07,0.659,0.5
17055,283999,TMEM235,transmembrane protein 235,0.00045831,1,0.115
17063,284034,LINC00670,long intergenic non-protein coding RNA 670,,0.821,0.077
17064,284058,KANSL1,KAT8 regulatory NSL complex subunit 1,0.99972,0.592,0.731
17069,284086,NEK8,NIMA related kinase 8,6.4566e-09,0.631,0.5
17070,284098,PIGW,phosphatidylinositol glycan anchor biosynthesis class W,1.172e-05,0.633,0.654
17073,284110,GSDMA,gasdermin A,1.619e-16,0.792,0.308
17074,284111,SLC13A5,solute carrier family 13 member 5,0.00050598,0.608,0.577
17077,284119,CAVIN1,caveolae associated protein 1,0.0049657,0.559,0.654
17079,284129,SLC26A11,solute carrier family 26 member 11,3.0064e-19,0.89,0.269
17084,284217,LAMA1,laminin subunit alpha 1,3.2248e-32,0.582,0.808
17085,284232,ANKRD20A9P,"ankyrin repeat domain 20 family member A9, pseudogene",,,
17087,284252,KCTD1,potassium channel tetramerization domain containing 1,0.85538,0.682,0.615
17091,284273,ZADH2,zinc binding alcohol dehydrogenase domain containing 2,0.002543,1,0.077
17105,284352,PPP1R37,protein phosphatase 1 regulatory subunit 37,0.99448,0.89,0.115
17106,284353,NKPD1,NTPase KAP family P-loop domain containing 1,7.0389e-07,0.89,0.115
17108,284359,IZUMO1,izumo sperm-egg fusion 1,3.0387e-08,0.89,0.115
17116,284403,WDR62,WD repeat domain 62,2.3562e-23,0.597,0.615
17119,284417,TMEM150B,transmembrane protein 150B,3.5074e-08,0.89,0.115
17124,284439,SLC25A42,solute carrier family 25 member 42,0.48948,0.76,0.269
17131,284498,C1orf167,chromosome 1 open reading frame 167,9.1452e-34,1,0.038
17136,284551,LINC01226,long intergenic non-protein coding RNA 1226,,,
17141,284612,SYPL2,synaptophysin like 2,1.8911e-05,0.821,0.192
17143,284615,ANKRD34A,ankyrin repeat domain 34A,0.98103,0.861,0.077
17146,284654,RSPO1,R-spondin 1,1.4418e-06,0.593,0.731
17148,284677,SNHG28,small nucleolar RNA host gene 28,1.2953e-08,1,0.077
17150,284688,LINC01142,long intergenic non-protein coding RNA 1142,,0.931,0.077
17172,284996,RNF149,ring finger protein 149,0.00057831,0.839,0.154
17174,285025,CCDC141,coiled-coil domain containing 141,1.5924e-33,0.666,0.538
17180,285154,CYP1B1-AS1,CYP1B1 antisense RNA 1,,0.769,0.154
17182,285175,UNC80,"unc-80 homolog, NALCN channel complex subunit",0.052307,0.626,0.462
17187,285203,EOGT,EGF domain specific O-linked N-acetylglucosamine transferase,5.038e-09,0.641,0.5
17195,285282,RABL3,"RAB, member of RAS oncogene family like 3",0.00080229,0.751,0.231
17205,285362,SUMF1,sulfatase modifying factor 1,2.2828e-08,0.641,0.538
17214,285419,LINC01091,long intergenic non-protein coding RNA 1091,,0.821,0.231
17220,285489,DOK7,docking protein 7,0.00010263,0.615,0.615
17231,285555,STPG2,sperm tail PG-rich repeat containing 2,9.3325e-17,0.931,0.038
17235,285590,SH3PXD2B,SH3 and PX domains 2B,0.0041589,0.631,0.577
17256,285761,DCBLD1,"discoidin, CUB and LCCL domain containing 1",6.325e-08,0.729,0.231
17259,285780,LY86-AS1,LY86 antisense RNA 1,,0.861,0.192
17265,285834,HCG22,HLA complex group 22 (gene/pseudogene),,0.736,0.423
17267,285848,PNPLA1,patatin like phospholipase domain containing 1,0.00018528,0.7,0.423
17272,285943,HOXA-AS2,HOXA cluster antisense RNA 2,,0.663,0.385
17275,285965,EPHA1-AS1,EPHA1 antisense RNA 1,,1,0.077
17281,286002,SLC26A4-AS1,SLC26A4 antisense RNA 1,,0.861,0.269
17284,286046,XKR6,XK related 6,0.99934,0.729,0.538
17285,286053,NSMCE2,"NSE2 (MMS21) homolog, SMC5-SMC6 complex SUMO ligase",0.037899,0.682,0.615
17293,286133,SCARA5,scavenger receptor class A member 5,1.0417e-05,0.695,0.385
17296,286183,NKAIN3,sodium/potassium transporting ATPase interacting 3,0.05385,0.861,0.192
17298,286186,LINC01299,long intergenic non-protein coding RNA 1299,,,
17300,286204,CRB2,crumbs cell polarity complex component 2,1.4884e-14,0.678,0.269
17319,286676,ILDR1,immunoglobulin like domain containing receptor 1,2.6072e-12,0.729,0.346
17323,286826,LIN9,lin-9 DREAM MuvB core complex component,0.99771,0.743,0.346
17325,286887,KRT6C,keratin 6C,3.8079e-22,0.751,0.269
17329,317662,FAM149B1,family with sequence similarity 149 member B1,2.4901e-13,0.663,0.423
17343,317761,C14orf39,chromosome 14 open reading frame 39,2.7282e-06,0.861,0.038
17357,326625,MMAB,metabolism of cobalamin associated B,0.0041291,0.695,0.538
17359,327657,SERPINA9,serpin family A member 9,1.2106e-13,0.769,0.231
17360,327659,PUDPP2,pseudouridine 5'-phosphatase pseudogene 2,,0.89,0.154
17364,337867,UBAC2,UBA domain containing 2,0.0062623,0.638,0.654
17365,337874,H2BC19P,"H2B clustered histone 19, pseudogene",,1,0.115
17380,338324,S100A7A,S100 calcium binding protein A7A,0.002523,0.7,0.231
17395,338433,SNORD115-1,"small nucleolar RNA, C/D box 115-1",,0.682,0.423
17405,338645,LUZP2,leucine zipper protein 2,2.3478e-10,0.821,0.346
17422,338917,VSX2,visual system homeobox 2,0.00016481,0.695,0.462
17428,339123,JMJD8,jumonji domain containing 8,6.0633e-14,0.861,0.192
17451,339400,FLG-AS1,FLG antisense RNA 1,,0.7,0.538
17455,339453,TMEM240,transmembrane protein 240,0.22904,0.76,0.231
17458,339479,BRINP3,BMP/retinoic acid inducible neural specific 3,0.14554,0.695,0.308
17472,339761,CYP27C1,cytochrome P450 family 27 subfamily C member 1,9.2035e-07,,
17473,339766,MROH2A,maestro heat like repeat family member 2A,3.9287e-21,0.931,0.077
17478,339829,CCDC39,coiled-coil domain containing 39,7.9127e-12,0.641,0.615
17480,339855,KY,kyphoscoliosis peptidase,1.542e-10,0.736,0.231
17485,339894,LINC00880,long intergenic non-protein coding RNA 880,,0.839,0.154
17486,339896,GADL1,glutamate decarboxylase like 1,1.3724e-21,0.497,0.808
17497,340024,SLC6A19,solute carrier family 6 member 19,1.7664e-24,0.695,0.577
17499,340061,STING1,stimulator of interferon response cGAMP interactor 1,0.0012067,0.522,0.769
17501,340075,ARSI,arylsulfatase family member I,5.958e-15,0.656,0.615
17503,340152,ZC3H12D,zinc finger CCCH-type containing 12D,0.15589,0.682,0.5
17507,340205,TREML1,triggering receptor expressed on myeloid cells like 1,1.5671e-12,0.743,0.346
17510,340267,COL28A1,collagen type XXVIII alpha 1 chain,3.6797e-32,0.89,0.154
17511,340273,ABCB5,ATP binding cassette subfamily B member 5,1.5072e-37,0.623,0.538
17516,340419,RSPO2,R-spondin 2,0.024608,0.558,0.577
17517,340441,POTEA,POTE ankyrin domain family member A,,1,0.077
17524,340533,NEXMIF,neurite extension and migration factor,0.99968,0.659,0.385
17537,340990,OTOG,otogelin,6.6065e-37,0.805,0.231
17538,341019,DCDC1,doublecortin domain containing 1,4.7858e-08,0.931,0.115
17546,341640,FREM2,FRAS1 related extracellular matrix 2,3.5958e-11,0.566,0.577
17548,341880,SLC35F4,solute carrier family 35 member F4,0.0085933,0.931,0.038
17553,342184,FMN1,formin 1,3.5863e-18,0.686,0.423
17554,342346,C16orf96,chromosome 16 open reading frame 96,5.5816e-21,0.931,0.038
17560,342618,SLFN14,schlafen family member 14,3.5128e-09,0.931,
17571,342977,NANOS3,nanos C2HC-type zinc finger 3,0.039203,0.631,0.538
17572,343035,RD3,"retinal degeneration 3, GUCY2D regulator",2.5702e-05,0.7,0.308
17577,343263,MYBPHL,myosin binding protein H like,0.0036874,,
17584,343641,TGM6,transglutaminase 6,1.1154e-24,0.644,0.423
17588,344018,FIGLA,folliculogenesis specific bHLH transcription factor,0.0022269,0.78,0.231
17589,344148,NCKAP5,NCK associated protein 5,8.4671e-06,1,0.077
17594,344595,DUBR,DPPA2 upstream binding RNA,,0.861,0.154
17609,345193,LRIT3,"leucine rich repeat, Ig-like and transmembrane domains 3",2.0418e-11,0.716,0.115
17611,345274,SLC10A6,solute carrier family 10 member 6,4.5131e-09,0.839,0.115
17615,345611,IRGM,immunity related GTPase M,,0.617,0.538
17616,345643,MCIDAS,multiciliate differentiation and DNA synthesis associated cell cycle protein,0.013264,0.566,0.769
17620,345895,RSPH4A,radial spoke head component 4A,7.5712e-11,0.666,0.538
17622,346007,EYS,eyes shut homolog,3.7216e-41,0.631,0.538
17624,346171,ZFP57,ZFP57 zinc finger protein,0.00054557,0.65,0.577
17639,347344,ZNF81,zinc finger protein 81,0.55402,0.705,0.385
17649,347689,SOX2-OT,SOX2 overlapping transcript,,0.597,0.615
17652,347730,LRRTM1,leucine rich repeat transmembrane neuronal 1,0.5945,0.931,0.038
17654,347732,CATSPER3,cation channel sperm associated 3,7.5245e-05,,
17655,347733,TUBB2B,tubulin beta 2B class IIb,0.9884,0.61,0.385
17657,347735,SERINC2,serine incorporator 2,3.9153e-13,0.792,0.192
17661,347853,TBX10,T-box transcription factor 10,2.0686e-08,,
17672,348180,CTU2,cytosolic thiouridylase subunit 2,3.9682e-22,0.695,0.423
17687,348938,NIPAL4,NIPA like domain containing 4,0.0013718,0.682,0.423
17688,348980,HCN1,hyperpolarization activated cyclic nucleotide gated potassium channel 1,0.99989,0.564,0.654
17702,352909,DNAAF3,dynein axonemal assembly factor 3,5.5391e-08,0.599,0.731
17711,353094,RAET1M,retinoic acid early transcript 1M pseudogene,,1,0.038
17719,353144,LCE3C,late cornified envelope 3C,0.47523,0.743,0.269
17726,353238,PADI6,peptidyl arginine deiminase 6,,0.76,0.269
17733,353500,BMP8A,bone morphogenetic protein 8a,1.9786e-06,0.839,0.154
17734,353514,LILRA5,leukocyte immunoglobulin like receptor A5,7.2545e-09,0.839,0.115
17743,359948,IRF2BP2,interferon regulatory factor 2 binding protein 2,0.84558,0.641,0.5
17761,374291,NDUFS7,NADH:ubiquinone oxidoreductase core subunit S7,0.9142,0.579,0.769
17763,374354,NHLRC2,NHL repeat containing 2,8.3194e-06,0.729,0.346
17766,374393,FAM111B,family with sequence similarity 111 member B,0.098549,0.691,0.423
17767,374407,DNAJB13,DnaJ heat shock protein family (Hsp40) member B13,0.0028524,0.682,0.5
17769,374462,PTPRQ,protein tyrosine phosphatase receptor type Q,4.2188e-21,0.751,0.462
17772,374569,ASPG,asparaginase,6.1787e-13,0.559,0.654
17774,374654,KIF7,kinesin family member 7,2.2711e-22,0.528,0.731
17783,374875,HSD11B1L,hydroxysteroid 11-beta dehydrogenase 1 like,0.00027093,0.821,0.231
17801,375056,MIA3,MIA SH3 domain ER export factor 3,0.03675,0.716,0.423
17804,375190,FAM228B,family with sequence similarity 228 member B,1.8573e-07,1,0.038
17808,375298,CERKL,ceramide kinase like,9.8447e-25,0.678,0.308
17821,375611,SLC26A5,solute carrier family 26 member 5,6.9851e-08,0.666,0.615
17826,375748,ERCC6L2,ERCC excision repair 6 like 2,5.0596e-07,0.729,0.346
17827,375757,SWI5,SWI5 homologous recombination repair protein,0.0013862,1,0.077
17829,375790,AGRN,agrin,5.4727e-07,0.626,0.538
17844,378805,LINC-PINT,"long intergenic non-protein coding RNA, p53 induced transcript",,0.663,0.577
17845,378807,CATSPER4,cation channel sperm associated 4,5.7136e-11,1,0.077
17848,378884,NHLRC1,NHL repeat containing E3 ubiquitin protein ligase 1,0.094266,0.656,0.423
17849,378938,MALAT1,metastasis associated lung adenocarcinoma transcript 1,,0.435,0.846
17855,386607,ZFP91-CNTF,ZFP91-CNTF readthrough (NMD candidate),,,
17866,387036,GUSBP2,GUSB pseudogene 2,,1,0.038
17877,387129,NPSR1,neuropeptide S receptor 1,2.0518e-09,0.608,0.615
17884,387325,H1-12P,"H1.12 linker histone, cluster member pseudogene",,1,0.038
17889,387496,RASL11A,RAS like family 11 member A,1.592e-06,0.89,0.115
17903,387694,SH2D4B,SH2 domain containing 4B,6.3396e-06,0.821,0.269
17905,387700,SLC16A12,solute carrier family 16 member 12,0.49267,0.716,0.385
17907,387715,ARMS2,age-related maculopathy susceptibility 2,0.00051801,0.67,0.308
17908,387718,TEX36,testis expressed 36,0.00021489,1,0.038
17910,387733,IFITM5,interferon induced transmembrane protein 5,2.1754e-06,0.736,0.231
17940,388228,SBK1,SH3 domain binding kinase 1,0.36812,0.805,0.231
17952,388389,CCDC103,coiled-coil domain containing 103,0.00050909,0.666,0.538
17962,388551,CEACAM16,"CEA cell adhesion molecule 16, tectorial membrane component",1.5758e-05,0.805,0.192
17963,388552,BLOC1S3,biogenesis of lysosomal organelles complex 1 subunit 3,0.004077,0.729,0.385
17964,388553,BHMG1,basic helix-loop-helix and HMG-box containing 1,0.0044198,0.931,0.154
17969,388588,SMIM1,small integral membrane protein 1 (Vel blood group),0.032962,0.792,0.308
17970,388591,RNF207,ring finger protein 207,5.4736e-12,0.931,0.115
17976,388650,DIPK1A,divergent protein kinase domain 1A,0.58405,0.743,0.423
17977,388662,SLC6A17,solute carrier family 6 member 17,0.50353,0.78,0.308
17991,388939,PCARE,photoreceptor cilium actin regulator,3.0058e-18,0.674,0.346
17992,388948,LINC01118,long intergenic non-protein coding RNA 1118,1.9119e-09,0.89,0.154
17994,388962,BOLA3,bolA family member 3,0.14911,0.76,0.231
18003,389084,SNORC,secondary ossification center associated regulator of chondrocyte maturation,0.60161,0.931,0.038
18016,389207,GRXCR1,glutaredoxin and cysteine rich domain containing 1,3.9439e-11,0.861,0.115
18023,389376,SFTA2,surfactant associated 2,0.036441,0.695,0.577
18025,389400,GFRAL,GDNF family receptor alpha like,6.5227e-10,0.89,0.154
18026,389421,LIN28B,lin-28 homolog B,0.55513,0.556,0.654
18028,389434,IYD,iodotyrosine deiodinase,0.0040758,0.7,0.5
18030,389549,FEZF1,FEZ family zinc finger 1,0.95043,0.628,0.654
18040,389692,MAFA,MAF bZIP transcription factor A,0.0033727,0.751,0.269
18046,389827,MYMK,"myomaker, myoblast fusion factor",0.00017841,0.659,0.538
18048,389856,USP27X,ubiquitin specific peptidase 27 X-linked,0.92373,0.705,0.462
18057,390058,OR51B6,olfactory receptor family 51 subfamily B member 6,6.6815e-05,,
18071,390205,LRRC10B,leucine rich repeat containing 10B,0.044884,,
18088,390594,KBTBD13,kelch repeat and BTB domain containing 13,2.2574e-10,0.729,0.385
18111,391051,UOX,urate oxidase (pseudogene),,0.711,0.385
18135,392255,GDF6,growth differentiation factor 6,0.98833,0.587,0.5
18141,392617,ELFN1,extracellular leucine rich repeat and fibronectin type III domain containing 1,0.99882,0.931,0.077
18163,399715,LINC02649,long intergenic non-protein coding RNA 2649,,0.792,0.308
18165,399717,GATA3-AS1,GATA3 antisense RNA 1,,0.931,0.192
18176,399909,PCNX3,pecanex 3,0.99999,0.839,0.192
18178,399948,COLCA1,colorectal cancer associated 1,,0.78,0.154
18186,400121,LINC00547,long intergenic non-protein coding RNA 547,,,
18193,400359,LINC02694,long intergenic non-protein coding RNA 2694,0.01712,0.78,0.308
18194,400406,ADAMTS7P3,ADAMTS7 pseudogene 3,,0.931,0.077
18200,400500,BCAR4,breast cancer anti-estrogen resistance 4,,0.653,0.346
18224,400685,LINC01801,long intergenic non-protein coding RNA 1801,,,
18228,400757,C1orf141,chromosome 1 open reading frame 141,0.0032311,0.691,0.385
18231,400794,LRRC52-AS1,LRRC52 antisense RNA 1,,0.931,0.038
18233,400799,LINC01344,long intergenic non-protein coding RNA 1344,,1,0.077
18240,400916,CHCHD10,coiled-coil-helix-coiled-coil-helix domain containing 10,5.3661e-06,0.623,0.462
18241,400931,MIRLET7BHG,MIRLET7B host gene,0.10042,0.861,0.154
18248,400955,LINC01122,long intergenic non-protein coding RNA 1122,,0.821,0.269
18254,400997,ACOXL-AS1,ACOXL antisense RNA 1,,0.861,0.154
18272,401138,AMTN,amelotin,8.1348e-11,0.792,0.192
18280,401207,C5orf63,chromosome 5 open reading frame 63,0.0044611,0.89,0.077
18283,401237,CASC15,cancer susceptibility 15,,0.603,0.577
18289,401262,CRIP3,cysteine rich protein 3,0.00064839,0.805,0.308
18293,401289,LINC01624,long intergenic non-protein coding RNA 1624,,,
18306,401474,SAMD12,sterile alpha motif domain containing 12,0.0011661,0.7,0.269
18308,401491,VLDLR-AS1,VLDLR antisense RNA 1,,0.821,0.115
18313,401541,CENPP,centromere protein P,0.046312,1,0.077
18326,402117,VWC2L,von Willebrand factor C domain containing 2 like,0.1298,0.931,0.038
18345,404203,SPINK6,serine peptidase inhibitor Kazal type 6,3.5317e-07,0.76,0.385
18349,404281,YY2,YY2 transcription factor,0.40781,1,0.077
18355,404672,GTF2H5,general transcription factor IIH subunit 5,0.045238,0.556,0.769
18363,405753,DUOXA2,dual oxidase maturation factor 2,1.2666e-15,0.7,0.423
18369,406884,MIRLET7B,microRNA let-7b,,0.493,0.769
18371,406886,MIRLET7D,microRNA let-7d,,0.579,0.692
18376,406891,MIRLET7I,microRNA let-7i,,0.575,0.615
18377,406892,MIR100,microRNA 100,,0.521,0.846
18384,406900,MIR106B,microRNA 106b,,0.523,0.808
18385,406901,MIR107,microRNA 107,,0.543,0.769
18386,406902,MIR10A,microRNA 10a,,0.513,0.846
18387,406903,MIR10B,microRNA 10b,,0.509,0.808
18390,406906,MIR122,microRNA 122,,0.468,0.808
18397,406913,MIR126,microRNA 126,,0.447,0.846
18404,406920,MIR130B,microRNA 130b,,0.547,0.808
18405,406921,MIR132,microRNA 132,,0.485,0.846
18408,406924,MIR134,microRNA 134,,0.542,0.769
18411,406927,MIR136,microRNA 136,,0.584,0.731
18416,406932,MIR140,microRNA 140,,0.522,0.769
18419,406935,MIR143,microRNA 143,,0.462,0.885
18421,406937,MIR145,microRNA 145,,0.431,0.846
18422,406938,MIR146A,microRNA 146a,,0.398,0.885
18424,406940,MIR148A,microRNA 148a,,0.506,0.846
18425,406941,MIR149,microRNA 149,,0.524,0.769
18431,406947,MIR155,microRNA 155,,0.384,0.885
18436,406952,MIR17,microRNA 17,,0.459,0.846
18437,406953,MIR18A,microRNA 18a,,0.52,0.846
18440,406957,MIR181C,microRNA 181c,,0.555,0.769
18448,406965,MIR190A,microRNA 190a,,0.65,0.423
18451,406968,MIR193A,microRNA 193a,,0.541,0.731
18467,406984,MIR200B,microRNA 200b,,0.5,0.769
18468,406985,MIR200C,microRNA 200c,,0.486,0.846
18470,406987,MIR204,microRNA 204,,0.487,0.808
18471,406988,MIR205,microRNA 205,,0.482,0.846
18476,406993,MIR211,microRNA 211,,0.552,0.577
18477,406994,MIR212,microRNA 212,,0.535,0.808
18487,407004,MIR22,microRNA 22,,0.496,0.808
18488,407006,MIR221,microRNA 221,,0.449,0.846
18489,407007,MIR222,microRNA 222,,0.486,0.808
18491,407009,MIR224,microRNA 224,,0.534,0.654
18492,407010,MIR23A,microRNA 23a,,0.499,0.808
18496,407014,MIR25,microRNA 25,,0.517,0.769
18499,407017,MIR26B,microRNA 26b,,0.529,0.808
18501,407019,MIR27B,microRNA 27b,,0.529,0.769
18502,407020,MIR28,microRNA 28,,0.597,0.731
18503,407021,MIR29A,microRNA 29a,,0.459,0.808
18508,407026,MIR29C,microRNA 29c,,0.496,0.808
18509,407027,MIR301A,microRNA 301a,,0.558,0.808
18511,407029,MIR30A,microRNA 30a,,0.478,0.808
18512,407030,MIR30B,microRNA 30b,,0.555,0.808
18516,407034,MIR30E,microRNA 30e,,0.576,0.769
18519,407037,MIR320A,microRNA 320a,,0.526,0.808
18521,407040,MIR34A,microRNA 34a,,0.421,0.846
18522,407041,MIR34B,microRNA 34b,,0.509,0.808
18523,407042,MIR34C,microRNA 34c,,0.541,0.885
18531,407050,MIR93,microRNA 93,,0.507,0.808
18537,407056,MIR99B,microRNA 99b,,0.633,0.615
18538,407738,TAFA1,TAFA chemokine like family member 1,0.33119,0.931,0.038
18567,414771,DDR1-DT,DDR1 divergent transcript,,0.931,0.115
18569,414778,HCG17,HLA complex group 17,,0.769,0.346
18574,415116,PIM3,"Pim-3 proto-oncogene, serine/threonine kinase",0.98192,0.621,0.654
18606,440138,ALG11,"ALG11 alpha-1,2-mannosyltransferase",6.1729e-09,0.722,0.346
18608,440193,CCDC88C,coiled-coil domain containing 88C,3.3027e-08,0.647,0.346
18610,440275,EIF2AK4,eukaryotic translation initiation factor 2 alpha kinase 4,1.2356e-15,0.603,0.577
18612,440279,UNC13C,unc-13 homolog C,2.1692e-15,0.931,0.115
18621,440423,SUZ12P1,SUZ12 pseudogene 1,,0.89,0.115
18622,440435,GPR179,G protein-coupled receptor 179,3.228e-27,0.716,0.115
18629,440584,SLC2A1-AS1,SLC2A1 antisense RNA 1,,1,
18631,440590,ZYG11A,"zyg-11 family member A, cell cycle regulator",1.2573e-11,0.861,0.115
18635,440689,H2BC18,H2B clustered histone 18,0.004633,,
18639,440704,LINC01720,long intergenic non-protein coding RNA 1720,,1,0.038
18640,440714,LINC02869,long intergenic non-protein coding RNA 2869,0.095863,1,0.038
18647,440854,CAPN14,calpain 14,1.5664e-21,0.821,0.192
18666,441094,NR2F1-AS1,NR2F1 antisense RNA 1,,0.78,0.308
18667,441108,IRF1-AS1,IRF1 antisense RNA 1,0.0041687,0.67,0.385
18668,441151,TMEM151B,transmembrane protein 151B,0.13582,0.792,0.346
18675,441263,DTX2P1-UPK3BP1-PMS2P11,"DTX2P1-UPK3BP1-PMS2P11 readthrough, transcribed pseudogene",,,
18683,441478,NRARP,NOTCH regulated ankyrin repeat protein,0.20859,0.722,0.308
18697,442075,EMC3-AS1,EMC3 antisense RNA 1,,,
18700,442117,GALNTL6,polypeptide N-acetylgalactosaminyltransferase like 6,4.3214e-09,,
18723,442892,MIR148B,microRNA 148b,,0.592,0.692
18731,442900,MIR326,microRNA 326,,0.56,0.731
18735,442904,MIR335,microRNA 335,,0.521,0.808
18737,442906,MIR338,microRNA 338,,0.535,0.808
18744,442913,MIR376C,microRNA 376c,,0.623,0.615
18745,442914,MIR369,microRNA 369,,0.666,0.5
18765,449520,GGNBP1,gametogenetin binding protein 1 (pseudogene),0.69112,0.769,0.462
18778,474344,GIMAP6,"GTPase, IMAP family member 6",0.14212,0.931,0.115
18784,493753,COA5,cytochrome c oxidase assembly factor 5,0.018348,0.821,0.192
18790,493856,CISD2,CDGSH iron sulfur domain 2,0.41583,0.59,0.692
18808,494330,MIR381,microRNA 381,,0.584,0.654
18810,494332,MIR383,microRNA 383,,0.608,0.731
18816,494470,RNF165,ring finger protein 165,0.97194,0.89,0.269
18817,494513,PJVK,pejvakin,3.7194e-08,0.769,0.115
18824,497258,BDNF-AS,BDNF antisense RNA,,0.638,0.538
18835,503834,DPRX,divergent-paired related homeobox,2.4069e-06,,
18841,541471,MIR4435-2HG,MIR4435-2 host gene,,0.604,0.692
18842,541472,IL6-AS1,IL6 antisense RNA 1,,1,0.077
18849,550112,UBA6-AS1,UBA6 antisense RNA 1 (head to head),,0.861,0.154
18857,553103,MIR3936HG,MIR3936 host gene,,0.861,0.269
18858,553115,PEF1,penta-EF-hand domain containing 1,0.00015066,,
18859,553117,RPL39P5,ribosomal protein L39 pseudogene 5,,1,0.038
18869,554210,MIR429,microRNA 429,,0.544,0.731
18886,574034,MIR433,microRNA 433,,0.604,0.538
18887,574038,MIR431,microRNA 431,,0.621,0.577
18900,574413,MIR409,microRNA 409,,0.57,0.731
18908,574441,MIR488,microRNA 488,,0.633,0.692
18917,574451,MIR432,microRNA 432,,0.644,0.577
18918,574452,MIR494,microRNA 494,,0.531,0.692
18957,574508,MIR505,microRNA 505,,0.603,0.577
18967,594857,NPS,neuropeptide S,0.00014091,0.619,0.615
18999,619553,MIR484,microRNA 484,,0.638,0.577
19001,619555,MIR487A,microRNA 487a,,0.716,0.423
19002,619556,MIR455,microRNA 455,,0.559,0.769
19036,642659,HNRNPA1P48,heterogeneous nuclear ribonucleoprotein A1 pseudogene 48,,,
19061,643387,LOC643387,TAR DNA binding protein pseudogene,,0.839,0.115
19064,643418,LIPN,lipase family member N,3.1003e-05,0.736,0.423
19067,643586,PKMP1,pyruvate kinase M1/2 pseudogene 1,,1,0.038
19068,643623,LINC02523,long intergenic non-protein coding RNA 2523,,0.931,0.154
19073,643714,CASC16,cancer susceptibility 16,,0.78,0.308
19076,643749,TRAF3IP2-AS1,TRAF3IP2 antisense RNA 1,,0.792,0.154
19080,643853,TMPPE,transmembrane protein with metallophosphoesterase domain,0.0008517,0.821,0.192
19092,644096,SDHAF1,succinate dehydrogenase complex assembly factor 1,0.087043,0.656,0.462
19100,644192,NR2F2-AS1,NR2F2 antisense RNA 1,,0.729,0.269
19129,645104,CLRN2,clarin 2,2.0187e-06,,
19135,645323,LINC00461,long intergenic non-protein coding RNA 461,,0.736,0.423
19141,645434,LINC01625,long intergenic non-protein coding RNA 1625,,,
19155,645949,LINC01822,long intergenic non-protein coding RNA 1822,,,
19175,646576,HHIP-AS1,HHIP antisense RNA 1,,1,0.077
19194,646960,PRSS56,serine protease 56,0.00034082,0.743,0.115
19196,646982,LINC00598,long intergenic non-protein coding RNA 598,,0.743,0.192
19201,647121,EMBP1,embigin pseudogene 1,,0.839,0.269
19202,647169,GSTA12P,"glutathione S-transferase alpha 12, pseudogene",,,
19222,650669,GAS6-AS1,GAS6 antisense RNA 1,,0.861,0.154
19240,653220,XAGE1A,X antigen family member 1A,,0.743,0.192
19244,653308,ASAH2B,N-acylsphingosine amidohydrolase 2B,0.00067646,0.931,0.077
19246,653361,NCF1,neutrophil cytosolic factor 1,2.8311e-05,0.521,0.808
19256,653509,SFTPA1,surfactant protein A1,0.0003678,0.546,0.808
19283,654841,MFF-DT,MFF divergent transcript,,0.78,0.269
19289,664616,MIR487B,microRNA 487b,,0.67,0.423
19367,692312,PPAN-P2RY11,PPAN-P2RY11 readthrough,1.7244e-12,0.736,0.577
19444,693210,MIR625,microRNA 625,,0.604,0.654
19446,693212,MIR627,microRNA 627,,0.705,0.192
19468,693235,MIR92B,microRNA 92b,,0.59,0.654
19474,723961,INS-IGF2,INS-IGF2 readthrough,0.055811,0.633,0.5
19475,724022,MIR652,microRNA 652,,0.621,0.577
19483,724030,MIR660,microRNA 660,,0.666,0.615
19488,724066,ATXN8,ataxin 8,,0.743,0.269
19493,727677,CASC8,cancer susceptibility 8,,0.67,0.462
19500,727857,BHLHA9,basic helix-loop-helix family member a9,0.2959,0.644,0.269
19502,727897,MUC5B,"mucin 5B, oligomeric mucus/gel-forming",0.99999,0.532,0.808
19534,728215,FAM155A,family with sequence similarity 155 member A,0.97586,0.78,0.308
19537,728239,MAGED4,MAGE family member D4,0.32367,0.61,0.423
19542,728294,D2HGDH,D-2-hydroxyglutarate dehydrogenase,0.054343,0.691,0.5
19559,728431,LINC01137,long intergenic non-protein coding RNA 1137,,,
19564,728450,LINC00687,long intergenic non-protein coding RNA 687,,0.931,0.115
19595,728773,PABPC1P2,poly(A) binding protein cytoplasmic 1 pseudogene 2,,1,0.115
19607,728931,AMD1P3,adenosylmethionine decarboxylase 1 pseudogene 3,,1,0.038
19618,729085,GASK1A,golgi associated kinase 1A,5.7508e-16,,
19627,729238,SFTPA2,surfactant protein A2,0.0092512,0.563,0.731
19631,729262,NUTM2B,NUT family member 2B,0.020467,0.839,0.115
19646,729582,DIRC3,disrupted in renal carcinoma 3,3.4129e-07,0.78,0.308
19652,729816,DHFRP2,dihydrofolate reductase pseudogene 2,,1,0.038
19655,729852,UMAD1,UBAP1-MVB12-associated (UMA) domain containing 1,0.22503,0.931,0.154
19659,729920,CRPPA,CDP-L-ribitol pyrophosphorylase A,0.00025176,0.566,0.654
19664,729978,NPIPB2,nuclear pore complex interacting protein family member B2,2.9717e-08,,
19666,729993,SHISA9,shisa family member 9,0.87306,0.89,0.231
19671,730109,LINC01100,long intergenic non-protein coding RNA 1100,0.072755,0.861,0.192
19694,768206,PRCD,photoreceptor disc component,0.016018,0.7,0.269
19695,768211,RELL1,RELT like 1,0.95869,0.89,0.115
19705,768222,MIR770,microRNA 770,,0.705,0.462
19730,791114,PWRN1,Prader-Willi region non-protein coding RNA 1,,0.67,0.5
19745,100033413,SNORD116-1,"small nucleolar RNA, C/D box 116-1",,0.682,0.423
19756,100048912,CDKN2B-AS1,CDKN2B antisense RNA 1,,0.491,0.769
19780,100124700,HOTAIR,HOX transcript antisense RNA,,0.475,0.769
19781,100125288,ZGLP1,zinc finger GATA like protein 1,0.3868,0.512,0.808
19798,100126316,MIR873,microRNA 873,,0.601,0.538
19800,100126318,MIR301B,microRNA 301b,,0.674,0.423
19812,100126333,MIR708,microRNA 708,,0.57,0.692
19813,100126334,MIR885,microRNA 885,,0.597,0.615
19820,100126345,MIR889,microRNA 889,,0.695,0.462
19850,100128071,FAM229A,family with sequence similarity 229 member A,0.080917,1,
19853,100128081,JAZF1-AS1,JAZF1 antisense RNA 1,,1,0.115
19868,100128505,ASTN2-AS1,ASTN2 antisense RNA 1,,0.931,0.115
19869,100128537,MIR29B2CHG,MIR29B2 and MIR29C host gene,,0.839,0.192
19871,100128560,MYHAS,myosin heavy chain gene cluster antisense RNA,,0.89,0.269
19873,100128590,SLC8A1-AS1,SLC8A1 antisense RNA 1,,0.792,0.231
19897,100129060,SEMA3F-AS1,SEMA3F antisense RNA 1,,,
19905,100129195,ZSCAN16-AS1,ZSCAN16 antisense RNA 1,,0.792,0.269
19912,100129347,LINC00484,long intergenic non-protein coding RNA 484,,1,0.038
19913,100129385,C9orf92,chromosome 9 open reading frame 92,4.1133e-08,0.89,0.115
19919,100129460,DPY19L1P1,DPY19L1 pseudogene 1,,1,0.077
19934,100129696,INHCAP,inhibitor of carbonic anhydrase pseudogene,,0.89,0.231
19936,100129716,ARRDC3-AS1,ARRDC3 antisense RNA 1,,1,0.077
19938,100129772,TMPOP1,thymopoietin pseudogene 1,,1,0.115
19949,100129961,CCNT2-AS1,CCNT2 antisense RNA 1,,0.931,0.115
19954,100129995,LINC01460,long intergenic non-protein coding RNA 1460,0.21409,0.931,0.115
19972,100130311,C17orf107,chromosome 17 open reading frame 107,0.06927,0.821,0.115
20003,100130988,SPATA48,spermatogenesis associated 48,3.77e-08,0.76,0.231
20014,100131138,LINC01405,long intergenic non-protein coding RNA 1405,,0.89,0.154
20034,100131691,MZF1-AS1,MZF1 antisense RNA 1,,0.792,0.077
20038,100131801,PET100,PET100 cytochrome c oxidase chaperone,0.00035883,0.65,0.577
20039,100131814,LINC00271,long intergenic non-protein coding RNA 271,,0.769,0.192
20040,100131825,CADM3-AS1,CADM3 antisense RNA 1,,1,0.038
20044,100131953,ACTG1P22,actin gamma 1 pseudogene 22,,0.931,0.038
20050,100132116,ACTA2-AS1,ACTA2 antisense RNA 1,,0.769,0.231
20055,100132273,NDUFA6-DT,NDUFA6 divergent transcript,,1,0.038
20068,100132735,FILNC1,FOXO induced long non-coding RNA 1,,0.861,0.115
20076,100133205,LINC00240,long intergenic non-protein coding RNA 240,,0.821,0.231
20082,100133941,CD24,CD24 molecule,,0.472,0.769
20087,100134444,KCNJ18,potassium inwardly rectifying channel subfamily J member 18,,0.722,0.346
20093,100144748,KLLN,"killin, p53 regulated DNA replication inhibitor",0.0050546,0.578,0.654
20096,100151683,RNU4ATAC,"RNA, U4atac small nuclear (U12-dependent splicing)",,0.556,0.808
20144,100190939,TPT1-AS1,TPT1 antisense RNA 1,,0.821,0.115
20149,100192378,ZFHX4-AS1,ZFHX4 antisense RNA 1,,0.792,0.231
20167,100270680,CASC11,cancer susceptibility 11,,0.641,0.577
20208,100287272,USP8P1,USP8 pseudogene 1,,0.805,0.269
20220,100287722,AP4B1-AS1,AP4B1 antisense RNA 1,,0.805,0.231
20223,100287814,LINC00582,long intergenic non-protein coding RNA 582,,,
20233,100288152,SLC9A3-AS1,SLC9A3 antisense RNA 1,,0.861,0.192
20243,100288690,FAM21FP,"family with sequence similarity 21 member F, pseudogene",,,
20254,100289061,ADAMTSL4-AS2,ADAMTSL4 antisense RNA 2,,0.89,0.154
20258,100289178,GNG12-AS1,"GNG12, DIRAS3 and WLS antisense RNA 1",,0.861,0.231
20262,100289255,TMEM238L,transmembrane protein 238 like,,0.691,0.308
20298,100302129,MIR1915,microRNA 1915,,0.751,0.423
20311,100302145,MIR1247,microRNA 1247,,0.604,0.5
20374,100302250,MIR1197,microRNA 1197,,0.861,0.115
20382,100302263,MIR1908,microRNA 1908,,0.67,0.577
20414,100303453,TSNAX-DISC1,TSNAX-DISC1 readthrough (NMD candidate),,0.729,0.154
20418,100303755,PET117,PET117 cytochrome c oxidase chaperone,0.032067,0.769,0.154
20440,100313886,MIR2116,microRNA 2116,,0.931,0.154
20444,100316868,HOTTIP,HOXA distal transcript antisense RNA,,0.575,0.654
20447,100337589,FMO7P,"flavin containing dimethylaniline monoxygenase 7, pseudogene",,1,0.038
20488,100422238,CYP4F23P,"cytochrome P450 family 4 subfamily F member 23, pseudogene",,1,0.115
20612,100499183,BAALC-AS1,BAALC antisense RNA 1,,0.76,0.115
20616,100499467,LINC00673,long intergenic non-protein coding RNA 673,,0.659,0.462
20643,100500847,MIR3615,microRNA 3615,,0.821,0.115
20653,100500871,MIR3622B,microRNA 3622b,,0.805,0.077
20687,100505515,LINC01723,long intergenic non-protein coding RNA 1723,,1,0.077
20690,100505532,LINC01301,long intergenic non-protein coding RNA 1301,,1,0.038
20708,100505678,STARD4-AS1,STARD4 antisense RNA 1,,0.89,0.115
20719,100505758,PRMT5-AS1,PRMT5 antisense RNA 1,,,
20723,100505783,OSER1-DT,OSER1 divergent transcript,,0.931,0.154
20725,100505806,SNHG18,small nucleolar RNA host gene 18,,0.839,0.231
20728,100505832,PROX1-AS1,PROX1 antisense RNA 1,,0.78,0.231
20732,100505854,APTR,Alu-mediated CDKN1A/p21 transcriptional regulator,,0.931,0.077
20734,100505875,LINC01088,long intergenic non-protein coding RNA 1088,,0.821,0.308
20736,100505881,MAGI2-AS3,MAGI2 antisense RNA 3,,0.7,0.346
20738,100505894,TMEM161B-AS1,TMEM161B antisense RNA 1,,0.931,0.077
20768,100506119,LINC01503,long intergenic non-protein coding RNA 1503,,0.805,0.115
20772,100506134,TTC21B-AS1,TTC21B antisense RNA 1,,0.769,0.346
20777,100506190,LINC00963,long intergenic non-protein coding RNA 963,,0.7,0.269
20779,100506211,MIR210HG,MIR210 host gene,,0.743,0.231
20785,100506272,LINC02492,long intergenic non-protein coding RNA 2492,,1,0.077
20793,100506325,SP2-AS1,SP2 antisense RNA 1,,,
20800,100506380,LINC01006,long intergenic non-protein coding RNA 1006,,0.78,0.269
20801,100506385,LINC01426,long intergenic non-protein coding RNA 1426,,0.839,0.308
20802,100506392,SLC16A1-AS1,SLC16A1 antisense RNA 1,,,
20806,100506409,ELOVL2-AS1,ELOVL2 antisense RNA 1,,,
20812,100506457,MIR3681HG,MIR3681 host gene,,0.736,0.269
20828,100506658,OCLN,occludin,8.5583e-07,0.507,0.846
20836,100506697,LINC00327,long intergenic non-protein coding RNA 327,,1,0.077
20841,100506742,CASP12,caspase 12 (gene/pseudogene),0.00012749,0.638,0.808
20846,100506779,TSPOAP1-AS1,"TSPOAP1, SUPT4H1 and RNF43 antisense RNA 1",,0.792,0.346
20853,100506815,FOXP1-IT1,FOXP1 intronic transcript 1,,0.89,0.038
20859,100506860,LINC00513,long intergenic non-protein coding RNA 513,,0.839,0.115
20860,100506866,TTN-AS1,TTN antisense RNA 1,,0.599,0.577
20864,100506922,MAP3K2-DT,MAP3K2 divergent transcript,,0.931,0.115
20884,100507098,ADAMTS9-AS2,ADAMTS9 antisense RNA 2,,0.656,0.462
20886,100507118,PRC1-AS1,PRC1 antisense RNA 1,,0.931,0.154
20906,100507266,STX18-AS1,STX18 antisense RNA 1 (head to head),,0.89,0.154
20911,100507308,TARID,TCF21 antisense RNA inducing promoter demethylation,,0.821,0.308
20921,100507401,LRP4-AS1,LRP4 antisense RNA 1,,,
20929,100507431,LINC02551,long intergenic non-protein coding RNA 2551,,1,0.038
20931,100507436,MICA,MHC class I polypeptide-related sequence A,0.0049697,0.473,0.846
20943,100507500,EGFR-AS1,EGFR antisense RNA 1,,0.722,0.192
20947,100507521,LINC02733,long intergenic non-protein coding RNA 2733,,,
20962,100507600,LCT-AS1,LCT antisense RNA 1,,0.861,0.077
20968,100507679,MUC22,mucin 22,0.014047,0.729,0.5
20972,100526664,LY75-CD302,LY75-CD302 readthrough,7.4472e-46,0.711,0.423
20977,100526740,ATP5MF-PTCD1,ATP5MF-PTCD1 readthrough,2.9087e-14,1,0.115
20993,100526835,FPGT-TNNI3K,FPGT-TNNI3K readthrough,3.2476e-48,0.89,0.154
21000,100527963,PMF1-BGLAP,PMF1-BGLAP readthrough,1.073e-08,0.861,0.192
21003,100528007,BORCS7-ASMT,BORCS7-ASMT readthrough (NMD candidate),,0.805,0.154
21008,100528020,FAM187A,family with sequence similarity 187 member A,6.5367e-06,0.89,0.154
21020,100529097,RPL36A-HNRNPH2,RPL36A-HNRNPH2 readthrough,0.36425,0.861,0.154
21028,100529211,TMEM256-PLSCR3,TMEM256-PLSCR3 readthrough (NMD candidate),0.0059458,0.861,0.154
21037,100529261,CHURC1-FNTB,CHURC1-FNTB readthrough,5.3295e-05,,
21040,100532724,NPHP3-ACAD11,NPHP3-ACAD11 readthrough (NMD candidate),,0.663,0.577
21043,100532732,MSH5-SAPCD1,MSH5-SAPCD1 readthrough (NMD candidate),,0.76,0.423
21044,100532736,MICOS10-NBL1,MICOS10-NBL1 readthrough,0.028653,0.691,0.462
21049,100533107,RTEL1-TNFRSF6B,RTEL1-TNFRSF6B readthrough (NMD candidate),,0.682,0.385
21056,100533467,BIVM-ERCC5,BIVM-ERCC5 readthrough,1.2783e-15,0.736,0.308
21062,100533970,P2RX5-TAX1BP3,P2RX5-TAX1BP3 readthrough (NMD candidate),,0.588,0.769
21064,100533990,APOC4-APOC2,APOC4-APOC2 readthrough (NMD candidate),,0.821,0.308
21066,100534593,STX16-NPEPL1,STX16-NPEPL1 readthrough (NMD candidate),,,
21067,100534595,HNRNPUL2-BSCL2,HNRNPUL2-BSCL2 readthrough (NMD candidate),,0.78,0.192
21070,100534612,C1QTNF3-AMACR,C1QTNF3-AMACR readthrough (NMD candidate),,0.931,0.154
21092,100616135,MIR4507,microRNA 4507,,0.839,0.077
21145,100616247,MIR151B,microRNA 151b,,0.839,0.077
21151,100616259,MIR378I,microRNA 378i,,0.821,0.115
21233,100616437,MIR1343,microRNA 1343,,0.839,0.077
21266,100616530,C8orf37-AS1,C8orf37 antisense RNA 1,,0.821,0.154
21268,100628307,DIO2-AS1,DIO2 antisense RNA 1,,,
21299,100750225,PCAT1,prostate cancer associated transcript 1,,0.575,0.615
21340,100852410,ZRANB2-AS2,ZRANB2 antisense RNA 2 (head to head),,,
21346,100861412,FSBP,fibrinogen silencer binding protein,0.00070681,0.821,0.231
21370,100873065,PTCHD1-AS,PTCHD1 antisense RNA (head to head),,0.839,0.308
21444,100874175,LINC00446,long intergenic non-protein coding RNA 446,,0.805,0.077
21461,100874222,OBI1-AS1,OBI1 antisense RNA 1,,0.792,0.115
21466,100874241,STARD13-AS,STARD13 antisense RNA,,0.78,0.192
21490,100874523,HIF1AP1,HIF1AP pseudogene 1,,1,0.038
21496,100885778,NALCN-AS1,NALCN antisense RNA 1,,,
21500,100885789,IFNG-AS1,IFNG antisense RNA 1,,0.659,0.654
21521,100996338,LINC02169,long intergenic non-protein coding RNA 2169,,1,0.038
21526,100996485,C5orf66,chromosome 5 open reading frame 66,0.00052699,0.76,0.154
21548,100996928,FMC1-LUC7L2,FMC1-LUC7L2 readthrough,0.05528,1,0.077
21569,101101692,HELLPAR,HELLP associated long non-coding RNA,,0.76,0.269
21571,101101775,TMEM220-AS1,TMEM220 antisense RNA 1,,0.792,0.077
21600,101805488,CCAT2,colon cancer associated transcript 2,,0.621,0.615
21603,101867536,PRNCR1,prostate cancer associated non-coding RNA 1,,0.722,0.385
21615,101926925,LINC01358,long intergenic non-protein coding RNA 1358,,0.931,0.077
21619,101926941,SPRY4-AS1,SPRY4 antisense RNA 1,,0.89,0.192
21630,101926966,LINC01804,long intergenic non-protein coding RNA 1804,0.10066,0.931,0.115
21664,101927112,LINC01581,long intergenic non-protein coding RNA 1581,,,
21670,101927134,LINC01470,long intergenic non-protein coding RNA 1470,,0.89,0.077
21680,101927156,LINC01934,long intergenic non-protein coding RNA 1934,,0.821,0.308
21711,101927279,EP300-AS1,EP300 antisense RNA 1,,0.839,0.231
21725,101927324,LINC01475,long intergenic non-protein coding RNA 1475,,0.78,0.077
21753,101927460,LINC02240,long intergenic non-protein coding RNA 2240,,0.839,0.269
21768,101927547,ANKRD44-IT1,ANKRD44 intronic transcript 1,,0.821,0.192
21806,101927700,LINC01524,long intergenic non-protein coding RNA 1524,,0.839,0.192
21820,101927761,TH2LCRR,T helper type 2 locus control region associated RNA,,0.751,0.385
21823,101927766,LINC01847,long intergenic non-protein coding RNA 1847,,0.89,0.154
21826,101927774,LINC00824,long intergenic non-protein coding RNA 824,,0.695,0.346
21855,101927889,LINC01153,long intergenic non-protein coding RNA 1153,,,
21856,101927891,PKN2-AS1,PKN2 antisense RNA 1,,0.769,0.385
21857,101927895,EMC1-AS1,EMC1 antisense RNA 1,,0.792,0.385
21866,101927921,LINC01478,long intergenic non-protein coding RNA 1478,,1,0.077
21909,101928098,ALG14-AS1,ALG14 antisense RNA 1,,1,
21958,101928248,LINC01229,long intergenic non-protein coding RNA 1229,,0.931,0.115
21994,101928376,IL12A-AS1,IL12A antisense RNA 1,,0.633,0.654
22009,101928448,C5orf67,chromosome 5 putative open reading frame 67,0.022173,0.89,0.115
22075,101928791,LINC01147,long intergenic non-protein coding RNA 1147,,0.821,0.192
22105,101928989,MIR4300HG,MIR4300 host gene,,0.839,0.077
22111,101929010,SIRPG-AS1,SIRPG antisense RNA 1,,1,0.115
22112,101929011,LINC02702,long intergenic non-protein coding RNA 2702,,1,0.038
22117,101929052,LINC00836,long intergenic non-protein coding RNA 836,,1,
22123,101929080,LINC02292,long intergenic non-protein coding RNA 2292,,,
22128,101929095,C1QTNF7-AS1,C1QTNF7 antisense RNA 1,,1,0.038
22131,101929111,LINC01149,long intergenic non-protein coding RNA 1149,,0.792,0.346
22137,101929147,WARS2-AS1,WARS2 antisense RNA 1,,1,0.077
22142,101929163,TSBP1-AS1,TSBP1 and BTNL2 antisense RNA 1,,0.638,0.692
22181,101929328,KCNMA1-AS1,KCNMA1 antisense RNA 1,,0.705,0.654
22186,101929355,CFAP97D2,CFAP97 domain containing 2,,,
22195,101929423,MEF2C-AS1,MEF2C antisense RNA 1,,0.861,0.154
22218,101929520,LINC00993,long intergenic non-protein coding RNA 993,,0.729,0.269
22244,101929624,LINC01519,long intergenic non-protein coding RNA 1519,,,
22248,101929655,TMC3-AS1,TMC3 antisense RNA 1,,1,0.038
22249,101929660,LINC02109,long intergenic non-protein coding RNA 2109,,0.821,0.115
22250,101929663,LINC01427,long intergenic non-protein coding RNA 1427,,1,0.077
22251,101929664,HORMAD2-AS1,HORMAD2 and MTMR3 antisense RNA 1,,0.839,0.308
22255,101929680,SCN1A-AS1,SCN1A and SCN9A antisense RNA 1,,0.636,0.346
22272,101929746,ZNF341-AS1,ZNF341 antisense RNA 1,,,
22280,101929768,OSMR-AS1,OSMR antisense RNA 1 (head to head),,1,0.077
22354,102465489,MIR6815,microRNA 6815,,0.839,0.077
22382,102465534,MIR6886,microRNA 6886,,0.861,0.077
22390,102465802,MIR7704,microRNA 7704,,0.821,0.154
22477,102723165,LINC01169,long intergenic non-protein coding RNA 1169,0.0093616,1,0.077
22486,102723356,ZFPM2-AS1,ZFPM2 antisense RNA 1,,0.736,0.385
22491,102723377,CDH23-AS1,CDH23 antisense RNA 1,,0.839,0.192
22513,102723508,KANTR,KDM5C adjacent transcript,,1,0.038
22549,102723742,LINC01500,long intergenic non-protein coding RNA 1500,,0.76,0.192
22562,102723818,LINC01248,long intergenic non-protein coding RNA 1248,,,
22705,102724834,LINC02822,long intergenic non-protein coding RNA 2822,,0.89,0.038
22721,102724913,LINC01899,long intergenic non-protein coding RNA 1899,,1,0.077
22738,102725045,LINC02588,long intergenic non-protein coding RNA 2588,,1,0.115
22760,102800447,LINC01828,long intergenic non-protein coding RNA 1828,,0.89,0.115
22762,103021165,CASC19,cancer susceptibility 19,,0.769,0.423
22796,103752584,CCND2-AS1,CCND2 antisense RNA 1,,0.76,0.154
22806,104326055,APOA1-AS,APOA1 antisense RNA,,0.76,0.269
22816,104355220,LINC01219,long intergenic non-protein coding RNA 1219,,,
22827,104472715,SNHG14,small nucleolar RNA host gene 14,,0.656,0.577
22839,104909134,LINC02210-CRHR1,LINC02210-CRHR1 readthrough,,0.57,0.692
22843,105259599,H19-ICR,H19/IGF2 imprinting control region,,0.631,0.615
22915,105369563,LINC02725,long intergenic non-protein coding RNA 2725,,,
23023,105369942,LINC02456,long intergenic non-protein coding RNA 2456,,1,0.115
23132,105370498,LINC02319,long intergenic non-protein coding RNA 2319,,1,0.038
23373,105371609,LINC01681,long intergenic non-protein coding RNA 1681,,0.931,0.115
23404,105371743,SNHG30,small nucleolar RNA host gene 30,,,
23501,105372267,LINC01862,long intergenic non-protein coding RNA 1862,,0.931,0.077
23670,105373106,CNIH3-AS1,CNIH3 antisense RNA 1,,,
23882,105374266,LINC01991,long intergenic non-protein coding RNA 1991,,0.89,0.115
23938,105374540,LINC02357,long intergenic non-protein coding RNA 2357,,0.805,0.231
23986,105374749,C5orf34-AS1,C5orf34 antisense RNA 1,,,
24065,105375015,LINC02571,long intergenic non-protein coding RNA 2571,,0.743,0.5
24182,105375475,LINC02476,long intergenic non-protein coding RNA 2476,,1,0.115
24313,105376072,TMEM252-DT,TMEM252 divergent transcript,,0.931,0.038
24375,105376382,LINC02657,long intergenic non-protein coding RNA 2657,,1,0.038
24395,105376493,LINC02634,long intergenic non-protein coding RNA 2634,,1,0.038
24405,105376570,LINC02682,long intergenic non-protein coding RNA 2682,,1,0.038
24435,105376640,LINC02741,long intergenic non-protein coding RNA 2741,,,
24657,105377880,LINC01611,long intergenic non-protein coding RNA 1611,,0.931,0.154
24792,105378531,LINC02641,long intergenic non-protein coding RNA 2641,,0.931,0.077
24838,105378769,LINC01739,long intergenic non-protein coding RNA 1739,,,
24846,105378799,LINC02797,long intergenic non-protein coding RNA 2797,,0.931,0.038
24857,105378853,LINC02609,long intergenic non-protein coding RNA 2609,,,
24883,105378991,ERCC8-AS1,ERCC8 antisense RNA 1,,1,0.154
24884,105378992,LINC02057,long intergenic non-protein coding RNA 2057,,1,0.038
24973,105463123,XACT,X active specific transcript,,0.89,0.077
24982,105751187,LRP1-AS,LRP1 antisense RNA,,0.722,0.5
24983,105755953,LINC02676,long intergenic non-protein coding RNA 2676,,1,0.077
25022,106480141,RNU6-1318P,"RNA, U6 small nuclear 1318, pseudogene",,1,0.038
25072,107126360,AOX3P,"aldehyde oxidase 3, pseudogene",,1,0.077
25089,107983964,LINC02128,long intergenic non-protein coding RNA 2128,,1,0.038
25098,107984002,LINC02646,long intergenic non-protein coding RNA 2646,,1,0.077
25118,107984114,MIR583HG,MIR583 host gene,,1,
25120,107984117,LINC02058,long intergenic non-protein coding RNA 2058,,,
25172,107984337,NRXN2-AS1,NRXN2 antisense RNA 1,,0.931,0.115
25272,107984700,LINC02306,long intergenic non-protein coding RNA 2306,,0.931,0.038
25536,107986041,LINC01967,long intergenic non-protein coding RNA 1967,,0.931,0.115
25605,107986313,LINC02465,long intergenic non-protein coding RNA 2465,,0.89,0.154
25755,107986980,LINC02055,long intergenic non-protein coding RNA 2055,,0.839,0.269
25898,110175910,MIR4527HG,MIR4527 host gene,,1,0.038
25920,110806290,MYOCOS,myocilin opposite strand,,0.805,0.192
25935,111240474,CRYZL2P-SEC16B,CRYZL2P-SEC16B readthrough,,0.861,0.231
26032,112268223,CDC42-AS1,CDC42 antisense RNA 1,,,
26109,115072896,SLCO1B3-SLCO1B7,SLCO1B3-SLCO1B7 readthrough,,0.839,0.077
26116,115482690,H2BP5,H2B histone pseudogene 5,,0.89,0.154
26136,115804232,CEROX1,cytoplasmic endogenous regulator of oxidative phosphorylation 1,,,
